name,id,role,code,database,network,graphic,email,internal,pm,multimedia,classified,social
Aaden,1,Software Engineer,65,8,6,0,3,1,2,8,1,1
Oscar,2,Software Engineer,48,10,1,11,9,16,3,1,1,0
Aarav,3,Software Engineer,47,16,13,1,6,3,1,13,0,0
Amber,4,Software Engineer,43,18,7,8,11,11,2,0,0,0
Aaron,5,Software Engineer,67,8,8,5,0,5,0,3,4,0
Aayan,6,Software Engineer,40,16,15,2,1,1,15,2,7,1
Abbie,7,Software Engineer,47,17,3,9,7,2,5,2,7,0
Abdul,8,Software Engineer,71,6,5,2,6,4,6,0,0,0
Abner,9,Software Engineer,64,7,6,0,7,4,1,3,1,1
Abram,10,Software Engineer,59,8,13,4,1,6,6,2,0,1
Adams,11,Software Engineer,62,10,11,0,4,7,3,2,1,0
Addie,12,Software Engineer,65,7,7,5,3,6,7,0,0,0
Adlai,13,Software Engineer,41,14,5,1,5,31,2,1,0,0
Adolf,14,Software Engineer,71,6,1,2,9,5,4,2,0,0
Adron,15,Software Engineer,54,11,5,1,6,19,1,0,0,1
Aedan,16,Software Engineer,44,12,11,2,3,1,7,4,7,2
Agnes,17,Software Engineer,51,10,0,4,12,17,0,5,0,1
Ahmad,18,Software Engineer,52,10,14,1,8,13,1,1,0,0
Ahmed,19,Software Engineer,43,15,0,8,2,30,0,1,0,0
Ahmir,20,Software Engineer,50,15,5,0,6,7,5,4,5,0
Aidan,21,Software Engineer,72,6,2,3,2,3,5,7,0,0
Aiden,22,Software Engineer,46,15,15,5,8,9,0,2,0,0
Aidyn,23,Software Engineer,58,12,3,3,10,3,9,0,2,0
Akeem,24,Software Engineer,36,11,13,4,3,16,9,2,4,2
Akira,25,Software Engineer,40,16,16,3,6,1,7,11,0,0
Albin,26,Software Engineer,55,14,9,0,5,6,3,2,3,0
Alcee,27,Software Engineer,48,12,2,7,8,6,7,3,3,1
Alden,28,Software Engineer,40,20,18,0,10,3,6,1,0,0
Aleck,29,Software Engineer,55,11,5,1,4,17,4,0,3,0
Alfie,30,Software Engineer,45,13,12,8,7,2,8,2,0,1
Alger,31,Software Engineer,46,18,8,7,3,0,11,6,1,0
Algie,32,Software Engineer,59,13,2,3,1,6,3,3,9,1
Algot,33,Software Engineer,63,11,9,2,3,0,2,3,0,1
Alice,34,Software Engineer,66,8,12,3,4,3,0,1,1,0
Allan,35,Software Engineer,51,15,11,7,0,11,5,0,0,0
Allen,36,Software Engineer,66,6,7,3,7,2,7,0,2,0
Allie,37,Software Engineer,44,11,9,11,9,6,1,4,3,2
Allyn,38,Software Engineer,49,11,14,1,5,4,1,10,1,0
Almer,39,Software Engineer,67,7,5,4,6,2,4,2,3,0
Almon,40,Software Engineer,61,8,1,2,0,24,0,0,3,1
Almus,41,Software Engineer,42,14,19,5,0,17,3,0,0,0
Alois,42,Software Engineer,57,14,4,5,7,9,0,1,2,1
Aloys,43,Software Engineer,67,8,0,3,8,12,2,0,0,0
Alpha,44,Software Engineer,67,6,12,2,3,6,2,2,0,0
Alton,45,Software Engineer,44,17,9,8,1,4,8,4,3,2
Alvah,46,Software Engineer,54,13,15,3,3,5,1,4,0,2
Alvan,47,Software Engineer,43,16,13,4,9,0,6,3,5,1
Alver,48,Software Engineer,61,11,12,0,5,9,2,0,0,0
Alvia,49,Software Engineer,69,6,7,1,5,5,6,1,0,0
Alvie,50,Software Engineer,50,14,15,5,1,0,2,9,4,0
Alvin,51,Software Engineer,44,14,3,2,10,19,5,1,1,1
Alvis,52,Software Engineer,72,6,1,4,0,8,0,0,6,3
Alwin,53,Software Engineer,41,11,23,4,3,3,0,3,11,1
Amado,54,Software Engineer,47,12,16,2,1,11,10,0,0,1
Amare,55,Software Engineer,62,12,1,0,9,5,7,1,3,0
Amari,56,Software Engineer,62,10,11,5,1,4,4,2,1,0
Amasa,57,Software Engineer,69,7,0,1,5,6,5,4,1,0
Ameer,58,Software Engineer,56,8,3,9,0,10,3,4,1,6
Amias,59,Software Engineer,52,16,2,2,0,8,7,2,10,0
Ammon,60,Software Engineer,55,10,16,3,2,6,0,7,0,0
Ancel,61,Software Engineer,71,7,9,3,0,2,8,0,0,0
Ancil,62,Software Engineer,65,7,11,0,0,12,4,0,0,1
Andon,63,Software Engineer,44,15,5,4,15,3,10,0,4,0
Andra,64,Software Engineer,44,13,8,11,8,8,0,1,0,2
Andre,65,Software Engineer,67,6,8,0,7,6,6,0,0,0
Angel,66,Software Engineer,71,5,2,1,3,9,7,1,1,0
Angus,67,Software Engineer,70,6,4,6,0,5,4,2,3,0
Annie,68,Software Engineer,66,10,9,2,2,9,2,0,0,0
Ansel,69,Software Engineer,64,7,2,1,9,1,12,0,3,0
Anson,70,Software Engineer,41,12,15,0,7,8,5,9,3,0
Anton,71,Software Engineer,47,12,10,7,7,13,0,3,1,0
Anwar,72,Software Engineer,62,11,10,2,1,8,3,2,0,0
Arbie,73,Software Engineer,64,7,13,0,5,1,0,6,2,1
Arden,74,Software Engineer,43,15,15,4,7,10,2,0,3,1
Arian,75,Software Engineer,48,12,6,10,8,10,0,5,1,0
Ariel,76,Software Engineer,70,6,4,5,4,2,2,7,0,0
Aries,77,Software Engineer,56,12,14,3,4,2,4,2,1,0
Arjun,78,Software Engineer,65,7,0,0,7,8,8,2,0,2
Arlan,79,Software Engineer,58,10,9,0,6,14,1,0,0,1
Arlen,80,Software Engineer,57,11,10,6,0,13,0,1,2,0
Arley,81,Software Engineer,67,8,8,2,4,8,2,0,0,0
Arlie,82,Software Engineer,67,6,2,4,7,10,0,3,0,1
Arlin,83,Software Engineer,64,12,4,2,3,8,4,0,3,0
Arlis,84,Software Engineer,44,19,5,6,2,18,2,0,2,1
Arlyn,85,Software Engineer,42,13,21,4,5,12,0,1,1,0
Arman,86,Software Engineer,45,11,6,4,5,7,1,5,6,10
Armin,87,Software Engineer,43,18,10,3,0,7,3,15,1,0
Arnav,88,Software Engineer,60,8,12,3,6,3,4,3,1,0
Arnie,89,Software Engineer,44,12,4,12,0,19,5,1,3,0
Arron,90,Software Engineer,61,9,14,2,0,3,9,0,2,0
Artie,91,Software Engineer,45,24,9,1,8,2,1,6,3,1
Artis,92,Software Engineer,59,13,4,1,2,11,10,0,0,0
Arvel,93,Software Engineer,68,6,7,4,5,8,0,1,0,0
Arvid,94,Software Engineer,67,9,1,4,5,12,2,0,0,0
Arvil,95,Software Engineer,40,23,11,3,8,4,2,4,5,0
Arvin,96,Software Engineer,33,10,9,0,3,12,9,13,10,1
Aryan,97,Software Engineer,5,10,12,0,9,27,6,1,27,3
Ashby,98,Software Engineer,41,18,11,1,7,4,2,7,8,1
Asher,99,Software Engineer,55,12,3,2,6,5,5,6,4,1
Atlas,100,Software Engineer,68,7,2,2,6,10,3,1,0,1
Aubra,101,Software Engineer,24,6,0,0,2,20,1,1,46,0
Audie,102,Software Engineer,50,11,7,10,9,1,8,2,0,1
Autry,103,Software Engineer,59,10,7,2,1,2,18,0,0,1
Avery,104,Software Engineer,40,16,19,2,8,11,0,3,1,0
Axton,105,Software Engineer,40,16,6,1,11,10,16,0,0,0
Ayaan,106,Software Engineer,52,11,3,4,14,8,3,0,2,3
Aydan,107,Software Engineer,50,11,9,4,0,16,3,3,4,0
Ayden,108,Software Engineer,51,10,10,7,3,10,5,1,3,0
Aydin,109,Software Engineer,54,13,4,3,6,16,4,0,0,0
Aziel,110,Software Engineer,35,4,10,4,12,9,3,4,10,9
Baker,111,Software Engineer,61,9,4,2,9,10,3,2,0,0
Banks,112,Software Engineer,46,10,19,2,7,3,1,10,2,0
Baron,113,Software Engineer,66,7,2,0,0,23,2,0,0,0
Barry,114,Software Engineer,66,10,11,2,3,0,7,0,0,0
Basil,115,Software Engineer,63,8,9,1,7,3,6,0,1,0
Benji,116,Software Engineer,45,13,4,8,13,14,2,0,0,1
Benny,117,Software Engineer,69,8,6,1,6,4,0,2,1,0
Berry,118,Software Engineer,54,12,16,1,4,10,0,3,0,0
Beryl,119,Software Engineer,73,5,9,0,5,1,3,2,2,0
Betty,120,Software Engineer,67,8,2,2,2,2,9,0,5,2
Bilal,121,Software Engineer,52,14,13,3,2,12,2,2,0,0
Billy,122,Software Engineer,43,11,1,12,14,4,7,7,1,0
Bjorn,123,Software Engineer,56,15,2,6,3,10,6,1,0,0
Blain,124,Software Engineer,63,9,4,4,9,0,1,9,0,1
Blair,125,Software Engineer,48,11,12,6,7,4,7,0,5,0
Blake,126,Software Engineer,51,12,1,8,7,4,13,2,1,0
Blane,127,Software Engineer,43,12,3,9,9,2,6,10,0,1
Blaze,128,Software Engineer,57,11,15,5,4,0,2,1,3,0
Bliss,129,Software Engineer,58,9,1,1,0,13,7,11,0,0
Bobby,130,Software Engineer,57,14,0,1,8,4,13,1,1,1
Boden,131,Software Engineer,60,13,2,7,5,10,0,1,1,0
Bodhi,132,Software Engineer,52,10,6,1,14,13,2,2,0,0
Bodie,133,Software Engineer,68,6,2,3,2,1,5,10,0,1
Boone,134,Software Engineer,59,9,2,4,1,8,9,1,1,0
Boris,135,Software Engineer,43,14,11,5,6,17,0,0,2,2
Bowen,136,Software Engineer,43,16,10,5,12,11,0,2,1,0
Bowie,137,Software Engineer,55,12,11,4,6,10,2,0,0,0
Boyce,138,Software Engineer,66,8,6,5,4,6,5,0,0,0
Brady,139,Software Engineer,51,17,14,1,5,2,6,4,0,0
Brain,140,Software Engineer,40,12,14,5,11,6,12,0,0,0
Brant,141,Software Engineer,56,9,12,4,0,17,2,0,0,0
Brent,142,Software Engineer,61,8,14,2,0,8,0,4,3,0
Brett,143,Software Engineer,51,12,17,2,2,10,6,0,0,0
Brian,144,Software Engineer,65,9,1,7,1,9,7,0,0,1
Briar,145,Software Engineer,42,14,11,1,11,14,5,0,2,0
Brice,146,Software Engineer,73,5,9,3,4,0,3,3,0,0
Brien,147,Software Engineer,63,8,3,2,9,11,4,0,0,0
Brion,148,Software Engineer,59,8,10,1,9,11,0,1,1,0
Britt,149,Software Engineer,69,6,4,4,2,3,10,1,1,0
Brock,150,Software Engineer,69,9,2,6,4,2,8,0,0,0
Brody,151,Software Engineer,56,8,2,10,3,13,7,1,0,0
Brook,152,Software Engineer,59,11,9,5,7,4,4,0,0,0
Brown,153,Software Engineer,59,9,13,4,3,8,0,2,2,0
Bruce,154,Software Engineer,69,6,7,4,5,3,5,0,1,0
Bruno,155,Software Engineer,50,13,4,3,5,12,5,7,1,0
Bryan,156,Software Engineer,44,18,0,2,16,5,5,7,3,0
Bryce,157,Software Engineer,52,12,11,0,1,20,1,1,2,0
Bryon,158,Software Engineer,46,18,15,3,0,9,5,1,2,0
Buddy,159,Software Engineer,45,17,14,3,4,8,6,1,2,0
Buell,160,Software Engineer,48,11,0,11,6,11,12,1,0,0
Buren,161,Software Engineer,41,12,4,7,17,17,2,0,0,0
Burke,162,Software Engineer,15,6,0,0,2,29,2,2,44,0
Burns,163,Software Engineer,63,7,5,0,11,8,1,2,3,0
Butch,164,Software Engineer,64,12,3,6,2,2,2,7,0,2
Bynum,165,Software Engineer,52,12,5,4,0,10,17,0,0,0
Byron,166,Software Engineer,60,11,3,8,1,2,7,6,2,0
Caden,167,Software Engineer,57,10,10,3,7,10,3,0,0,0
Cairo,168,Software Engineer,40,20,4,0,17,1,4,9,5,0
Caleb,169,Software Engineer,41,12,9,12,0,19,7,0,0,0
Calum,170,Software Engineer,57,9,7,5,0,19,1,2,0,0
Carey,171,Software Engineer,40,18,13,2,6,12,2,1,1,5
Carlo,172,Software Engineer,56,10,8,4,10,9,1,2,0,0
Carol,173,Software Engineer,44,11,10,2,8,9,5,6,1,1
Casen,174,Software Engineer,68,7,10,1,2,10,0,2,0,0
Casey,175,Software Engineer,40,12,3,5,19,1,2,9,5,2
Cason,176,Software Engineer,57,12,14,1,0,2,3,10,1,0
Cecil,177,Software Engineer,41,17,17,2,6,9,8,0,0,0
Cesar,178,Software Engineer,60,10,11,5,3,2,7,2,0,0
Chace,179,Software Engineer,66,6,6,2,8,5,6,0,1,0
Chadd,180,Software Engineer,42,12,9,8,11,6,11,0,0,0
Chaim,181,Software Engineer,52,13,15,4,3,8,1,3,1,0
Champ,182,Software Engineer,70,9,1,2,0,4,2,12,0,0
Chase,183,Software Engineer,57,15,0,4,4,12,4,3,1,0
Chevy,184,Software Engineer,48,10,16,3,8,2,2,10,0,1
Chris,185,Software Engineer,46,10,7,11,11,4,3,7,1,0
Chuck,186,Software Engineer,65,6,6,5,2,14,0,2,0,0
Clabe,187,Software Engineer,55,9,16,0,0,8,9,3,0,0
Clair,188,Software Engineer,71,5,1,0,5,8,3,0,7,0
Clara,189,Software Engineer,24,14,3,1,9,13,2,1,30,3
Clare,190,Software Engineer,14,18,0,0,0,21,0,0,46,1
Clark,191,Software Engineer,46,14,7,1,1,21,9,1,0,0
Claud,192,Software Engineer,59,8,12,6,6,4,2,2,0,0
Claus,193,Software Engineer,41,17,0,0,5,31,2,0,0,4
Clell,194,Software Engineer,57,12,0,6,6,9,0,0,0,8
Cleon,195,Software Engineer,41,11,2,12,11,20,2,0,1,0
Cleve,196,Software Engineer,42,20,13,0,1,8,8,7,0,0
Clide,197,Software Engineer,59,10,6,4,6,3,12,0,0,0
Cliff,198,Software Engineer,49,10,3,10,12,6,5,1,2,2
Clint,199,Software Engineer,52,10,1,2,4,18,0,10,0,0
Clive,200,Software Engineer,53,11,2,2,14,5,7,6,0,0
Cloyd,201,Software Engineer,40,20,0,10,10,5,7,2,1,4
Clyde,202,Software Engineer,65,10,3,0,7,11,0,1,3,0
Codey,203,Software Engineer,61,8,8,1,5,10,2,2,1,2
Codie,204,Software Engineer,65,7,5,1,5,8,0,8,0,0
Cohen,205,Software Engineer,72,8,0,3,1,6,9,0,0,0
Colby,206,Software Engineer,66,7,7,0,3,0,12,5,0,0
Coley,207,Software Engineer,70,8,8,0,2,6,2,1,1,0
Colie,208,Software Engineer,46,12,19,3,4,8,3,3,0,2
Colin,209,Software Engineer,71,7,8,4,4,0,3,1,1,0
Colon,210,Software Engineer,53,12,8,6,7,7,3,1,2,0
Conor,211,Software Engineer,65,11,7,4,2,6,1,4,0,0
Corey,212,Software Engineer,60,13,2,2,1,4,10,4,3,1
Corry,213,Software Engineer,67,8,7,0,2,0,15,1,0,0
Cosmo,214,Software Engineer,69,7,4,4,2,3,3,3,1,0
Craig,215,Software Engineer,53,15,0,5,5,2,2,12,1,2
Creed,216,Software Engineer,73,5,2,4,3,8,1,1,2,0
Cyril,217,Software Engineer,50,10,15,5,8,3,0,1,6,0
Cyrus,218,Software Engineer,66,8,5,5,1,10,3,2,0,0
Daisy,219,Software Engineer,55,9,5,7,5,3,8,4,0,4
Damon,220,Software Engineer,58,8,1,7,12,5,9,0,0,0
Danny,221,Software Engineer,60,8,7,7,2,6,10,0,0,0
Dante,222,Software Engineer,63,7,9,3,7,0,4,5,0,1
Darby,223,Intelligence Officer,0,4,9,1,5,15,8,13,42,3
Darcy,224,Intelligence Officer,1,5,0,1,11,4,18,2,56,2
Daren,225,Intelligence Officer,5,12,3,6,6,6,15,7,40,0
Darin,226,Intelligence Officer,0,3,3,4,6,13,7,2,34,28
Dario,227,Intelligence Officer,1,5,2,0,7,40,3,3,38,1
Daron,228,Intelligence Officer,0,10,0,0,11,33,10,1,35,0
Darry,229,Intelligence Officer,0,1,2,0,9,35,11,2,35,5
Daryl,230,Intelligence Officer,0,2,3,1,5,19,13,0,55,2
Daryn,231,Intelligence Officer,1,1,2,3,10,22,0,2,57,2
Davey,232,Intelligence Officer,0,3,1,1,3,21,34,0,31,6
David,233,Intelligence Officer,2,11,3,0,20,0,17,3,44,0
Davie,234,Intelligence Officer,0,3,0,0,1,27,16,0,52,1
Davin,235,Intelligence Officer,1,4,0,0,12,38,7,1,32,5
Davis,236,Intelligence Officer,0,4,0,0,23,1,40,0,31,1
Davon,237,Intelligence Officer,0,15,8,3,20,6,5,2,37,4
Dayne,238,Intelligence Officer,0,9,0,0,13,19,23,1,33,2
Deane,239,Intelligence Officer,0,21,8,1,16,13,2,0,30,9
Debra,240,Intelligence Officer,0,3,1,1,9,21,9,2,53,1
Deion,241,Intelligence Officer,0,11,4,4,17,15,2,3,34,10
Dejon,242,Intelligence Officer,0,5,9,4,9,9,4,5,53,2
Della,243,Intelligence Officer,0,19,0,0,7,7,16,2,46,3
Delos,244,Intelligence Officer,3,12,9,5,12,9,2,3,43,2
Denis,245,Intelligence Officer,3,1,4,1,5,19,1,6,59,1
Denny,246,Intelligence Officer,0,14,1,0,8,11,13,1,49,3
Derek,247,Intelligence Officer,0,23,0,1,6,23,16,0,30,1
Deric,248,Intelligence Officer,0,2,5,2,3,41,6,1,34,6
Derik,249,Intelligence Officer,1,8,2,0,3,17,7,2,60,0
Deron,250,Intelligence Officer,0,4,0,5,14,18,4,14,39,2
Deryl,251,Intelligence Officer,0,6,3,3,5,0,20,9,54,0
Devan,252,Intelligence Officer,0,23,1,2,10,4,9,1,49,1
Deven,253,Intelligence Officer,1,23,2,1,11,6,1,5,42,8
Devin,254,Intelligence Officer,0,23,0,0,14,5,22,1,34,1
Devon,255,Intelligence Officer,0,5,0,0,3,41,14,0,37,0
Devyn,256,Intelligence Officer,0,18,3,3,9,0,8,3,55,1
Dewey,257,Intelligence Officer,0,2,0,0,1,18,24,1,53,1
Dhruv,258,Intelligence Officer,0,20,0,0,8,7,15,0,50,0
Diane,259,Intelligence Officer,0,0,2,4,0,45,12,1,32,4
Diego,260,Intelligence Officer,0,21,5,2,1,17,9,3,40,2
Dijon,261,Intelligence Officer,0,18,1,2,5,33,5,5,30,1
Dilan,262,Intelligence Officer,0,17,0,3,9,13,9,6,41,2
Dixie,263,Intelligence Officer,0,0,2,2,0,7,23,3,49,14
Dixon,264,Intelligence Officer,1,12,1,0,7,19,2,2,55,1
Dolph,265,Intelligence Officer,0,4,4,2,30,2,22,1,34,1
Donal,266,Intelligence Officer,0,6,0,0,7,22,8,1,55,1
Donat,267,Intelligence Officer,4,13,2,2,10,15,4,5,41,4
Donna,268,Intelligence Officer,0,7,1,2,2,21,6,0,59,2
Donny,269,Intelligence Officer,0,8,1,2,6,30,4,0,47,2
Donta,270,Intelligence Officer,0,5,7,5,0,25,16,2,36,4
Donte,271,Intelligence Officer,0,11,0,0,5,16,15,0,53,0
Doris,272,Intelligence Officer,0,11,0,0,5,23,5,0,55,1
Doyle,273,Intelligence Officer,2,16,5,1,18,9,8,2,39,0
Drake,274,Intelligence Officer,1,1,10,6,1,18,15,3,43,2
Drury,275,Intelligence Officer,0,32,0,0,17,2,14,1,30,4
Duane,276,Intelligence Officer,0,18,3,1,6,16,5,4,46,1
Duard,277,Intelligence Officer,0,16,2,2,6,21,11,3,36,3
Dusty,278,Intelligence Officer,0,2,0,0,2,24,13,0,58,1
Dwain,279,Intelligence Officer,1,11,0,4,2,3,16,1,59,3
Dwane,280,Intelligence Officer,0,0,5,5,6,29,4,4,45,2
Dylan,281,Intelligence Officer,0,10,0,1,2,34,8,1,44,0
Dylon,282,Intelligence Officer,0,2,1,2,1,25,25,3,41,0
Earle,283,Intelligence Officer,1,13,1,1,0,19,26,1,32,6
Early,284,Intelligence Officer,0,7,0,1,9,18,24,0,39,2
Eason,285,Intelligence Officer,0,1,1,7,19,19,2,13,37,1
Ebbie,286,Intelligence Officer,0,7,5,4,18,2,2,6,55,1
Ebert,287,Intelligence Officer,1,5,1,1,1,45,6,7,32,1
Eddie,288,Intelligence Officer,3,12,2,1,6,1,11,10,50,4
Edgar,289,Intelligence Officer,2,5,1,6,14,16,3,2,44,7
Edith,290,Intelligence Officer,0,0,11,1,2,32,10,2,32,10
Edmon,291,Intelligence Officer,0,7,0,2,2,17,40,1,30,1
Edsel,292,Intelligence Officer,0,3,3,0,17,1,13,3,58,2
Edson,293,Intelligence Officer,0,1,1,0,0,2,36,0,59,1
Edwin,294,Intelligence Officer,0,9,6,0,1,17,3,6,57,1
Effie,295,Intelligence Officer,2,15,7,2,18,1,10,3,41,1
Efrem,296,Intelligence Officer,0,4,0,1,7,12,22,1,51,2
Efren,297,Intelligence Officer,0,5,1,0,9,24,12,1,48,0
Einar,298,Intelligence Officer,0,1,1,0,10,24,8,0,55,1
Elden,299,Intelligence Officer,7,9,4,5,16,6,1,15,37,0
Elder,300,Intelligence Officer,0,11,2,3,3,33,6,2,38,2
Eldon,301,Intelligence Officer,0,0,0,5,9,12,14,2,54,4
Elgie,302,Intelligence Officer,4,0,16,1,7,5,6,8,49,4
Elgin,303,Intelligence Officer,0,4,0,0,4,40,11,2,39,0
Elian,304,Intelligence Officer,2,3,5,0,5,28,7,3,47,0
Elias,305,Intelligence Officer,0,12,1,0,1,4,27,1,54,0
Elick,306,Intelligence Officer,0,10,0,1,17,2,26,1,40,3
Eliel,307,Intelligence Officer,1,9,3,4,2,7,14,5,54,1
Eliga,308,Intelligence Officer,1,8,5,7,0,5,3,7,57,7
Elige,309,Intelligence Officer,0,6,3,2,7,42,4,0,31,5
Elihu,310,Intelligence Officer,1,11,4,2,11,1,19,1,50,0
Eliot,311,Intelligence Officer,0,6,0,0,9,32,11,0,39,3
Eliza,312,Intelligence Officer,0,13,1,1,2,44,3,1,30,5
Ellen,313,Intelligence Officer,1,2,1,2,7,31,0,2,53,1
Ellie,314,Intelligence Officer,0,16,1,2,6,11,5,0,57,2
Ellis,315,Intelligence Officer,0,3,0,0,3,11,29,1,53,0
Elmer,316,Intelligence Officer,0,16,0,5,7,14,1,5,51,1
Elroy,317,Intelligence Officer,0,9,4,2,6,45,0,1,31,2
Elsie,318,Intelligence Officer,1,9,0,2,2,36,5,2,43,0
Elton,319,Intelligence Officer,1,0,0,4,13,17,5,1,57,2
Elvie,320,Intelligence Officer,2,26,4,0,11,11,6,2,37,1
Elvin,321,Intelligence Officer,0,9,3,1,0,23,5,0,57,2
Elvis,322,Intelligence Officer,3,6,2,6,5,8,2,5,57,6
Elwin,323,Intelligence Officer,0,9,1,2,1,36,10,0,39,2
Elwyn,324,Intelligence Officer,0,13,1,1,6,14,5,1,59,0
Elzie,325,Intelligence Officer,0,19,0,4,5,6,10,1,52,3
Emery,326,Intelligence Officer,0,20,2,5,2,17,9,1,39,5
Emett,327,Intelligence Officer,0,5,0,0,1,3,41,2,46,2
Emile,328,Intelligence Officer,0,6,0,6,11,7,6,7,57,0
Emmet,329,Intelligence Officer,0,16,2,1,14,10,6,5,44,2
Emmit,330,Intelligence Officer,1,14,1,4,1,10,2,1,60,6
Emory,331,Intelligence Officer,2,2,1,0,20,14,7,11,41,2
Ennis,332,Intelligence Officer,1,20,3,2,3,15,25,1,30,0
Enoch,333,Intelligence Officer,0,9,2,7,15,5,0,6,55,1
Erich,334,Intelligence Officer,0,3,1,2,12,30,5,3,43,1
Erick,335,Intelligence Officer,0,17,1,1,6,5,33,1,36,0
Ernie,336,Intelligence Officer,0,12,2,0,5,15,4,1,60,1
Ernst,337,Intelligence Officer,42,1,0,13,4,5,1,8,25,1
Errol,338,Intelligence Officer,0,9,0,0,3,16,13,0,59,0
Ervin,339,Intelligence Officer,0,6,1,0,3,32,12,1,45,0
Erwin,340,Intelligence Officer,0,7,1,0,5,25,11,1,48,2
Esker,341,Intelligence Officer,1,8,3,0,6,27,10,1,39,5
Esley,342,Intelligence Officer,1,7,3,0,2,27,0,4,56,0
Essex,343,Intelligence Officer,0,12,2,3,0,25,4,2,51,1
Essie,344,Intelligence Officer,1,15,3,0,5,32,5,2,37,0
Estel,345,Intelligence Officer,0,2,5,0,12,24,11,0,41,5
Ester,346,Intelligence Officer,0,7,2,0,5,37,5,1,42,1
Estes,347,Intelligence Officer,0,5,0,2,3,30,1,3,54,2
Eston,348,Intelligence Officer,0,14,0,1,4,16,17,0,47,1
Ethan,349,Intelligence Officer,0,1,0,0,9,14,22,2,51,1
Ethel,350,Intelligence Officer,7,1,1,1,19,20,3,8,40,0
Ethen,351,Intelligence Officer,0,3,3,6,15,23,1,14,33,2
Evans,352,Intelligence Officer,0,13,0,0,4,40,11,0,32,0
Evert,353,Intelligence Officer,2,7,7,14,6,1,2,11,48,2
Ewald,354,Intelligence Officer,0,12,0,1,7,29,3,0,44,4
Ewart,355,Intelligence Officer,0,5,4,3,6,4,30,1,44,3
Ewell,356,Intelligence Officer,2,22,0,1,10,5,18,7,31,4
Ewing,357,Project Manager,4,0,0,2,1,3,76,0,1,7
Ezell,358,Project Manager,4,1,1,0,11,11,65,1,1,3
Faron,359,Project Manager,0,1,0,0,7,8,80,0,2,1
Felix,360,Project Manager,0,0,0,1,4,16,68,0,5,5
Fidel,361,Project Manager,0,0,0,0,12,9,66,1,3,8
Finis,362,Project Manager,0,0,0,0,0,10,79,3,0,8
Fleet,363,Project Manager,0,1,0,1,4,24,56,7,2,4
Flint,364,Project Manager,0,0,0,0,8,9,74,2,3,4
Flora,365,Project Manager,0,0,2,2,0,8,55,11,8,10
Floyd,366,Project Manager,0,0,0,0,6,29,59,1,3,2
Flynn,367,Project Manager,0,1,0,0,14,21,56,3,2,1
Fount,368,Project Manager,0,0,0,1,2,14,63,2,5,12
Frank,369,Project Manager,0,0,0,0,13,26,53,1,3,3
Franz,370,Project Manager,1,0,1,0,0,13,72,4,4,4
Fredy,371,Project Manager,5,2,1,10,7,9,60,3,1,0
Fritz,372,Project Manager,0,0,0,0,5,15,76,0,2,2
Gaige,373,Project Manager,28,8,8,2,0,3,42,2,5,0
Galen,374,Project Manager,2,1,3,10,9,9,55,0,4,1
Garey,375,Project Manager,1,0,1,4,5,10,60,7,2,7
Garry,376,Project Manager,0,0,0,1,9,20,59,2,5,3
Garth,377,Project Manager,0,0,0,0,7,18,52,6,5,12
Gauge,378,Project Manager,2,0,0,2,0,7,77,6,1,0
Gaven,379,Project Manager,4,0,0,0,5,16,68,2,1,0
Gavin,380,Project Manager,0,0,1,2,3,7,68,1,2,15
Gavyn,381,Project Manager,0,0,0,0,15,6,64,2,1,12
Gayle,382,Project Manager,0,0,0,0,2,17,80,0,1,0
Geary,383,Project Manager,0,1,1,1,0,6,80,4,4,2
Genie,384,Project Manager,1,0,0,1,4,10,74,2,4,3
Geoff,385,Project Manager,0,0,0,0,3,26,50,9,2,9
Gerry,386,Project Manager,0,0,0,0,4,9,74,5,2,6
Giles,387,Project Manager,0,0,0,0,10,31,56,0,0,3
Glenn,388,Project Manager,34,4,2,0,5,1,49,2,0,2
Glynn,389,Project Manager,0,0,0,1,8,0,78,3,2,7
Gorge,390,Project Manager,0,0,0,0,16,13,68,0,2,1
Grace,391,Project Manager,27,2,3,1,2,0,59,3,0,2
Grady,392,Project Manager,0,1,1,1,8,4,80,0,1,1
Grant,393,Project Manager,0,0,0,0,1,40,54,0,0,5
Green,394,Project Manager,0,0,1,0,9,12,61,7,2,7
Gregg,395,Project Manager,0,0,0,0,10,12,71,1,3,2
Grove,396,Project Manager,0,0,0,0,15,1,66,5,1,11
Guido,397,Project Manager,3,0,0,0,7,12,74,0,0,1
Haden,398,Project Manager,1,1,0,4,4,0,68,8,4,8
Hakim,399,Project Manager,0,1,0,3,15,13,52,5,0,6
Hamza,400,Project Manager,0,0,0,0,14,15,68,0,3,0
Handy,401,Project Manager,0,0,0,0,2,21,68,2,4,0
Hardy,402,Project Manager,30,7,4,0,0,2,43,3,2,9
Harry,403,Project Manager,0,1,0,0,8,4,75,2,3,6
Harve,404,Project Manager,1,4,2,10,1,12,51,14,0,2
Harvy,405,Project Manager,1,1,0,0,8,7,64,2,4,10
Hasan,406,Project Manager,3,0,1,2,11,10,57,1,5,4
Haven,407,Project Manager,1,0,0,1,6,8,75,0,0,8
Hayes,408,Project Manager,4,1,0,1,5,4,50,6,1,25
Hazel,409,Project Manager,1,0,0,1,11,16,65,1,4,0
Hazen,410,Project Manager,0,0,0,0,11,12,77,0,0,0
Heath,411,Project Manager,2,0,1,1,11,7,60,0,5,12
Heber,412,Project Manager,0,1,1,0,7,14,75,0,1,0
Helen,413,Project Manager,0,0,0,0,3,15,72,1,4,4
Hence,414,Project Manager,0,0,0,0,12,7,66,3,0,12
Henri,415,Project Manager,0,0,0,0,6,14,65,0,5,9
Henry,416,Project Manager,0,1,1,1,8,1,79,1,0,7
Hideo,417,Project Manager,0,1,0,1,9,8,71,1,4,4
Hiram,418,Project Manager,0,1,0,0,15,12,66,2,2,0
Holly,419,Project Manager,0,0,1,2,1,6,63,2,5,18
Homer,420,Project Manager,3,0,1,0,13,13,55,3,6,3
Hosea,421,Project Manager,0,5,4,0,5,2,69,5,3,2
Hosie,422,Project Manager,6,3,0,0,12,5,58,3,6,2
Hyman,423,Project Manager,1,1,0,1,8,9,74,2,3,0
Hymen,424,Project Manager,0,0,0,0,15,25,50,1,7,1
Hyrum,425,Project Manager,3,3,0,1,5,3,75,2,2,2
Idris,426,Project Manager,0,0,0,0,17,11,64,2,1,5
Illya,427,Project Manager,1,0,0,0,7,18,64,0,4,5
Imran,428,Project Manager,0,1,0,0,13,14,63,1,0,7
Irene,429,Project Manager,0,0,0,1,12,11,72,2,0,1
Irven,430,Project Manager,0,1,0,0,12,24,57,2,1,1
Irvin,431,Project Manager,0,0,0,1,0,19,73,2,4,0
Irwin,432,Project Manager,1,2,0,1,13,1,56,8,5,7
Isaac,433,Project Manager,1,0,1,2,5,1,62,2,5,19
Isaak,434,Project Manager,0,0,0,0,4,29,63,0,2,1
Isham,435,Project Manager,0,0,0,0,2,12,78,1,4,2
Isiah,436,Project Manager,0,0,0,0,14,12,66,2,1,4
Issac,437,Project Manager,0,0,0,0,13,22,55,2,6,1
Ivory,438,Project Manager,0,0,2,0,16,14,61,2,0,3
Jabez,439,Project Manager,3,1,0,0,1,8,63,11,6,3
Jacky,440,Project Manager,2,1,0,3,15,11,65,0,1,1
Jacob,441,Project Manager,0,0,0,0,16,1,60,7,4,11
Jaden,442,Project Manager,1,3,0,4,7,2,64,2,0,4
Jadon,443,Project Manager,0,0,0,0,11,16,58,2,4,8
Jadyn,444,Project Manager,1,0,0,1,9,8,78,0,1,1
Jahir,445,Project Manager,0,0,0,0,2,37,57,0,4,0
Jaime,446,Project Manager,0,0,0,0,7,9,80,2,0,2
Jairo,447,Project Manager,0,0,0,0,8,10,80,0,1,0
Jakob,448,Project Manager,0,0,0,0,14,4,71,4,1,6
Jalen,449,Project Manager,50,9,6,2,4,0,22,1,2,1
Jalon,450,Project Manager,1,2,0,5,1,19,56,2,8,4
Jamal,451,Project Manager,28,3,2,0,0,0,57,2,3,4
Jamar,452,Project Manager,0,0,0,0,8,17,75,0,0,0
Jamel,453,Project Manager,0,1,1,0,2,1,70,8,3,7
James,454,Project Manager,0,0,0,1,17,5,59,0,1,16
Jamey,455,Project Manager,0,0,0,0,9,17,66,1,3,2
Jamie,456,Project Manager,0,1,0,2,7,7,79,0,2,1
Jamil,457,Project Manager,0,0,3,0,4,5,60,4,6,6
Jamin,458,Project Manager,38,0,8,3,0,0,42,3,0,3
Jamir,459,Project Manager,1,0,0,0,3,5,77,5,2,6
Janet,460,Project Manager,0,0,0,0,2,24,58,4,7,5
Jarad,461,Project Manager,0,0,0,0,0,36,60,0,2,2
Jared,462,Project Manager,7,2,1,3,2,0,70,1,4,5
Jaren,463,Project Manager,0,0,0,0,9,23,61,0,6,1
Jaret,464,Project Manager,2,0,0,4,15,21,51,0,4,1
Jarod,465,Project Manager,0,0,0,0,12,15,66,1,4,1
Jaron,466,Project Manager,1,4,2,6,8,4,52,6,4,9
Jasen,467,Project Manager,0,0,0,0,10,20,68,0,2,0
Jason,468,Project Manager,28,11,21,0,8,0,18,4,6,1
Javen,469,Project Manager,0,0,0,0,9,8,71,3,1,7
Javon,470,Project Manager,0,0,0,0,23,8,53,2,0,14
Jaxen,471,Project Manager,0,0,0,3,2,33,51,3,4,1
Jaxon,472,Project Manager,0,0,0,0,15,15,67,1,0,2
Jayce,473,Project Manager,0,0,0,1,21,21,53,2,0,1
Jayme,474,Project Manager,0,0,0,0,7,15,75,0,2,0
Jayse,475,Project Manager,1,0,0,2,9,24,57,1,2,3
Jemal,476,Project Manager,0,0,1,0,5,24,55,0,7,7
Jerad,477,Project Manager,0,0,0,0,0,37,61,0,2,0
Jered,478,Project Manager,0,3,0,0,2,11,70,2,1,8
Jerel,479,Project Manager,0,0,0,0,7,15,77,0,1,0
Jerod,480,Project Manager,1,1,1,5,16,6,58,3,2,5
Jerry,481,Project Manager,0,0,1,0,7,9,59,12,1,9
Jesse,482,Project Manager,0,0,0,0,5,18,61,5,5,6
Jessy,483,Project Manager,1,1,0,4,6,0,77,2,2,5
Jesus,484,Project Manager,21,6,12,0,5,2,47,0,4,1
Jevon,485,Project Manager,0,1,4,8,15,4,59,0,2,1
Jewel,486,Project Manager,0,0,0,0,17,2,66,3,0,11
Jiles,487,Project Manager,0,0,0,1,9,6,80,0,2,1
Jimmy,488,Project Manager,0,0,0,1,10,10,69,5,0,4
Jodie,489,Project Manager,1,1,0,0,6,0,77,5,3,5
Johan,490,Project Manager,0,0,0,0,5,25,66,2,0,1
Johny,491,Project Manager,1,1,6,0,2,10,53,17,0,4
Jonah,492,Designer,0,0,0,67,0,0,1,23,0,9
Jonas,493,Designer,0,0,0,77,1,2,0,17,0,3
Jones,494,Designer,11,3,3,35,2,24,4,6,0,12
Jordi,495,Designer,0,0,0,71,0,0,0,21,0,8
Jordy,496,Designer,0,0,0,65,0,2,3,24,0,6
Jorge,497,Designer,34,1,0,21,5,15,7,7,0,10
Josef,498,Designer,6,0,0,47,12,1,31,2,0,1
Josue,499,Designer,0,0,0,73,0,0,1,25,0,1
Jovan,500,Designer,0,0,0,64,0,1,0,33,0,2
Joyce,501,Designer,0,0,0,69,0,0,1,27,0,3
Judah,502,Designer,0,0,0,68,0,2,1,23,0,6
Judge,503,Designer,0,0,0,60,0,1,0,38,0,1
Juelz,504,Designer,0,0,0,62,0,0,0,28,0,10
Jules,505,Designer,0,0,0,68,2,1,0,18,0,11
Julia,506,Designer,17,1,1,43,6,6,2,21,1,2
Julio,507,Designer,0,0,0,73,0,0,0,27,0,0
Juwan,508,Designer,0,0,0,79,3,1,0,12,0,5
Kabir,509,Designer,11,3,1,27,0,15,2,35,0,6
Kaden,510,Designer,0,0,0,71,2,1,2,15,0,9
Kadin,511,Designer,0,0,0,76,1,0,2,19,0,2
Kadyn,512,Designer,0,0,0,73,0,0,0,22,0,5
Kairo,513,Designer,0,0,0,69,3,0,1,18,0,9
Kaleb,514,Designer,0,0,0,76,0,0,1,19,0,4
Kalel,515,Designer,0,0,0,69,1,0,1,19,0,10
Kalen,516,Designer,0,0,0,72,0,0,1,16,0,11
Kanye,517,Designer,0,0,0,74,0,1,1,21,0,3
Karen,518,Designer,0,0,0,63,1,0,2,27,0,7
Karim,519,Designer,0,0,0,77,0,1,0,12,0,10
Kasen,520,Designer,0,0,0,63,1,1,2,21,0,12
Kasey,521,Designer,0,0,0,70,0,0,0,29,0,1
Kason,522,Designer,8,1,0,48,6,7,8,8,0,14
Kavon,523,Designer,0,0,0,66,0,0,1,29,0,4
Kazuo,524,Designer,0,0,0,71,0,0,0,26,0,3
Keanu,525,Designer,0,0,0,67,0,0,0,22,0,11
Kegan,526,Designer,0,0,0,60,2,2,0,21,0,15
Keion,527,Designer,0,0,0,66,0,0,0,33,0,1
Keith,528,Designer,0,0,0,62,0,1,0,37,0,0
Kelan,529,Designer,0,0,0,64,0,0,0,32,0,4
Kelby,530,Designer,0,0,0,63,0,0,1,28,0,8
Kelly,531,Designer,1,0,0,54,13,1,10,4,1,16
Kenan,532,Designer,7,0,0,45,7,11,6,12,0,12
Kenji,533,Designer,0,0,0,77,0,0,1,14,0,8
Kenny,534,Designer,0,0,0,73,0,0,0,23,0,4
Kenya,535,Designer,0,0,0,71,0,0,1,18,0,10
Kenzo,536,Security Engineer,0,20,66,0,0,12,1,0,0,1
Kerry,537,Security Engineer,1,4,70,0,0,21,0,1,1,2
Kevan,538,Security Engineer,2,9,68,0,0,20,0,0,0,1
Keven,539,Security Engineer,3,11,71,0,2,11,0,2,0,0
Kevin,540,Security Engineer,0,10,80,0,0,10,0,0,0,0
Kevon,541,Security Engineer,0,10,60,1,0,27,1,0,0,1
Keyon,542,Security Engineer,1,2,70,0,0,26,0,0,0,1
Khari,543,Security Engineer,1,3,61,0,0,32,1,0,0,2
Khiry,544,Security Engineer,0,26,62,0,0,12,0,0,0,0
Kiaan,545,Security Engineer,0,9,77,0,0,12,1,0,1,0
Kiara,546,Security Engineer,0,14,61,0,0,21,0,2,0,2
Kieth,547,Security Engineer,2,12,69,0,0,15,0,0,1,1
Kiley,548,Security Engineer,2,5,71,0,0,18,1,0,1,2
Kinte,549,Security Engineer,0,22,68,0,0,10,0,0,0,0
Kirby,550,Security Engineer,0,5,80,0,0,15,0,0,0,0
Knute,551,Security Engineer,0,5,77,0,0,18,0,0,0,0
Kohen,552,Security Engineer,0,7,71,0,0,20,0,0,0,2
Kolby,553,Security Engineer,1,3,63,0,0,31,1,0,0,1
Korey,554,Security Engineer,0,18,65,0,0,14,1,0,0,2
Kraig,555,Security Engineer,2,5,80,0,0,10,0,0,0,3
Krish,556,Security Engineer,2,9,71,0,0,17,0,0,0,1
Kunta,557,Security Engineer,2,10,66,0,0,16,1,1,2,2
Kwame,558,Security Engineer,0,5,66,0,0,29,0,0,0,0
Kylan,559,Security Engineer,1,3,77,0,0,17,1,1,0,0
Kylen,560,Security Engineer,0,0,74,0,0,26,0,0,0,0
Kyler,561,Security Engineer,33,0,35,0,0,,0,2,29,1
Kyree,562,Security Engineer,0,4,72,0,0,22,0,1,0,1
Kyrie,563,Security Engineer,0,1,72,0,0,27,0,0,0,0
Kyron,564,Security Engineer,0,13,67,0,0,20,0,0,0,0
Kyson,565,Security Engineer,0,9,72,0,0,19,0,0,0,0
Lacey,566,Security Engineer,0,10,70,0,0,16,0,1,1,2
Lamar,567,Security Engineer,1,3,66,0,0,27,0,0,0,3
Lance,568,Security Engineer,0,0,76,0,0,24,0,0,0,0
Lanny,569,Security Engineer,0,10,79,0,0,11,0,0,0,0
Laron,570,Security Engineer,2,12,69,1,0,10,1,2,1,2
Larry,571,Security Engineer,0,1,75,0,0,24,0,0,0,0
Larue,572,Security Engineer,0,18,69,0,0,13,0,0,0,0
Laura,573,Security Engineer,0,7,68,0,0,24,0,0,0,1
Lavar,574,Security Engineer,0,6,76,0,0,18,0,0,0,0
Lavon,575,Security Engineer,0,1,75,0,0,23,0,0,0,1
Layne,576,Security Engineer,0,18,65,0,0,15,0,1,0,1
Leigh,577,Security Engineer,1,4,79,0,0,15,0,0,0,1
Lemon,578,Security Engineer,0,2,62,0,0,35,0,0,0,1
Lenny,579,Security Engineer,0,14,62,0,1,21,1,0,0,1
Lenon,580,Security Engineer,0,0,72,0,0,28,0,0,0,0
Leona,581,Security Engineer,1,5,76,0,0,14,0,0,1,3
Leroy,582,Security Engineer,0,4,69,0,0,25,0,1,0,1
Levar,583,Security Engineer,0,10,66,0,0,20,1,2,0,1
Levie,584,Security Engineer,1,2,62,0,0,34,0,1,0,0
Levin,585,Security Engineer,0,10,66,0,0,24,0,0,0,0
Levon,586,Security Engineer,0,7,78,0,0,15,0,0,0,0
Lewis,587,Security Engineer,0,9,74,3,0,10,1,2,0,1
Lexie,588,Security Engineer,13,13,26,2,0,,1,4,38,3
Linda,589,Security Engineer,1,13,75,0,0,8,0,2,0,1
Lindy,590,Security Engineer,0,15,63,0,0,20,0,0,0,2
Linus,591,Security Engineer,1,2,67,0,0,29,0,0,0,1
Linzy,592,Security Engineer,1,9,78,0,0,9,0,1,0,2
Lisle,593,Security Engineer,0,9,63,1,1,18,1,5,0,2
Lloyd,594,Security Engineer,1,9,61,0,0,28,0,0,0,1
Logan,595,Security Engineer,1,12,61,0,0,25,1,0,0,0
Loney,596,Security Engineer,16,9,40,0,0,,5,4,25,1
Lonie,597,Security Engineer,0,0,61,0,0,39,0,0,0,0
Lonny,598,Security Engineer,2,20,62,0,0,14,0,0,1,1
Lonzo,599,Security Engineer,0,11,62,0,0,26,1,0,0,0
Loran,600,Security Engineer,0,0,73,0,0,27,0,0,0,0
Loren,601,Security Engineer,1,3,80,0,0,13,0,0,0,3
Lorin,602,Security Engineer,1,22,61,0,0,15,1,0,0,0
Lorne,603,Security Engineer,1,2,66,0,0,29,0,0,0,2
Louie,604,Security Engineer,0,12,76,0,0,12,0,0,0,0
Louis,605,Security Engineer,0,10,61,0,0,27,1,0,0,1
Lovie,606,Security Engineer,21,1,24,3,1,,9,8,31,2
Loyal,607,Security Engineer,0,1,80,0,0,19,0,0,0,0
Lucas,608,Security Engineer,0,4,66,0,0,29,1,0,0,0
Lucca,609,Security Engineer,1,13,60,1,0,15,2,1,1,6
Lucio,610,Security Engineer,0,23,62,0,0,15,0,0,0,0
Lucky,611,Security Engineer,0,2,71,0,0,27,0,0,0,0
Luigi,612,Security Engineer,0,0,75,0,0,25,0,0,0,0
Lukas,613,Security Engineer,0,0,78,0,0,22,0,0,0,0
Lyman,614,Security Engineer,2,11,71,0,0,14,0,1,0,1
Lyric,615,Security Engineer,3,8,66,0,0,20,0,1,0,2
Mabel,616,Security Engineer,0,1,76,0,0,22,0,0,0,1
Maceo,617,Security Engineer,3,10,64,0,0,19,0,0,0,4
Major,618,Security Engineer,1,7,63,0,0,23,0,2,0,4
Makai,619,Security Engineer,0,9,76,0,0,14,1,0,0,0
Makhi,620,Security Engineer,0,6,74,0,0,15,1,1,1,2
Malik,621,Security Engineer,0,16,68,0,0,15,0,0,0,1
Mamie,622,Security Engineer,0,7,78,0,0,14,0,0,0,1
Manly,623,Security Engineer,0,3,78,0,0,18,1,0,0,0
Marco,624,Security Engineer,0,5,79,1,0,14,1,0,0,0
Maria,625,Security Engineer,0,0,75,0,0,25,0,0,0,0
Marie,626,Security Engineer,0,6,78,1,0,10,3,1,0,1
Mario,627,Security Engineer,0,3,70,0,0,27,0,0,0,0
Marlo,628,Security Engineer,1,2,71,0,0,25,1,0,0,0
Marsh,629,Security Engineer,2,11,72,0,0,12,1,0,1,1
Marty,630,Security Engineer,3,10,61,0,0,21,1,2,1,1
Masao,631,Security Engineer,0,1,67,1,0,31,0,0,0,0
Masen,632,Security Engineer,0,6,62,0,0,32,0,0,0,0
Mason,633,Security Engineer,0,7,79,0,0,10,1,2,0,1
Mateo,634,Security Engineer,0,9,70,0,0,18,0,1,0,2
Maude,635,Security Engineer,1,13,66,2,3,12,0,2,1,0
Maury,636,Security Engineer,0,10,80,0,0,9,0,0,0,1
Maxie,637,Security Engineer,0,14,66,0,0,20,0,0,0,0
Maxim,638,Security Engineer,0,5,63,0,0,28,0,1,0,3
Mearl,639,Security Engineer,0,17,67,0,0,15,0,0,0,1
Mekhi,640,Security Engineer,0,7,79,0,0,12,0,1,0,1
Merle,641,Security Engineer,3,9,76,1,0,10,0,0,0,1
Metro,642,Security Engineer,0,5,76,0,0,17,0,0,0,2
Meyer,643,Security Engineer,2,7,61,0,0,28,0,1,1,0
Micah,644,Security Engineer,0,0,61,0,0,39,0,0,0,0
Micky,645,Security Engineer,0,10,68,1,1,11,1,2,2,4
Mikal,646,Security Engineer,0,4,70,0,0,25,1,0,0,0
Mikel,647,Security Engineer,1,15,70,0,0,13,0,0,0,1
Milan,648,Security Engineer,0,18,67,0,0,15,0,0,0,0
Milas,649,Security Engineer,0,8,81,0,0,11,0,0,0,0
Miles,650,Security Engineer,3,11,71,0,0,10,0,1,1,3
Mills,651,Security Engineer,0,11,76,0,0,12,0,1,0,0
Miner,652,Security Engineer,1,9,76,1,1,11,1,0,0,0
Minor,653,Security Engineer,0,8,77,0,1,9,0,0,0,5
Mitch,654,Security Engineer,0,3,79,0,0,16,0,1,0,1
Monte,655,Security Engineer,0,5,67,0,0,24,0,2,0,2
Monty,656,Security Engineer,2,8,66,0,0,19,0,2,0,3
Moody,657,Security Engineer,0,5,72,0,1,22,0,0,0,0
Moses,658,Security Engineer,0,18,62,0,0,12,0,0,1,7
Moshe,659,Security Engineer,0,9,75,0,0,10,2,2,1,1
Murry,660,Security Engineer,1,14,72,0,0,11,1,0,0,1
Mykel,661,Security Engineer,1,8,70,1,1,16,1,1,0,1
Myles,662,Security Engineer,2,4,75,0,0,16,0,0,0,3
Myron,663,Security Engineer,0,4,79,0,0,17,0,0,0,0
Najee,664,Security Engineer,0,2,64,0,0,34,0,0,0,0
Nakia,665,Security Engineer,0,4,70,0,0,26,0,0,0,0
Namon,666,Security Engineer,1,11,61,0,2,17,3,1,2,2
Nancy,667,Security Engineer,1,2,77,0,0,19,0,1,0,0
Nasir,668,Security Engineer,1,7,78,0,1,9,0,0,1,3
Neely,669,Security Engineer,0,13,78,0,0,8,0,0,0,1
Nello,670,Security Engineer,0,20,61,1,0,13,1,2,0,2
Nevin,671,Security Engineer,0,12,67,0,0,21,0,0,0,0
Nicky,672,Security Engineer,2,13,65,1,0,12,1,0,1,5
Nigel,673,Security Engineer,0,13,62,0,0,17,0,3,1,4
Nikko,674,Security Engineer,1,12,62,0,1,17,0,5,0,2
Niles,675,Security Engineer,0,0,79,0,0,21,0,0,0,0
Nixon,676,Security Engineer,0,1,69,0,0,30,0,0,0,0
Noble,677,Security Engineer,17,17,41,0,0,,2,4,17,2
Nolan,678,Security Engineer,0,19,67,0,0,11,0,1,0,2
Nolen,679,Security Engineer,0,11,70,0,1,18,0,0,0,0
North,680,Security Engineer,0,1,66,0,0,32,0,0,0,1
Oddie,681,Security Engineer,0,4,73,1,0,21,1,0,0,0
Odell,682,Security Engineer,0,17,67,0,0,12,0,0,1,3
Offie,683,Security Engineer,1,6,74,0,0,16,0,1,0,2
Ogden,684,Security Engineer,0,8,68,0,0,24,0,0,0,0
Oland,685,Security Engineer,1,11,73,0,0,14,1,0,0,0
Olive,686,Security Engineer,0,4,60,0,0,36,0,0,0,0
Ollie,687,Security Engineer,0,6,77,0,0,12,1,1,1,2
Omari,688,Security Engineer,2,11,63,0,0,22,0,1,0,1
Oneal,689,Security Engineer,2,8,80,1,0,7,1,0,1,0
Orion,690,Security Engineer,0,2,65,0,0,32,0,0,0,1
Orley,691,Security Engineer,1,6,80,0,0,11,0,0,0,2
Orlin,692,Security Engineer,0,13,61,0,0,26,0,0,0,0
Orren,693,Security Engineer,0,21,64,0,0,15,0,0,0,0
Orrie,694,Security Engineer,0,11,67,0,0,22,0,0,0,0
Orrin,695,Security Engineer,0,0,72,0,0,28,0,0,0,0
Orris,696,Security Engineer,0,1,77,0,0,21,0,0,0,1
Orson,697,Security Engineer,1,10,66,0,0,17,0,2,1,3
Orval,698,Security Engineer,0,12,80,0,0,6,0,1,0,1
Orvel,699,Security Engineer,1,1,79,0,0,18,1,0,0,0
Orvil,700,Security Engineer,0,8,74,0,0,18,0,0,0,0
Orvin,701,Security Engineer,0,2,79,0,0,19,0,0,0,0
Orvis,702,Security Engineer,0,8,80,0,0,11,1,0,0,0
Oscar,703,Security Engineer,0,0,79,0,0,21,0,0,0,0
Ossie,704,Security Engineer,0,3,80,0,0,17,0,0,0,0
Othel,705,Security Engineer,0,5,73,0,0,21,1,0,0,0
Ottie,706,Security Engineer,1,15,72,0,0,10,1,0,0,1
Ottis,707,Security Engineer,1,6,68,0,0,24,0,0,0,1
Ovila,708,Security Engineer,0,6,80,0,0,12,0,0,0,2
Owens,709,Security Engineer,0,22,63,0,0,15,0,0,0,0
Ozell,710,Security Engineer,1,6,73,0,0,18,0,0,0,2
Ozzie,711,Security Engineer,2,5,74,0,0,16,0,1,0,2
Pablo,712,Security Engineer,0,4,67,0,0,29,0,0,0,0
Paris,713,Security Engineer,1,20,63,0,0,12,1,0,1,2
Patsy,714,Security Engineer,0,8,66,0,0,26,0,0,0,0
Paulo,715,Security Engineer,0,21,61,0,0,17,0,0,0,1
Pearl,716,Security Engineer,0,25,62,0,0,13,0,0,0,0
Pedro,717,Security Engineer,1,7,74,0,0,17,0,0,0,1
Percy,718,Security Engineer,0,1,66,0,0,33,0,0,0,0
Perry,719,Security Engineer,1,7,68,0,0,21,1,1,0,1
Peter,720,Security Engineer,1,4,80,0,0,15,0,0,0,0
Philo,721,Security Engineer,0,0,63,0,0,37,0,0,0,0
Pleas,722,Security Engineer,1,10,72,1,1,15,0,0,0,0
Posey,723,Security Engineer,1,1,73,0,0,24,0,0,0,1
Pratt,724,Security Engineer,1,8,66,0,1,19,1,2,1,1
Press,725,Security Engineer,0,0,73,0,0,27,0,0,0,0
Price,726,Security Engineer,0,1,64,0,0,35,0,0,0,0
Pryor,727,Security Engineer,0,0,80,0,0,20,0,0,0,0
Quinn,728,Security Engineer,0,1,66,0,0,33,0,0,0,0
Quint,729,Security Engineer,1,11,60,0,0,27,0,0,0,1
Rahul,730,Security Engineer,0,12,67,0,0,18,0,0,0,3
Ralph,731,Security Engineer,0,3,68,0,0,26,1,0,0,2
Ramon,732,Security Engineer,2,7,61,0,0,27,1,0,1,1
Rance,733,Security Engineer,0,1,76,0,0,23,0,0,0,0
Randy,734,Security Engineer,0,10,62,0,0,28,0,0,0,0
Raoul,735,Security Engineer,0,9,71,0,0,19,0,0,0,1
Raven,736,Security Engineer,1,9,69,0,0,20,0,1,0,0
Rayan,737,Security Engineer,1,5,68,0,0,25,1,0,0,0
Reece,738,Security Engineer,0,7,64,0,0,27,1,1,0,0
Reese,739,Security Engineer,1,4,75,0,0,19,0,0,0,1
Regan,740,Security Engineer,0,19,63,0,1,13,0,1,0,3
Regis,741,Security Engineer,1,3,78,0,0,16,0,0,0,2
Reign,742,Security Engineer,2,6,70,0,0,20,0,1,0,1
Reino,743,Security Engineer,1,21,66,0,0,11,0,0,0,1
Reyes,744,Security Engineer,0,1,71,0,0,28,0,0,0,0
Rhett,745,Security Engineer,0,0,65,0,0,34,0,0,0,1
Rhoda,746,Security Engineer,0,11,70,0,0,19,0,0,0,0
Riaan,747,Security Engineer,0,0,73,0,0,27,0,0,0,0
Ricci,748,Security Engineer,0,2,68,0,0,30,0,0,0,0
Ricki,749,Security Engineer,0,6,68,0,0,26,0,0,0,0
Ricky,750,Security Engineer,0,0,78,0,0,22,0,0,0,0
Ridge,751,Security Engineer,0,9,76,0,0,8,1,2,0,4
Riley,752,Security Engineer,2,12,66,0,0,13,1,1,1,4
Rishi,753,Security Engineer,0,5,74,0,0,20,0,0,0,1
River,754,Security Engineer,0,13,71,0,0,16,0,0,0,0
Robby,755,Security Engineer,1,7,77,1,0,13,0,1,0,0
Robin,756,Security Engineer,0,1,78,0,0,21,0,0,0,0
Rocco,757,Security Engineer,0,0,76,0,0,24,0,0,0,0
Rocky,758,Security Engineer,0,7,60,1,2,26,3,0,1,0
Roddy,759,Security Engineer,0,6,66,0,0,22,0,0,0,6
Roger,760,Frequency Transmission Systems,0,0,100,0,0,0,0,0,0,0
Rohan,761,Frequency Transmission Systems,6,6,83,2,1,0,0,2,0,0
Rolla,762,Frequency Transmission Systems,5,3,83,1,2,1,5,0,0,0
Rollo,763,Frequency Transmission Systems,7,1,82,3,0,1,3,1,2,0
Roman,764,Frequency Transmission Systems,0,6,84,5,0,1,0,2,1,1
Romeo,765,Frequency Transmission Systems,1,1,95,0,0,0,3,0,0,0
Romie,766,Frequency Transmission Systems,1,0,97,0,0,0,2,0,0,0
Ronal,767,Frequency Transmission Systems,0,0,99,0,0,0,0,1,0,0
Ronan,768,Frequency Transmission Systems,0,0,99,0,0,0,1,0,0,0
Ronin,769,Frequency Transmission Systems,1,0,90,0,1,0,1,4,0,3
Ronny,770,Frequency Transmission Systems,1,5,86,2,0,0,4,1,1,0
Rosco,771,Frequency Transmission Systems,0,0,83,3,1,0,9,1,1,2
Rowan,772,Frequency Transmission Systems,1,0,94,1,0,0,3,1,0,0
Rowen,773,Frequency Transmission Systems,1,0,98,1,0,0,0,0,0,0
Royal,774,Frequency Transmission Systems,1,4,85,3,1,0,3,1,2,0
Royce,775,Frequency Transmission Systems,1,0,99,0,0,0,0,0,0,0
Ruben,776,Frequency Transmission Systems,1,0,97,0,0,1,0,0,0,1
Rubin,777,Frequency Transmission Systems,2,3,85,5,1,1,1,1,1,0
Rufus,778,Frequency Transmission Systems,1,0,98,0,0,0,1,0,0,0
Rusty,779,Frequency Transmission Systems,2,1,93,0,0,0,4,0,0,0
Ryder,780,Frequency Transmission Systems,0,1,94,1,0,0,3,0,1,0
Ryker,781,Frequency Transmission Systems,6,2,89,1,0,1,0,0,1,0
Rylan,782,Frequency Transmission Systems,4,1,88,0,0,0,5,0,1,1
Rylee,783,Frequency Transmission Systems,1,1,89,0,1,1,6,0,1,0
Rylen,784,Frequency Transmission Systems,0,0,99,0,0,0,1,0,0,0
Ryley,785,Frequency Transmission Systems,3,2,90,0,0,0,0,0,4,1
Saint,786,Frequency Transmission Systems,0,0,100,0,0,0,0,0,0,0
Salem,787,Frequency Transmission Systems,0,0,100,0,0,0,0,0,0,0
Samie,788,Frequency Transmission Systems,4,0,87,4,0,0,3,0,2,0
Samir,789,Frequency Transmission Systems,1,0,93,1,0,1,4,0,0,0
Sammy,790,Frequency Transmission Systems,0,1,87,4,0,0,7,1,0,0
Sandy,791,Frequency Transmission Systems,2,0,88,2,1,0,6,0,0,1
Santo,792,Frequency Transmission Systems,2,1,93,0,1,0,0,1,1,1
Sarah,793,Frequency Transmission Systems,3,3,85,2,0,0,6,1,0,0
Savon,794,Frequency Transmission Systems,2,0,93,1,0,0,3,1,0,0
Scott,795,Frequency Transmission Systems,0,0,92,5,0,0,0,1,0,2
Semaj,796,Frequency Transmission Systems,0,0,98,1,0,0,1,0,0,0
Seven,797,Frequency Transmission Systems,2,3,87,3,0,0,3,1,1,0
Shade,798,Frequency Transmission Systems,5,0,85,0,1,1,3,4,1,0
Shane,799,Frequency Transmission Systems,1,4,84,1,0,0,7,1,1,1
Shaun,800,Frequency Transmission Systems,1,4,86,2,1,1,2,0,1,2
Shawn,801,Frequency Transmission Systems,9,1,83,3,0,0,1,0,2,1
Shoji,802,Frequency Transmission Systems,0,0,96,1,1,0,2,0,0,0
Silas,803,Frequency Transmission Systems,2,3,87,2,0,0,6,0,0,0
Simon,804,Frequency Transmission Systems,3,0,85,3,1,0,5,2,0,1
Slade,805,Frequency Transmission Systems,0,0,98,0,0,1,0,1,0,0
Smith,806,Frequency Transmission Systems,2,0,83,4,1,0,1,2,4,3
Solon,807,Frequency Transmission Systems,0,3,90,1,0,0,5,0,1,0
Sonny,808,Frequency Transmission Systems,1,0,96,0,0,0,2,1,0,0
Soren,809,Frequency Transmission Systems,2,4,88,3,0,0,1,0,2,0
Stacy,810,Frequency Transmission Systems,3,4,89,0,0,1,2,1,0,0
Steve,811,Frequency Transmission Systems,8,2,86,1,0,1,1,1,0,0
Stone,812,Frequency Transmission Systems,3,0,89,0,0,0,4,1,2,1
Storm,813,Frequency Transmission Systems,1,0,95,0,0,0,2,1,1,0
Susan,814,Frequency Transmission Systems,2,1,90,1,0,0,5,0,1,0
Susie,815,Frequency Transmission Systems,0,0,93,1,0,1,1,3,0,1
Sylas,816,Frequency Transmission Systems,2,0,96,1,0,0,0,0,1,0
Tadeo,817,Frequency Transmission Systems,0,0,88,1,0,0,2,4,2,3
Talan,818,Frequency Transmission Systems,0,0,99,0,0,0,1,0,0,0
Talen,819,Frequency Transmission Systems,1,4,89,2,1,0,0,1,1,1
Talon,820,Frequency Transmission Systems,0,0,100,0,0,0,0,0,0,0
Tammy,821,Frequency Transmission Systems,1,1,92,0,0,0,4,0,1,1
Tandy,822,Frequency Transmission Systems,5,2,85,0,0,0,6,0,1,1
Tarik,823,Frequency Transmission Systems,5,2,84,4,0,2,1,0,1,1
Tariq,824,Frequency Transmission Systems,2,3,85,0,0,0,7,1,1,1
Tatum,825,Frequency Transmission Systems,0,0,100,0,0,0,0,0,0,0
Tavon,826,Frequency Transmission Systems,1,0,96,0,0,0,2,0,1,0
Teddy,827,Frequency Transmission Systems,0,2,96,0,0,0,1,1,0,0
Tegan,828,Frequency Transmission Systems,0,0,100,0,0,0,0,0,0,0
Telly,829,Frequency Transmission Systems,1,0,99,0,0,0,0,0,0,0
Terry,830,Frequency Transmission Systems,2,6,85,3,0,0,1,1,1,1
Tevin,831,Frequency Transmission Systems,0,0,100,0,0,0,0,0,0,0
Timmy,832,Frequency Transmission Systems,6,3,81,0,0,0,8,1,1,0
Titan,833,Frequency Transmission Systems,2,2,84,4,1,1,5,1,0,0
Titus,834,Frequency Transmission Systems,7,4,81,2,0,0,5,1,0,0
Tobie,835,Frequency Transmission Systems,2,0,89,1,0,0,6,0,1,1
Tobin,836,Frequency Transmission Systems,0,0,100,0,0,0,0,0,0,0
Toivo,837,Frequency Transmission Systems,3,0,95,1,0,0,0,1,0,0
Tomas,838,Frequency Transmission Systems,0,3,90,0,0,0,4,0,2,1
Tomie,839,Frequency Transmission Systems,1,3,91,1,0,0,1,1,1,1
Tommy,840,Frequency Transmission Systems,0,0,100,0,0,0,0,0,0,0
Toney,841,Frequency Transmission Systems,1,3,81,2,0,0,10,2,1,0
Torey,842,Frequency Transmission Systems,0,1,91,1,1,0,3,1,2,0
Torin,843,Frequency Transmission Systems,0,0,100,0,0,0,0,0,0,0
Torry,844,Frequency Transmission Systems,2,2,89,1,0,0,6,0,0,0
Trace,845,Frequency Transmission Systems,0,0,98,0,1,0,0,0,0,1
Tracy,846,Frequency Transmission Systems,2,2,89,2,0,0,4,0,1,0
Trent,847,Frequency Transmission Systems,1,2,84,3,0,0,4,3,1,2
Tripp,848,Frequency Transmission Systems,7,3,82,1,0,1,4,2,0,0
Tyler,849,Frequency Transmission Systems,6,1,84,1,0,1,6,1,0,0
Tylor,850,Frequency Transmission Systems,2,1,95,1,0,0,1,0,0,0
Tyree,851,Frequency Transmission Systems,0,1,93,1,0,0,4,1,0,0
Tyrek,852,Frequency Transmission Systems,1,0,97,0,0,0,2,0,0,0
Tyrel,853,Frequency Transmission Systems,1,0,98,0,0,0,1,0,0,0
Tyrik,854,Frequency Transmission Systems,0,0,100,0,0,0,0,0,0,0
Tyrin,855,Frequency Transmission Systems,0,0,100,0,0,0,0,0,0,0
Tyriq,856,Frequency Transmission Systems,6,3,84,1,0,0,5,0,0,1
Tyron,857,Frequency Transmission Systems,4,1,90,0,0,1,4,0,0,0
Tyrus,858,Frequency Transmission Systems,0,2,92,2,0,0,3,1,0,0
Tyson,859,Frequency Transmission Systems,0,0,93,2,0,0,4,0,1,0
Urban,860,Frequency Transmission Systems,0,0,99,0,0,0,1,0,0,0
Uriah,861,Frequency Transmission Systems,6,0,86,0,0,0,6,1,1,0
Uriel,862,Frequency Transmission Systems,3,2,93,0,0,0,0,0,1,1
Vance,863,Frequency Transmission Systems,3,3,84,0,1,0,7,2,0,0
Verle,864,Frequency Transmission Systems,0,0,87,2,0,0,8,3,0,0
Verna,865,Frequency Transmission Systems,0,3,92,2,1,0,0,1,0,1
Verne,866,Frequency Transmission Systems,5,1,86,2,0,0,5,1,0,0
Vidal,867,Frequency Transmission Systems,0,0,97,0,0,0,1,1,0,1
Vince,868,Frequency Transmission Systems,0,2,92,3,2,0,0,1,0,0
Viola,869,Frequency Transmission Systems,5,3,82,1,1,0,7,1,0,0
Virge,870,Frequency Transmission Systems,5,2,88,1,0,0,3,0,0,1
Waino,871,Frequency Transmission Systems,1,0,97,0,0,0,1,1,0,0
Waldo,872,Frequency Transmission Systems,2,0,92,0,0,1,2,2,1,0
Wally,873,Frequency Transmission Systems,1,0,86,1,0,2,7,2,1,0
Wayde,874,Frequency Transmission Systems,0,2,86,0,1,0,7,3,1,0
Wayne,875,Frequency Transmission Systems,5,5,85,3,0,0,0,1,0,1
Wells,876,Frequency Transmission Systems,0,0,100,0,0,0,0,0,0,0
Wiley,877,Frequency Transmission Systems,1,2,85,2,0,0,3,4,1,2
Willy,878,Frequency Transmission Systems,8,6,81,0,0,0,0,3,1,1
Woody,879,Frequency Transmission Systems,1,0,99,0,0,0,0,0,0,0
Worth,880,Frequency Transmission Systems,2,3,91,1,0,0,1,0,1,1
Wyatt,881,Frequency Transmission Systems,6,2,82,0,2,1,7,0,0,0
Wylie,882,Frequency Transmission Systems,0,1,94,0,0,0,3,0,1,1
Wyman,883,Frequency Transmission Systems,1,2,88,0,0,0,6,2,0,1
Yahir,884,Frequency Transmission Systems,1,3,87,3,1,0,4,0,0,1
Yahya,885,Frequency Transmission Systems,3,7,84,0,0,2,0,3,0,1
Yancy,886,Frequency Transmission Systems,3,6,85,3,1,1,0,1,0,0
Yosef,887,Frequency Transmission Systems,2,1,88,1,0,1,3,1,1,2
Young,888,Frequency Transmission Systems,2,0,95,0,0,1,2,0,0,0
Yurem,889,Frequency Transmission Systems,4,4,91,1,0,0,0,0,0,0
Yusuf,890,Frequency Transmission Systems,5,1,85,3,1,0,1,3,1,0
Zahir,891,Frequency Transmission Systems,1,0,95,1,0,0,3,0,0,0
Zaire,892,Frequency Transmission Systems,2,0,88,0,1,1,4,0,2,2
Zakai,893,Frequency Transmission Systems,2,0,96,1,0,0,1,0,0,0
Zayne,894,Frequency Transmission Systems,1,0,98,0,0,0,1,0,0,0
Zenas,895,Frequency Transmission Systems,1,1,91,2,0,0,4,1,0,0
