name,id,role,threatscore
Aaden,1,Radio Frequency Transmission Systems,25
Oscar,2,Fusion Analyst,33
Aarav,3,Cyber Systems Operations,52
Aaron,4,Software Engineer,45
Aayan,5,Intelligence Officer,83
Abbie,6,Intelligence Analyst,47
Abdul,7,Cable and Antenna Systems,23
Abner,8,Computer Systems Programming,47
Abram,9,Software Engineer,49
Adams,10,Software Engineer,54
Addie,11,Cable and Antenna Systems,31
Adlai,12,Computer Systems Programming,44
Adolf,13,Cyber Warfare Operations Officer,73
Adron,14,Cable and Antenna Systems,39
Aedan,15,Intelligence Analyst,44
Agnes,16,Intelligence Officer,84
Ahmad,17,Cyber Systems Operations,60
Ahmed,18,Cable and Antenna Systems,31
Ahmir,19,Software Engineer,51
Aidan,20,Intelligence Officer,81
Aiden,21,Software Engineer,46
Aidyn,22,Computer Systems Programming,48
Akeem,23,Fusion Analyst,34
Akira,24,Cyber Systems Operations,70
Albin,25,Cyber Warfare Operations Officer,79
Alcee,26,Security Engineer,72
Alden,27,Cybersecurity Developer,60
Aleck,28,Computer Systems Programming,57
Alfie,29,Cable and Antenna Systems,31
Alger,30,Cable and Antenna Systems,39
Algie,31,Security Engineer,71
Algot,32,Developmental Engineer,70
Alice,33,Software Engineer,52
Allan,34,Cable and Antenna Systems,24
Allen,35,Intelligence Analyst,52
Allie,36,Developmental Engineer,66
Allyn,37,Cyber Systems Operations,58
Almer,38,Computer Systems Programming,44
Almon,39,Cyber Systems Operations,51
Almus,40,Developmental Engineer,57
Alois,41,Security Engineer,65
Aloys,42,Cyber Systems Operations,57
Alpha,43,Security Engineer,74
Alton,44,Cyber Systems Operations,67
Alvah,45,Intelligence Analyst,43
Alvan,46,Client Systems,12
Alver,47,Computer Systems Programming,43
Alvia,48,Cybersecurity Developer,79
Alvie,49,Cyber Systems Operations,69
Alvin,50,Cybersecurity Developer,61
Alvis,51,Computer Systems Programming,43
Alwin,52,Developmental Engineer,59
Amado,53,Intelligence Officer,87
Amare,54,Intelligence Officer,82
Amari,55,Cybersecurity Developer,76
Amasa,56,Radio Frequency Transmission Systems,32
Ameer,57,Cyber Systems Operations,66
Amias,58,Cyber Systems Operations,60
Ammon,59,Software Engineer,54
Ancel,60,Cable and Antenna Systems,31
Ancil,61,Cyber Warfare Operations Officer,68
Andon,62,Intelligence Analyst,57
Andra,63,Security Engineer,71
Andre,64,Fusion Analyst,35
Angel,65,Cyber Systems Operations,61
Angus,66,Security Engineer,77
Annie,67,Cybersecurity Developer,60
Ansel,68,Developmental Engineer,62
Anson,69,Intelligence Analyst,47
Anton,70,Developmental Engineer,66
Anwar,71,Cybersecurity Developer,65
Arbie,72,Developmental Engineer,52
Arden,73,Cyber Warfare Operations Officer,78
Arian,74,Cable and Antenna Systems,39
Ariel,75,Client Systems,16
Aries,76,Software Engineer,48
Arjun,77,Cable and Antenna Systems,30
Arlan,78,Security Engineer,67
Arlen,79,Client Systems,29
Arley,80,Cyber Systems Operations,51
Arlie,81,Client Systems,24
Arlin,82,Cyber Systems Operations,63
Arlis,83,Intelligence Analyst,59
Arlyn,84,Security Engineer,75
Arman,85,Software Engineer,44
Armin,86,Cyber Systems Operations,50
Arnav,87,Cyber Warfare Operations Officer,76
Arnie,88,Cyber Systems Operations,57
Arron,89,Intelligence Analyst,41
Artie,90,Intelligence Officer,89
Artis,91,Cyber Systems Operations,56
Arvel,92,Radio Frequency Transmission Systems,35
Arvid,93,Developmental Engineer,53
Arvil,94,Cyber Systems Operations,56
Arvin,95,Computer Systems Programming,51
Aryan,96,Cybersecurity Developer,65
Ashby,97,Intelligence Analyst,46
Asher,98,Intelligence Officer,100
Atlas,99,Software Engineer,42
Aubra,100,Cyber Systems Operations,61
Audie,101,Intelligence Analyst,44
Autry,102,Cyber Systems Operations,66
Avery,103,Security Engineer,71
Axton,104,Computer Systems Programming,40
Ayaan,105,Fusion Analyst,31
Aydan,106,Client Systems,15
Ayden,107,Software Engineer,44
Aydin,108,Intelligence Analyst,53
Aziel,109,Computer Systems Programming,58
Baker,110,Radio Frequency Transmission Systems,24
Banks,111,Developmental Engineer,62
Baron,112,Cybersecurity Developer,72
Barry,113,Intelligence Analyst,49
Basil,114,Client Systems,15
Benji,115,Client Systems,13
Benny,116,Computer Systems Programming,55
Berry,117,Cyber Systems Operations,53
Beryl,118,Security Engineer,77
Betty,119,Computer Systems Programming,51
Bilal,120,Radio Frequency Transmission Systems,37
Billy,121,Software Engineer,60
Bjorn,122,Security Engineer,69
Blain,123,Client Systems,27
Blair,124,Fusion Analyst,20
Blake,125,Client Systems,19
Blane,126,Intelligence Officer,89
Blaze,127,Intelligence Officer,94
Bliss,128,Cable and Antenna Systems,28
Bobby,129,Security Engineer,68
Boden,130,Cyber Warfare Operations Officer,61
Bodhi,131,Cyber Systems Operations,59
Bodie,132,Computer Systems Programming,56
Boone,133,Fusion Analyst,28
Boris,134,Security Engineer,64
Bowen,135,Intelligence Analyst,59
Bowie,136,Security Engineer,77
Boyce,137,Software Engineer,54
Brady,138,Cybersecurity Developer,77
Brain,139,Radio Frequency Transmission Systems,28
Brant,140,Radio Frequency Transmission Systems,22
Brent,141,Fusion Analyst,20
Brett,142,Cyber Systems Operations,50
Brian,143,Computer Systems Programming,45
Briar,144,Security Engineer,75
Brice,145,Software Engineer,60
Brien,146,Cable and Antenna Systems,39
Brion,147,Security Engineer,72
Britt,148,Radio Frequency Transmission Systems,36
Brock,149,Intelligence Analyst,47
Brody,150,Security Engineer,65
Brook,151,Computer Systems Programming,47
Brown,152,Software Engineer,55
Bruce,153,Cyber Warfare Operations Officer,61
Bruno,154,Cyber Systems Operations,51
Bryan,155,Cyber Systems Operations,59
Bryce,156,Radio Frequency Transmission Systems,31
Bryon,157,Developmental Engineer,67
Buddy,158,Radio Frequency Transmission Systems,34
Buell,159,Intelligence Analyst,52
Buren,160,Fusion Analyst,35
Burke,161,Computer Systems Programming,43
Burns,162,Cyber Warfare Operations Officer,73
Butch,163,Cable and Antenna Systems,32
Bynum,164,Software Engineer,59
Byron,165,Fusion Analyst,21
Caden,166,Computer Systems Programming,58
Cairo,167,Software Engineer,47
Caleb,168,Computer Systems Programming,51
Calum,169,Radio Frequency Transmission Systems,33
Carey,170,Software Engineer,58
Carlo,171,Fusion Analyst,18
Carol,172,Intelligence Analyst,43
Casen,173,Computer Systems Programming,54
Casey,174,Client Systems,30
Cason,175,Cyber Systems Operations,54
Cecil,176,Cyber Systems Operations,51
Cesar,177,Radio Frequency Transmission Systems,28
Chace,178,Cable and Antenna Systems,25
Chadd,179,Developmental Engineer,61
Chaim,180,Intelligence Officer,84
Champ,181,Intelligence Analyst,60
Chase,182,Fusion Analyst,24
Chevy,183,Security Engineer,75
Chris,184,Client Systems,30
Chuck,185,Intelligence Analyst,40
Clabe,186,Client Systems,13
Clair,187,Intelligence Officer,81
Clara,188,Security Engineer,77
Clare,189,Security Engineer,63
Clark,190,Software Engineer,53
Claud,191,Fusion Analyst,35
Claus,192,Computer Systems Programming,43
Clell,193,Security Engineer,80
Cleon,194,Intelligence Analyst,43
Cleve,195,Cybersecurity Developer,65
Clide,196,Cyber Systems Operations,50
Cliff,197,Cable and Antenna Systems,39
Clint,198,Software Engineer,46
Clive,199,Computer Systems Programming,52
Cloyd,200,Computer Systems Programming,51
Clyde,201,Software Engineer,48
Codey,202,Fusion Analyst,17
Codie,203,Software Engineer,54
Cohen,204,Software Engineer,57
Colby,205,Fusion Analyst,31
Coley,206,Intelligence Analyst,54
Colie,207,Client Systems,27
Colin,208,Cyber Warfare Operations Officer,66
Colon,209,Cable and Antenna Systems,31
Conor,210,Cable and Antenna Systems,36
Corey,211,Software Engineer,40
Corry,212,Cybersecurity Developer,71
Cosmo,213,Cable and Antenna Systems,26
Craig,214,Cybersecurity Developer,79
Creed,215,Cybersecurity Developer,73
Cyril,216,Intelligence Analyst,41
Cyrus,217,Cyber Systems Operations,54
Daisy,218,Cable and Antenna Systems,31
Damon,219,Client Systems,14
Danny,220,Cable and Antenna Systems,23
Dante,221,Computer Systems Programming,42
Darby,222,Fusion Analyst,28
Darcy,223,Radio Frequency Transmission Systems,34
Daren,224,Cybersecurity Developer,78
Darin,225,Developmental Engineer,55
Dario,226,Software Engineer,44
Daron,227,Developmental Engineer,50
Darry,228,Client Systems,26
Daryl,229,Cyber Warfare Operations Officer,79
Daryn,230,Cybersecurity Developer,63
Davey,231,Computer Systems Programming,59
David,232,Cybersecurity Developer,76
Davie,233,Fusion Analyst,33
Davin,234,Intelligence Officer,89
Davis,235,Cyber Systems Operations,51
Davon,236,Fusion Analyst,28
Dayne,237,Intelligence Analyst,54
Deane,238,Security Engineer,75
Debra,239,Software Engineer,53
Deion,240,Cable and Antenna Systems,34
Dejon,241,Radio Frequency Transmission Systems,28
Della,242,Cyber Systems Operations,51
Delos,243,Developmental Engineer,64
Denis,244,Intelligence Officer,86
Denny,245,Cybersecurity Developer,66
Derek,246,Cyber Warfare Operations Officer,63
Deric,247,Developmental Engineer,65
Derik,248,Intelligence Analyst,53
Deron,249,Cyber Warfare Operations Officer,75
Deryl,250,Developmental Engineer,55
Devan,251,Intelligence Analyst,44
Deven,252,Cybersecurity Developer,60
Devin,253,Cyber Warfare Operations Officer,74
Devon,254,Radio Frequency Transmission Systems,23
Devyn,255,Client Systems,11
Dewey,256,Cable and Antenna Systems,20
Dhruv,257,Intelligence Officer,80
Diane,258,Cable and Antenna Systems,33
Diego,259,Intelligence Analyst,40
Dijon,260,Intelligence Analyst,46
Dilan,261,Security Engineer,60
Dixie,262,Cyber Systems Operations,50
Dixon,263,Cable and Antenna Systems,29
Dolph,264,Intelligence Analyst,40
Donal,265,Intelligence Officer,92
Donat,266,Intelligence Officer,89
Donna,267,Developmental Engineer,60
Donny,268,Cyber Warfare Operations Officer,74
Donta,269,Security Engineer,73
Donte,270,Cyber Warfare Operations Officer,80
Doris,271,Developmental Engineer,63
Doyle,272,Security Engineer,64
Drake,273,Software Engineer,45
Drury,274,Client Systems,16
Duane,275,Cable and Antenna Systems,28
Duard,276,Security Engineer,69
Dusty,277,Developmental Engineer,70
Dwain,278,Developmental Engineer,62
Dwane,279,Security Engineer,67
Dylan,280,Intelligence Officer,85
Dylon,281,Cyber Warfare Operations Officer,77
Earle,282,Cable and Antenna Systems,23
Early,283,Software Engineer,51
Eason,284,Intelligence Officer,93
Ebbie,285,Cyber Warfare Operations Officer,64
Ebert,286,Intelligence Officer,86
Eddie,287,Cable and Antenna Systems,22
Edgar,288,Cable and Antenna Systems,29
Edith,289,Computer Systems Programming,60
Edmon,290,Radio Frequency Transmission Systems,27
Edsel,291,Cyber Systems Operations,68
Edson,292,Computer Systems Programming,45
Edwin,293,Client Systems,13
Effie,294,Software Engineer,47
Efrem,295,Cyber Systems Operations,62
Efren,296,Cable and Antenna Systems,40
Einar,297,Fusion Analyst,16
Elden,298,Security Engineer,65
Elder,299,Cable and Antenna Systems,36
Eldon,300,Radio Frequency Transmission Systems,26
Elgie,301,Security Engineer,80
Elgin,302,Intelligence Analyst,50
Elian,303,Security Engineer,61
Elias,304,Client Systems,17
Elick,305,Radio Frequency Transmission Systems,23
Eliel,306,Intelligence Officer,84
Eliga,307,Cybersecurity Developer,61
Elige,308,Developmental Engineer,61
Elihu,309,Client Systems,18
Eliot,310,Intelligence Analyst,48
Eliza,311,Fusion Analyst,15
Ellen,312,Cable and Antenna Systems,32
Ellie,313,Client Systems,12
Ellis,314,Cable and Antenna Systems,26
Elmer,315,Intelligence Officer,92
Elroy,316,Client Systems,25
Elsie,317,Cyber Systems Operations,59
Elton,318,Software Engineer,57
Elvie,319,Computer Systems Programming,53
Elvin,320,Fusion Analyst,26
Elvis,321,Intelligence Analyst,52
Elwin,322,Cable and Antenna Systems,30
Elwyn,323,Security Engineer,74
Elzie,324,Radio Frequency Transmission Systems,33
Emery,325,Security Engineer,70
Emett,326,Cybersecurity Developer,60
Emile,327,Intelligence Analyst,51
Emmet,328,Cyber Systems Operations,66
Emmit,329,Computer Systems Programming,60
Emory,330,Cable and Antenna Systems,40
Ennis,331,Software Engineer,60
Enoch,332,Computer Systems Programming,45
Erich,333,Intelligence Officer,87
Erick,334,Cybersecurity Developer,79
Ernie,335,Cyber Warfare Operations Officer,61
Ernst,336,Cable and Antenna Systems,25
Errol,337,Security Engineer,65
Ervin,338,Client Systems,10
Erwin,339,Radio Frequency Transmission Systems,21
Esker,340,Cyber Warfare Operations Officer,60
Esley,341,Cable and Antenna Systems,39
Essex,342,Fusion Analyst,26
Essie,343,Fusion Analyst,23
Estel,344,Software Engineer,40
Ester,345,Cable and Antenna Systems,20
Estes,346,Cyber Warfare Operations Officer,71
Eston,347,Intelligence Analyst,42
Ethan,348,Cyber Systems Operations,59
Ethel,349,Client Systems,19
Ethen,350,Client Systems,12
Evans,351,Developmental Engineer,64
Evert,352,Client Systems,25
Ewald,353,Cyber Systems Operations,52
Ewart,354,Computer Systems Programming,49
Ewell,355,Computer Systems Programming,54
Ewing,356,Cyber Warfare Operations Officer,66
Ezell,357,Radio Frequency Transmission Systems,21
Faron,358,Cybersecurity Developer,66
Felix,359,Radio Frequency Transmission Systems,37
Fidel,360,Client Systems,22
Finis,361,Computer Systems Programming,60
Fleet,362,Security Engineer,77
Flint,363,Cyber Warfare Operations Officer,72
Flora,364,Intelligence Analyst,59
Floyd,365,Developmental Engineer,51
Flynn,366,Client Systems,17
Fount,367,Computer Systems Programming,43
Frank,368,Cybersecurity Developer,68
Franz,369,Radio Frequency Transmission Systems,23
Fredy,370,Cable and Antenna Systems,40
Fritz,371,Computer Systems Programming,55
Gaige,372,Cable and Antenna Systems,31
Galen,373,Cable and Antenna Systems,20
Garey,374,Intelligence Officer,86
Garry,375,Intelligence Officer,86
Garth,376,Computer Systems Programming,51
Gauge,377,Software Engineer,51
Gaven,378,Cable and Antenna Systems,30
Gavin,379,Cyber Systems Operations,66
Gavyn,380,Software Engineer,42
Gayle,381,Radio Frequency Transmission Systems,29
Geary,382,Cyber Warfare Operations Officer,76
Genie,383,Cyber Systems Operations,67
Geoff,384,Fusion Analyst,15
Gerry,385,Developmental Engineer,61
Giles,386,Security Engineer,80
Glenn,387,Cyber Warfare Operations Officer,60
Glynn,388,Cable and Antenna Systems,36
Gorge,389,Computer Systems Programming,40
Grace,390,Client Systems,26
Grady,391,Security Engineer,67
Grant,392,Client Systems,13
Green,393,Client Systems,13
Gregg,394,Client Systems,24
Grove,395,Computer Systems Programming,47
Guido,396,Intelligence Officer,91
Haden,397,Developmental Engineer,70
Hakim,398,Developmental Engineer,70
Hamza,399,Client Systems,21
Handy,400,Security Engineer,61
Hardy,401,Cyber Warfare Operations Officer,74
Harry,402,Radio Frequency Transmission Systems,20
Harve,403,Client Systems,16
Harvy,404,Radio Frequency Transmission Systems,23
Hasan,405,Client Systems,27
Haven,406,Cyber Systems Operations,69
Hayes,407,Cybersecurity Developer,60
Hazel,408,Fusion Analyst,26
Hazen,409,Developmental Engineer,68
Heath,410,Cable and Antenna Systems,27
Heber,411,Cyber Warfare Operations Officer,78
Helen,412,Intelligence Analyst,50
Hence,413,Radio Frequency Transmission Systems,21
Henri,414,Cyber Warfare Operations Officer,62
Henry,415,Cybersecurity Developer,76
Hideo,416,Developmental Engineer,53
Hiram,417,Software Engineer,55
Holly,418,Developmental Engineer,62
Homer,419,Computer Systems Programming,43
Hosea,420,Cyber Systems Operations,67
Hosie,421,Software Engineer,44
Hyman,422,Cyber Systems Operations,54
Hymen,423,Software Engineer,44
Hyrum,424,Security Engineer,63
Idris,425,Computer Systems Programming,58
Illya,426,Cybersecurity Developer,64
Imran,427,Intelligence Analyst,41
Irene,428,Cyber Systems Operations,69
Irven,429,Intelligence Officer,95
Irvin,430,Intelligence Officer,96
Irwin,431,Software Engineer,47
Isaac,432,Cybersecurity Developer,68
Isaak,433,Computer Systems Programming,55
Isham,434,Cybersecurity Developer,72
Isiah,435,Cable and Antenna Systems,37
Issac,436,Cable and Antenna Systems,29
Ivory,437,Cyber Warfare Operations Officer,76
Jabez,438,Developmental Engineer,60
Jacky,439,Intelligence Analyst,54
Jacob,440,Cybersecurity Developer,79
Jaden,441,Software Engineer,46
Jadon,442,Radio Frequency Transmission Systems,32
Jadyn,443,Security Engineer,68
Jahir,444,Cybersecurity Developer,60
Jaime,445,Client Systems,17
Jairo,446,Security Engineer,75
Jakob,447,Computer Systems Programming,41
Jalen,448,Fusion Analyst,31
Jalon,449,Developmental Engineer,57
Jamal,450,Cyber Systems Operations,52
Jamar,451,Intelligence Officer,99
Jamel,452,Intelligence Analyst,51
James,453,Radio Frequency Transmission Systems,23
Jamey,454,Cable and Antenna Systems,37
Jamie,455,Computer Systems Programming,51
Jamil,456,Software Engineer,46
Jamin,457,Fusion Analyst,15
Jamir,458,Security Engineer,60
Janet,459,Cyber Systems Operations,59
Jarad,460,Developmental Engineer,66
Jared,461,Intelligence Analyst,44
Jaren,462,Cyber Warfare Operations Officer,69
Jaret,463,Cyber Warfare Operations Officer,62
Jarod,464,Intelligence Analyst,40
Jaron,465,Radio Frequency Transmission Systems,26
Jasen,466,Cable and Antenna Systems,32
Jason,467,Fusion Analyst,18
Javen,468,Intelligence Analyst,41
Javon,469,Radio Frequency Transmission Systems,36
Jaxen,470,Cable and Antenna Systems,38
Jaxon,471,Client Systems,16
Jayce,472,Fusion Analyst,33
Jayme,473,Security Engineer,79
Jayse,474,Software Engineer,56
Jemal,475,Client Systems,25
Jerad,476,Radio Frequency Transmission Systems,23
Jered,477,Security Engineer,80
Jerel,478,Intelligence Analyst,42
Jerod,479,Software Engineer,51
Jerry,480,Security Engineer,62
Jesse,481,Intelligence Analyst,51
Jessy,482,Client Systems,29
Jesus,483,Software Engineer,50
Jevon,484,Computer Systems Programming,41
Jewel,485,Cybersecurity Developer,78
Jiles,486,Intelligence Analyst,49
Jimmy,487,Software Engineer,54
Jodie,488,Cyber Warfare Operations Officer,72
Johan,489,Radio Frequency Transmission Systems,20
Johny,490,Radio Frequency Transmission Systems,24
Jonah,491,Client Systems,21
Jonas,492,Cyber Warfare Operations Officer,68
Jones,493,Software Engineer,50
Jordi,494,Computer Systems Programming,44
Jordy,495,Security Engineer,65
Jorge,496,Cyber Systems Operations,69
Josef,497,Fusion Analyst,32
Josue,498,Developmental Engineer,52
Jovan,499,Intelligence Analyst,51
Joyce,500,Security Engineer,64
Judah,501,Cyber Systems Operations,54
Judge,502,Computer Systems Programming,57
Juelz,503,Developmental Engineer,54
Jules,504,Cable and Antenna Systems,40
Julia,505,Intelligence Analyst,54
Julio,506,Computer Systems Programming,58
Juwan,507,Developmental Engineer,57
Kabir,508,Computer Systems Programming,54
Kaden,509,Radio Frequency Transmission Systems,28
Kadin,510,Radio Frequency Transmission Systems,32
Kadyn,511,Cable and Antenna Systems,34
Kairo,512,Client Systems,13
Kaleb,513,Intelligence Officer,100
Kalel,514,Cyber Systems Operations,67
Kalen,515,Developmental Engineer,54
Kanye,516,Cyber Warfare Operations Officer,72
Karen,517,Radio Frequency Transmission Systems,31
Karim,518,Fusion Analyst,24
Kasen,519,Security Engineer,63
Kasey,520,Cybersecurity Developer,62
Kason,521,Computer Systems Programming,45
Kavon,522,Software Engineer,50
Kazuo,523,Intelligence Officer,90
Keanu,524,Developmental Engineer,67
Kegan,525,Cyber Warfare Operations Officer,65
Keion,526,Cyber Systems Operations,63
Keith,527,Cybersecurity Developer,73
Kelan,528,Computer Systems Programming,49
Kelby,529,Cybersecurity Developer,74
Kelly,530,Radio Frequency Transmission Systems,40
Kenan,531,Client Systems,24
Kenji,532,Computer Systems Programming,47
Kenny,533,Developmental Engineer,50
Kenya,534,Intelligence Analyst,48
Kenzo,535,Radio Frequency Transmission Systems,39
Kerry,536,Client Systems,23
Kevan,537,Radio Frequency Transmission Systems,30
Keven,538,Intelligence Officer,88
Kevin,539,Developmental Engineer,54
Kevon,540,Computer Systems Programming,46
Keyon,541,Intelligence Analyst,45
Khari,542,Intelligence Analyst,55
Khiry,543,Cyber Systems Operations,66
Kiaan,544,Security Engineer,62
Kiara,545,Client Systems,28
Kieth,546,Software Engineer,60
Kiley,547,Computer Systems Programming,49
Kinte,548,Client Systems,26
Kirby,549,Software Engineer,60
Knute,550,Developmental Engineer,52
Kohen,551,Cybersecurity Developer,63
Kolby,552,Cybersecurity Developer,63
Korey,553,Intelligence Officer,97
Kraig,554,Intelligence Officer,90
Krish,555,Cable and Antenna Systems,33
Kunta,556,Client Systems,23
Kwame,557,Intelligence Analyst,53
Kylan,558,Client Systems,16
Kylen,559,Developmental Engineer,68
Kyler,560,Radio Frequency Transmission Systems,33
Kyree,561,Cyber Warfare Operations Officer,65
Kyrie,562,Software Engineer,56
Kyron,563,Fusion Analyst,35
Kyson,564,Intelligence Analyst,53
Lacey,565,Cyber Systems Operations,53
Lamar,566,Intelligence Analyst,57
Lance,567,Cyber Systems Operations,70
Lanny,568,Developmental Engineer,54
Laron,569,Security Engineer,74
Larry,570,Radio Frequency Transmission Systems,25
Larue,571,Cyber Warfare Operations Officer,72
Laura,572,Developmental Engineer,66
Lavar,573,Intelligence Officer,87
Lavon,574,Computer Systems Programming,44
Layne,575,Fusion Analyst,31
Leigh,576,Security Engineer,74
Lemon,577,Radio Frequency Transmission Systems,29
Lenny,578,Software Engineer,52
Lenon,579,Intelligence Analyst,47
Leona,580,Radio Frequency Transmission Systems,20
Leroy,581,Intelligence Analyst,40
Levar,582,Intelligence Officer,96
Levie,583,Fusion Analyst,28
Levin,584,Cybersecurity Developer,70
Levon,585,Cable and Antenna Systems,24
Lewis,586,Intelligence Analyst,44
Lexie,587,Security Engineer,64
Linda,588,Cable and Antenna Systems,32
Lindy,589,Computer Systems Programming,54
Linus,590,Computer Systems Programming,52
Linzy,591,Computer Systems Programming,57
Lisle,592,Developmental Engineer,53
Lloyd,593,Client Systems,16
Logan,594,Intelligence Officer,88
Loney,595,Computer Systems Programming,47
Lonie,596,Client Systems,18
Lonny,597,Intelligence Analyst,53
Lonzo,598,Client Systems,17
Loran,599,Client Systems,14
Loren,600,Client Systems,13
Lorin,601,Computer Systems Programming,51
Lorne,602,Software Engineer,56
Louie,603,Intelligence Officer,83
Louis,604,Client Systems,24
Lovie,605,Client Systems,24
Loyal,606,Developmental Engineer,64
Lucas,607,Security Engineer,73
Lucca,608,Computer Systems Programming,46
Lucio,609,Intelligence Officer,100
Lucky,610,Software Engineer,48
Luigi,611,Cyber Systems Operations,58
Lukas,612,Client Systems,11
Lyman,613,Software Engineer,40
Lyric,614,Cyber Systems Operations,61
Mabel,615,Cyber Warfare Operations Officer,76
Maceo,616,Cybersecurity Developer,64
Major,617,Cyber Systems Operations,52
Makai,618,Computer Systems Programming,41
Makhi,619,Cyber Systems Operations,62
Malik,620,Fusion Analyst,15
Mamie,621,Cyber Warfare Operations Officer,76
Manly,622,Intelligence Analyst,45
Marco,623,Intelligence Analyst,54
Maria,624,Computer Systems Programming,57
Marie,625,Cybersecurity Developer,80
Mario,626,Radio Frequency Transmission Systems,40
Marlo,627,Intelligence Officer,88
Marsh,628,Computer Systems Programming,59
Marty,629,Cyber Systems Operations,63
Masao,630,Cybersecurity Developer,70
Masen,631,Radio Frequency Transmission Systems,23
Mason,632,Radio Frequency Transmission Systems,30
Mateo,633,Developmental Engineer,66
Maude,634,Cybersecurity Developer,70
Maury,635,Cyber Warfare Operations Officer,73
Maxie,636,Cyber Systems Operations,64
Maxim,637,Client Systems,23
Mearl,638,Client Systems,30
Mekhi,639,Security Engineer,70
Merle,640,Intelligence Analyst,60
Metro,641,Cybersecurity Developer,69
Meyer,642,Intelligence Officer,96
Micah,643,Software Engineer,43
Micky,644,Developmental Engineer,52
Mikal,645,Fusion Analyst,31
Mikel,646,Radio Frequency Transmission Systems,35
Milan,647,Developmental Engineer,70
Milas,648,Software Engineer,55
Miles,649,Intelligence Analyst,55
Mills,650,Cyber Systems Operations,67
Miner,651,Radio Frequency Transmission Systems,20
Minor,652,Cable and Antenna Systems,22
Mitch,653,Software Engineer,57
Monte,654,Computer Systems Programming,41
Monty,655,Security Engineer,68
Moody,656,Computer Systems Programming,55
Moses,657,Radio Frequency Transmission Systems,36
Moshe,658,Software Engineer,59
Murry,659,Developmental Engineer,52
Mykel,660,Cyber Systems Operations,54
Myles,661,Cyber Warfare Operations Officer,65
Myron,662,Client Systems,21
Najee,663,Client Systems,24
Nakia,664,Computer Systems Programming,43
Namon,665,Cyber Warfare Operations Officer,77
Nancy,666,Cyber Warfare Operations Officer,60
Nasir,667,Radio Frequency Transmission Systems,34
Neely,668,Security Engineer,60
Nello,669,Software Engineer,51
Nevin,670,Security Engineer,71
Nicky,671,Client Systems,12
Nigel,672,Intelligence Analyst,58
Nikko,673,Intelligence Analyst,60
Niles,674,Fusion Analyst,23
Nixon,675,Developmental Engineer,56
Noble,676,Computer Systems Programming,48
Nolan,677,Intelligence Officer,85
Nolen,678,Computer Systems Programming,40
North,679,Cyber Warfare Operations Officer,75
Oddie,680,Radio Frequency Transmission Systems,28
Odell,681,Security Engineer,70
Offie,682,Cable and Antenna Systems,26
Ogden,683,Radio Frequency Transmission Systems,40
Oland,684,Fusion Analyst,19
Olive,685,Security Engineer,68
Ollie,686,Fusion Analyst,24
Omari,687,Client Systems,12
Oneal,688,Developmental Engineer,70
Orion,689,Cyber Systems Operations,66
Orley,690,Fusion Analyst,21
Orlin,691,Cyber Warfare Operations Officer,77
Orren,692,Software Engineer,44
Orrie,693,Intelligence Officer,93
Orrin,694,Radio Frequency Transmission Systems,20
Orris,695,Cyber Systems Operations,68
Orson,696,Cable and Antenna Systems,23
Orval,697,Developmental Engineer,53
Orvel,698,Security Engineer,68
Orvil,699,Cyber Warfare Operations Officer,60
Orvin,700,Client Systems,30
Orvis,701,Radio Frequency Transmission Systems,21
Oscar,702,Developmental Engineer,62
Ossie,703,Developmental Engineer,62
Othel,704,Radio Frequency Transmission Systems,32
Ottie,705,Cybersecurity Developer,77
Ottis,706,Intelligence Analyst,47
Ovila,707,Developmental Engineer,63
Owens,708,Computer Systems Programming,50
Ozell,709,Cybersecurity Developer,67
Ozzie,710,Intelligence Officer,86
Pablo,711,Developmental Engineer,59
Paris,712,Client Systems,27
Patsy,713,Security Engineer,77
Paulo,714,Intelligence Officer,98
Pearl,715,Cybersecurity Developer,77
Pedro,716,Cyber Systems Operations,61
Percy,717,Computer Systems Programming,53
Perry,718,Radio Frequency Transmission Systems,31
Peter,719,Radio Frequency Transmission Systems,30
Philo,720,Radio Frequency Transmission Systems,33
Pleas,721,Intelligence Officer,95
Posey,722,Client Systems,10
Pratt,723,Cyber Warfare Operations Officer,61
Press,724,Cybersecurity Developer,79
Price,725,Intelligence Analyst,52
Pryor,726,Cyber Systems Operations,59
Quinn,727,Security Engineer,68
Quint,728,Client Systems,28
Rahul,729,Security Engineer,74
Ralph,730,Security Engineer,79
Ramon,731,Radio Frequency Transmission Systems,23
Rance,732,Cyber Systems Operations,68
Randy,733,Fusion Analyst,22
Raoul,734,Radio Frequency Transmission Systems,25
Raven,735,Intelligence Analyst,58
Rayan,736,Cyber Systems Operations,60
Reece,737,Computer Systems Programming,44
Reese,738,Cyber Warfare Operations Officer,64
Regan,739,Cyber Warfare Operations Officer,68
Regis,740,Radio Frequency Transmission Systems,23
Reign,741,Cyber Warfare Operations Officer,70
Reino,742,Cybersecurity Developer,80
Reyes,743,Fusion Analyst,25
Rhett,744,Cyber Systems Operations,66
Rhoda,745,Client Systems,26
Riaan,746,Cyber Systems Operations,60
Ricci,747,Fusion Analyst,32
Ricki,748,Fusion Analyst,30
Ricky,749,Cybersecurity Developer,75
Ridge,750,Client Systems,16
Riley,751,Cybersecurity Developer,62
Rishi,752,Radio Frequency Transmission Systems,21
River,753,Client Systems,25
Robby,754,Computer Systems Programming,57
Robin,755,Client Systems,21
Rocco,756,Cable and Antenna Systems,32
Rocky,757,Radio Frequency Transmission Systems,26
Roddy,758,Security Engineer,68
Roger,759,Radio Frequency Transmission Systems,40
Rohan,760,Cable and Antenna Systems,29
Rolla,761,Radio Frequency Transmission Systems,33
Rollo,762,Intelligence Analyst,56
Roman,763,Cybersecurity Developer,61
Romeo,764,Developmental Engineer,55
Romie,765,Fusion Analyst,24
Ronal,766,Cybersecurity Developer,79
Ronan,767,Intelligence Analyst,59
Ronin,768,Computer Systems Programming,50
Ronny,769,Security Engineer,78
Rosco,770,Computer Systems Programming,54
Rowan,771,Cable and Antenna Systems,36
Rowen,772,Radio Frequency Transmission Systems,38
Royal,773,Radio Frequency Transmission Systems,34
Royce,774,Cybersecurity Developer,77
Ruben,775,Cybersecurity Developer,79
Rubin,776,Security Engineer,69
Rufus,777,Cable and Antenna Systems,27
Rusty,778,Cyber Systems Operations,68
Ryder,779,Cyber Systems Operations,62
Ryker,780,Cable and Antenna Systems,39
Rylan,781,Developmental Engineer,68
Rylee,782,Radio Frequency Transmission Systems,25
Rylen,783,Fusion Analyst,30
Ryley,784,Software Engineer,52
Saint,785,Cable and Antenna Systems,33
Salem,786,Client Systems,26
Samie,787,Cable and Antenna Systems,34
Samir,788,Radio Frequency Transmission Systems,30
Sammy,789,Software Engineer,41
Sandy,790,Cybersecurity Developer,73
Santo,791,Developmental Engineer,67
Sarah,792,Client Systems,28
Savon,793,Cable and Antenna Systems,40
Scott,794,Intelligence Analyst,60
Semaj,795,Cybersecurity Developer,72
Seven,796,Cyber Systems Operations,62
Shade,797,Cyber Warfare Operations Officer,79
Shane,798,Computer Systems Programming,51
Shaun,799,Radio Frequency Transmission Systems,36
Shawn,800,Intelligence Officer,82
Shoji,801,Security Engineer,72
Silas,802,Software Engineer,42
Simon,803,Software Engineer,57
Slade,804,Cable and Antenna Systems,40
Smith,805,Radio Frequency Transmission Systems,39
Solon,806,Fusion Analyst,27
Sonny,807,Intelligence Analyst,53
Soren,808,Client Systems,30
Stacy,809,Security Engineer,76
Steve,810,Cyber Warfare Operations Officer,63
Stone,811,Client Systems,14
Storm,812,Cyber Systems Operations,68
Susan,813,Cable and Antenna Systems,33
Susie,814,Software Engineer,47
Sylas,815,Fusion Analyst,35
Tadeo,816,Radio Frequency Transmission Systems,23
Talan,817,Security Engineer,80
Talen,818,Developmental Engineer,54
Talon,819,Developmental Engineer,53
Tammy,820,Cable and Antenna Systems,40
Tandy,821,Cybersecurity Developer,76
Tarik,822,Cybersecurity Developer,72
Tariq,823,Cybersecurity Developer,61
Tatum,824,Intelligence Analyst,49
Tavon,825,Intelligence Analyst,59
Teddy,826,Software Engineer,43
Tegan,827,Fusion Analyst,30
Telly,828,Security Engineer,64
Terry,829,Cable and Antenna Systems,38
Tevin,830,Cable and Antenna Systems,29
Timmy,831,Security Engineer,62
Titan,832,Cyber Systems Operations,69
Titus,833,Intelligence Officer,87
Tobie,834,Security Engineer,62
Tobin,835,Cyber Warfare Operations Officer,67
Toivo,836,Computer Systems Programming,42
Tomas,837,Security Engineer,61
Tomie,838,Cybersecurity Developer,77
Tommy,839,Intelligence Analyst,60
Toney,840,Fusion Analyst,24
Torey,841,Cybersecurity Developer,61
Torin,842,Radio Frequency Transmission Systems,23
Torry,843,Cyber Warfare Operations Officer,69
Trace,844,Intelligence Analyst,40
Tracy,845,Radio Frequency Transmission Systems,36
Trent,846,Fusion Analyst,23
Tripp,847,Cyber Warfare Operations Officer,72
Tyler,848,Computer Systems Programming,51
Tylor,849,Computer Systems Programming,44
Tyree,850,Intelligence Analyst,45
Tyrek,851,Intelligence Analyst,41
Tyrel,852,Cyber Systems Operations,59
Tyrik,853,Fusion Analyst,32
Tyrin,854,Fusion Analyst,26
Tyriq,855,Intelligence Analyst,47
Tyron,856,Radio Frequency Transmission Systems,23
Tyrus,857,Radio Frequency Transmission Systems,21
Tyson,858,Security Engineer,67
Urban,859,Security Engineer,66
Uriah,860,Radio Frequency Transmission Systems,32
Uriel,861,Computer Systems Programming,54
Vance,862,Security Engineer,79
Verle,863,Radio Frequency Transmission Systems,38
Verna,864,Radio Frequency Transmission Systems,31
Verne,865,Fusion Analyst,18
Vidal,866,Cable and Antenna Systems,36
Vince,867,Software Engineer,56
Viola,868,Cyber Warfare Operations Officer,73
Virge,869,Client Systems,20
Waino,870,Software Engineer,58
Waldo,871,Client Systems,20
Wally,872,Intelligence Officer,89
Wayde,873,Cyber Systems Operations,56
Wayne,874,Security Engineer,61
Wells,875,Client Systems,23
Wiley,876,Software Engineer,52
Willy,877,Cyber Systems Operations,59
Woody,878,Fusion Analyst,35
Worth,879,Security Engineer,64
Wyatt,880,Software Engineer,40
Wylie,881,Security Engineer,64
Wyman,882,Cable and Antenna Systems,24
Yahir,883,Developmental Engineer,50
Yahya,884,Developmental Engineer,67
Yancy,885,Developmental Engineer,55
Yosef,886,Computer Systems Programming,49
Young,887,Radio Frequency Transmission Systems,35
Yurem,888,Cyber Systems Operations,64
Yusuf,889,Security Engineer,64
Zahir,890,Fusion Analyst,31
Zaire,891,Developmental Engineer,64
Zakai,892,Intelligence Officer,89
Zayne,893,Fusion Analyst,29
Zenas,894,Client Systems,15
