id,uid,start_date,end_date,action_type,file_path,category
1,1,2022-1-19 4:39:0,2022-1-19 4:51:16,read,Z5index.html,code
2,1,2022-3-18 6:19:0,2022-3-18 6:52:2,read,S6hidden.xml,secret
3,1,2022-3-20 7:28:0,2022-3-20 7:52:17,read,w4style.css,code
4,1,2022-2-11 6:35:0,2022-2-11 6:56:55,read,n4employees.xml,hr
5,1,2022-1-9 21:2:0,2022-1-9 21:53:34,read,v2password.txt,secret
6,1,2022-1-25 4:24:0,2022-1-25 4:53:23,read,Y1script.js,code
7,2,2022-1-22 4:5:0,2022-1-22 4:57:3,read,J2password.txt,secret
8,5,2022-2-18 19:39:0,2022-2-18 19:52:6,read,R4style.css,code
9,5,2022-2-18 0:50:0,2022-2-18 0:57:36,read,U5style.css,code
10,12,2022-2-16 18:45:0,2022-2-16 18:52:3,read,i9employees.xml,hr
11,12,2022-3-13 20:25:0,2022-3-13 20:55:16,read,W4salaries.csv,hr
12,13,2022-3-27 11:5:0,2022-3-27 11:51:23,read,a1script.js,code
13,13,2022-1-21 10:46:0,2022-1-21 10:51:0,read,E7secret.docx,secret
14,13,2022-3-18 15:49:0,2022-3-18 15:55:26,read,w7password.txt,secret
15,13,2022-1-22 23:30:0,2022-1-22 23:56:4,read,x8employees.xml,hr
16,15,2022-2-26 1:4:0,2022-2-26 1:58:39,read,w1index.html,code
17,17,2022-2-17 7:10:0,2022-2-17 7:57:31,read,a1confidential.docx,secret
18,18,2022-1-16 23:20:0,2022-1-16 23:59:12,read,r7secret.docx,secret
19,18,2022-3-5 21:20:0,2022-3-5 21:58:40,read,H0index.html,code
20,18,2022-3-17 23:6:0,2022-3-17 23:53:52,read,R2salaries.csv,hr
21,18,2022-3-26 21:38:0,2022-3-26 21:53:36,read,V3index.html,code
22,18,2022-2-1 8:22:0,2022-2-1 8:52:28,read,j7style.css,code
23,18,2022-2-10 16:38:0,2022-2-10 16:52:43,read,t1config.yaml,code
24,18,2022-1-19 14:40:0,2022-1-19 14:58:26,read,e8index.html,code
25,21,2022-2-27 7:21:0,2022-2-27 7:53:59,read,f3hidden.xml,secret
26,23,2022-3-1 21:16:0,2022-3-1 21:59:42,read,X6script.js,code
27,25,2022-1-13 4:16:0,2022-1-13 4:53:43,read,E0projectdeadlines.xml,pm
28,25,2022-2-7 5:24:0,2022-2-7 5:55:46,read,E1config.yaml,code
29,26,2022-3-28 17:35:0,2022-3-28 17:55:49,read,D6password.txt,secret
30,26,2022-2-21 1:50:0,2022-2-21 1:54:20,read,b1employees.xml,hr
31,27,2022-3-25 18:22:0,2022-3-25 18:54:52,read,y5hidden.xml,secret
32,27,2022-2-10 4:9:0,2022-2-10 4:59:24,read,j8hidden.xml,secret
33,28,2022-3-24 4:40:0,2022-3-24 4:52:14,read,D3employees.xml,hr
34,30,2022-3-27 17:41:0,2022-3-27 17:57:50,read,E3password.txt,secret
35,30,2022-1-12 0:30:0,2022-1-12 0:56:14,read,s0employees.xml,hr
36,30,2022-2-20 13:8:0,2022-2-20 13:58:44,read,B7config.yaml,code
37,30,2022-1-27 7:42:0,2022-1-27 7:58:16,read,w0confidential.docx,secret
38,32,2022-2-18 18:42:0,2022-2-18 18:54:40,read,J6salaries.csv,hr
39,32,2022-1-28 6:19:0,2022-1-28 6:53:29,read,D1script.js,code
40,33,2022-1-4 10:37:0,2022-1-4 10:59:42,read,o2config.yaml,code
41,36,2022-2-13 19:47:0,2022-2-13 19:58:8,read,L8projectdeadlines.xml,pm
42,40,2022-3-15 17:22:0,2022-3-15 17:59:34,read,Q2employees.xml,hr
43,40,2022-1-24 13:45:0,2022-1-24 13:58:55,read,l2hidden.xml,secret
44,41,2022-3-10 21:49:0,2022-3-10 21:51:39,read,j1index.html,code
45,41,2022-1-4 15:27:0,2022-1-4 15:52:13,read,p5secret.docx,secret
46,41,2022-3-8 23:6:0,2022-3-8 23:55:12,read,p4hidden.xml,secret
47,41,2022-1-1 15:39:0,2022-1-1 15:57:18,read,x3employees.xml,hr
48,41,2022-1-22 16:21:0,2022-1-22 16:52:3,read,C6secret.docx,secret
49,41,2022-3-4 7:9:0,2022-3-4 7:54:31,read,B3employees.xml,hr
50,42,2022-2-26 19:13:0,2022-2-26 19:55:46,read,r0password.txt,secret
51,42,2022-1-12 1:39:0,2022-1-12 1:58:19,read,d9index.html,code
52,42,2022-1-8 7:34:0,2022-1-8 7:53:50,read,u7index.html,code
53,42,2022-2-19 1:9:0,2022-2-19 1:59:45,read,L4index.html,code
54,45,2022-1-1 20:19:0,2022-1-1 20:56:13,read,y4config.yaml,code
55,45,2022-1-10 8:34:0,2022-1-10 8:58:7,read,e8script.js,code
56,45,2022-1-25 16:36:0,2022-1-25 16:57:38,read,M7secret.docx,secret
57,45,2022-3-7 8:37:0,2022-3-7 8:55:26,read,E5password.txt,secret
58,45,2022-3-2 5:11:0,2022-3-2 5:54:52,read,J9password.txt,secret
59,45,2022-1-2 6:10:0,2022-1-2 6:58:24,read,j2employees.xml,hr
60,45,2022-1-2 10:38:0,2022-1-2 10:59:3,read,X6main.py,code
61,45,2022-3-24 20:31:0,2022-3-24 20:52:8,read,Q4script.js,code
62,45,2022-1-11 5:46:0,2022-1-11 5:57:43,read,d6employees.xml,hr
63,45,2022-2-13 12:33:0,2022-2-13 12:55:4,read,O2salaries.csv,hr
64,47,2022-2-5 22:40:0,2022-2-5 22:54:28,read,a0password.txt,secret
65,48,2022-1-25 11:29:0,2022-1-25 11:52:19,read,K0hidden.xml,secret
66,48,2022-1-10 20:2:0,2022-1-10 20:52:27,read,F8hidden.xml,secret
67,48,2022-2-3 16:10:0,2022-2-3 16:56:26,read,k0config.yaml,code
68,48,2022-1-28 16:33:0,2022-1-28 16:52:42,read,N0script.js,code
69,54,2022-2-26 5:12:0,2022-2-26 5:56:12,read,j3script.js,code
70,54,2022-1-1 23:30:0,2022-1-1 23:59:40,read,e4confidential.docx,secret
71,55,2022-1-27 19:50:0,2022-1-27 19:54:44,read,W2password.txt,secret
72,55,2022-3-20 0:9:0,2022-3-20 0:55:8,read,L1salaries.csv,hr
73,55,2022-2-16 14:34:0,2022-2-16 14:54:32,read,N6script.js,code
74,56,2022-1-13 10:9:0,2022-1-13 10:56:5,read,u0salaries.csv,hr
75,57,2022-3-15 22:21:0,2022-3-15 22:57:18,read,a9style.css,code
76,59,2022-1-15 4:8:0,2022-1-15 4:53:20,read,o1secret.docx,secret
77,59,2022-2-13 11:19:0,2022-2-13 11:53:14,read,Y2salaries.csv,hr
78,59,2022-1-9 18:5:0,2022-1-9 18:56:18,read,G7hidden.xml,secret
79,61,2022-2-15 19:18:0,2022-2-15 19:56:49,read,r8index.html,code
80,61,2022-1-2 7:42:0,2022-1-2 7:51:37,read,Y3config.yaml,code
81,62,2022-3-2 9:18:0,2022-3-2 9:53:2,read,L5script.js,code
82,62,2022-1-23 23:46:0,2022-1-23 23:53:26,read,j2projectdeadlines.xml,pm
83,62,2022-1-20 23:47:0,2022-1-20 23:53:55,read,x8style.css,code
84,64,2022-2-8 22:6:0,2022-2-8 22:52:30,read,w2password.txt,secret
85,64,2022-2-23 16:4:0,2022-2-23 16:53:27,read,z7salaries.csv,hr
86,66,2022-2-28 1:12:0,2022-2-28 1:59:34,read,a3secret.docx,secret
87,67,2022-3-22 13:45:0,2022-3-22 13:57:27,read,V2index.html,code
88,67,2022-2-6 0:45:0,2022-2-6 0:54:33,read,Q7hidden.xml,secret
89,67,2022-1-10 20:21:0,2022-1-10 20:57:3,read,P4style.css,code
90,67,2022-3-13 21:45:0,2022-3-13 21:51:6,read,J9secret.docx,secret
91,68,2022-1-15 8:5:0,2022-1-15 8:55:14,read,i4style.css,code
92,68,2022-1-16 23:50:0,2022-1-16 23:53:40,read,r4hidden.xml,secret
93,68,2022-1-19 0:21:0,2022-1-19 0:52:8,read,b7style.css,code
94,68,2022-2-1 0:33:0,2022-2-1 0:52:56,read,x8password.txt,secret
95,68,2022-2-15 22:50:0,2022-2-15 22:53:29,read,F1script.js,code
96,68,2022-3-23 13:3:0,2022-3-23 13:53:55,read,O2index.html,code
97,68,2022-1-25 16:20:0,2022-1-25 16:54:23,read,E2employees.xml,hr
98,68,2022-3-18 10:48:0,2022-3-18 10:57:49,read,z4style.css,code
99,68,2022-2-27 3:35:0,2022-2-27 3:57:7,read,N5secret.docx,secret
100,68,2022-1-13 7:31:0,2022-1-13 7:56:38,read,A7script.js,code
101,68,2022-1-15 20:2:0,2022-1-15 20:59:55,read,J0secret.docx,secret
102,69,2022-2-15 14:8:0,2022-2-15 14:56:36,read,V8main.py,code
103,71,2022-2-13 19:14:0,2022-2-13 19:59:15,read,S6projectdeadlines.xml,pm
104,71,2022-2-17 5:48:0,2022-2-17 5:56:0,read,d8index.html,code
105,71,2022-1-5 23:29:0,2022-1-5 23:52:14,read,o6hidden.xml,secret
106,71,2022-2-26 8:48:0,2022-2-26 8:54:49,read,Y6script.js,code
107,74,2022-3-15 14:34:0,2022-3-15 14:59:8,read,f9main.py,code
108,74,2022-1-25 4:6:0,2022-1-25 4:58:21,read,d0secret.docx,secret
109,75,2022-1-5 0:45:0,2022-1-5 0:53:7,read,E5salaries.csv,hr
110,75,2022-3-6 16:19:0,2022-3-6 16:57:58,read,M3confidential.docx,secret
111,75,2022-1-3 19:36:0,2022-1-3 19:59:44,read,E8salaries.csv,hr
112,76,2022-3-10 13:24:0,2022-3-10 13:53:42,read,Q1employees.xml,hr
113,76,2022-2-20 6:17:0,2022-2-20 6:58:44,read,W7index.html,code
114,76,2022-2-27 14:31:0,2022-2-27 14:51:0,read,G1style.css,code
115,76,2022-3-6 10:18:0,2022-3-6 10:53:47,read,M2main.py,code
116,76,2022-2-22 14:8:0,2022-2-22 14:52:51,read,X7style.css,code
117,76,2022-1-2 16:12:0,2022-1-2 16:58:10,read,v9salaries.csv,hr
118,76,2022-3-23 16:1:0,2022-3-23 16:57:15,read,E7main.py,code
119,76,2022-1-27 7:12:0,2022-1-27 7:54:23,read,k5script.js,code
120,81,2022-1-22 17:50:0,2022-1-22 17:58:41,read,p7script.js,code
121,81,2022-1-15 9:33:0,2022-1-15 9:51:21,read,j2main.py,code
122,81,2022-1-20 13:15:0,2022-1-20 13:51:28,read,T0employees.xml,hr
123,85,2022-1-7 11:47:0,2022-1-7 11:56:11,read,F1hidden.xml,secret
124,85,2022-2-23 17:43:0,2022-2-23 17:58:43,read,e6main.py,code
125,85,2022-1-21 9:6:0,2022-1-21 9:58:44,read,U3config.yaml,code
126,85,2022-2-17 23:34:0,2022-2-17 23:52:48,read,R8config.yaml,code
127,86,2022-2-28 20:38:0,2022-2-28 20:59:49,read,W2script.js,code
128,88,2022-3-17 10:19:0,2022-3-17 10:59:36,read,k6salaries.csv,hr
129,90,2022-2-16 8:13:0,2022-2-16 8:53:20,read,B0hidden.xml,secret
130,90,2022-3-24 13:42:0,2022-3-24 13:57:27,read,d8index.html,code
131,90,2022-3-19 3:10:0,2022-3-19 3:54:9,read,S4confidential.docx,secret
132,94,2022-1-14 14:25:0,2022-1-14 14:53:38,read,z6projectdeadlines.xml,pm
133,94,2022-3-16 8:48:0,2022-3-16 8:59:2,read,n0salaries.csv,hr
134,94,2022-2-27 18:25:0,2022-2-27 18:52:4,read,x4style.css,code
135,94,2022-1-4 1:40:0,2022-1-4 1:58:51,read,J2style.css,code
136,94,2022-2-2 22:38:0,2022-2-2 22:54:20,read,I8config.yaml,code
137,94,2022-2-22 5:5:0,2022-2-22 5:53:53,read,m0confidential.docx,secret
138,95,2022-3-7 14:46:0,2022-3-7 14:59:15,read,s7secret.docx,secret
139,95,2022-3-26 8:19:0,2022-3-26 8:53:9,read,A2index.html,code
140,95,2022-2-2 17:46:0,2022-2-2 17:58:27,read,K2main.py,code
141,96,2022-1-20 14:26:0,2022-1-20 14:54:6,read,S4style.css,code
142,96,2022-2-16 23:36:0,2022-2-16 23:55:12,read,P2hidden.xml,secret
143,96,2022-1-11 1:3:0,2022-1-11 1:55:0,read,y1index.html,code
144,96,2022-2-28 18:12:0,2022-2-28 18:51:11,read,i0index.html,code
145,98,2022-1-14 12:8:0,2022-1-14 12:58:3,read,j2confidential.docx,secret
146,99,2022-1-22 4:10:0,2022-1-22 4:56:54,read,p1salaries.csv,hr
147,100,2022-1-23 5:11:0,2022-1-23 5:59:41,read,C0projectdeadlines.xml,pm
148,100,2022-2-27 17:37:0,2022-2-27 17:57:23,read,Y7projectdeadlines.xml,pm
149,100,2022-1-8 12:30:0,2022-1-8 12:58:59,read,x9main.py,code
150,100,2022-2-1 14:1:0,2022-2-1 14:58:1,read,I6config.yaml,code
151,101,2022-1-26 5:27:0,2022-1-26 5:57:27,read,t4employees.xml,hr
152,101,2022-3-10 2:30:0,2022-3-10 2:52:23,read,A0employees.xml,hr
153,101,2022-2-11 20:0:0,2022-2-11 20:51:24,read,Z1script.js,code
154,104,2022-2-14 8:30:0,2022-2-14 8:58:0,read,q5secret.docx,secret
155,104,2022-2-21 4:39:0,2022-2-21 4:55:5,read,P6style.css,code
156,104,2022-1-27 7:49:0,2022-1-27 7:56:43,read,O5employees.xml,hr
157,105,2022-3-1 6:12:0,2022-3-1 6:58:6,read,f2confidential.docx,secret
158,105,2022-3-27 16:46:0,2022-3-27 16:52:30,read,d5style.css,code
159,108,2022-2-26 0:26:0,2022-2-26 0:59:26,read,U8style.css,code
160,109,2022-1-28 17:10:0,2022-1-28 17:51:28,read,B3hidden.xml,secret
161,111,2022-3-12 20:9:0,2022-3-12 20:56:41,read,L1style.css,code
162,111,2022-2-8 20:12:0,2022-2-8 20:55:48,read,g4password.txt,secret
163,112,2022-1-8 16:24:0,2022-1-8 16:58:17,read,L1secret.docx,secret
164,112,2022-2-25 13:40:0,2022-2-25 13:51:21,read,F5secret.docx,secret
165,112,2022-3-1 15:17:0,2022-3-1 15:58:9,read,d7index.html,code
166,113,2022-1-21 22:5:0,2022-1-21 22:56:7,read,l1password.txt,secret
167,113,2022-3-23 0:3:0,2022-3-23 0:57:19,read,Z3script.js,code
168,113,2022-3-4 22:41:0,2022-3-4 22:58:22,read,w0style.css,code
169,113,2022-3-23 21:18:0,2022-3-23 21:55:2,read,P4secret.docx,secret
170,115,2022-1-25 22:26:0,2022-1-25 22:57:48,read,h6config.yaml,code
171,115,2022-1-7 7:26:0,2022-1-7 7:53:17,read,t1hidden.xml,secret
172,117,2022-2-18 7:20:0,2022-2-18 7:55:12,read,Y2secret.docx,secret
173,117,2022-2-11 13:47:0,2022-2-11 13:54:2,read,z1employees.xml,hr
174,117,2022-1-11 19:1:0,2022-1-11 19:56:47,read,w7config.yaml,code
175,118,2022-1-17 10:12:0,2022-1-17 10:56:1,read,m5hidden.xml,secret
176,118,2022-2-12 5:10:0,2022-2-12 5:59:44,read,b7confidential.docx,secret
177,119,2022-2-21 4:27:0,2022-2-21 4:51:58,read,h9confidential.docx,secret
178,119,2022-2-8 1:7:0,2022-2-8 1:51:41,read,A0index.html,code
179,121,2022-3-28 10:2:0,2022-3-28 10:58:15,read,D7password.txt,secret
180,121,2022-3-15 5:4:0,2022-3-15 5:52:55,read,v4confidential.docx,secret
181,121,2022-1-2 12:3:0,2022-1-2 12:52:55,read,U7secret.docx,secret
182,122,2022-3-23 6:11:0,2022-3-23 6:56:15,read,Q4projectdeadlines.xml,pm
183,123,2022-2-22 2:2:0,2022-2-22 2:54:36,read,Q3config.yaml,code
184,123,2022-2-14 11:28:0,2022-2-14 11:51:48,read,b0script.js,code
185,125,2022-2-6 16:37:0,2022-2-6 16:55:13,read,J3main.py,code
186,125,2022-1-8 10:31:0,2022-1-8 10:53:27,read,o7employees.xml,hr
187,125,2022-2-10 0:48:0,2022-2-10 0:56:14,read,P1confidential.docx,secret
188,125,2022-1-17 14:43:0,2022-1-17 14:56:31,read,E9confidential.docx,secret
189,125,2022-2-5 16:45:0,2022-2-5 16:54:16,read,u5index.html,code
190,125,2022-1-13 10:32:0,2022-1-13 10:52:34,read,Q1salaries.csv,hr
191,125,2022-1-17 3:35:0,2022-1-17 3:54:44,read,y0index.html,code
192,125,2022-3-4 6:41:0,2022-3-4 6:52:2,read,S8script.js,code
193,125,2022-2-7 4:34:0,2022-2-7 4:57:27,read,T6main.py,code
194,125,2022-2-16 12:2:0,2022-2-16 12:58:31,read,c5script.js,code
195,125,2022-1-1 8:25:0,2022-1-1 8:57:25,read,A6config.yaml,code
196,126,2022-3-8 2:14:0,2022-3-8 2:52:36,read,X7config.yaml,code
197,126,2022-2-7 19:8:0,2022-2-7 19:55:0,read,I4main.py,code
198,126,2022-3-24 12:37:0,2022-3-24 12:58:55,read,V7style.css,code
199,126,2022-3-28 0:14:0,2022-3-28 0:58:3,read,C7confidential.docx,secret
200,126,2022-3-11 5:18:0,2022-3-11 5:59:4,read,f7script.js,code
201,128,2022-2-4 6:38:0,2022-2-4 6:54:53,read,w4index.html,code
202,128,2022-3-24 15:4:0,2022-3-24 15:56:10,read,y8secret.docx,secret
203,129,2022-3-16 16:44:0,2022-3-16 16:57:24,read,W3confidential.docx,secret
204,129,2022-1-8 22:39:0,2022-1-8 22:55:30,read,w8secret.docx,secret
205,129,2022-1-6 2:30:0,2022-1-6 2:54:34,read,K5main.py,code
206,129,2022-1-3 23:12:0,2022-1-3 23:52:26,read,L5script.js,code
207,129,2022-2-24 22:32:0,2022-2-24 22:56:54,read,Q4config.yaml,code
208,129,2022-1-3 6:27:0,2022-1-3 6:54:21,read,Z1config.yaml,code
209,129,2022-2-8 6:21:0,2022-2-8 6:58:3,read,w7secret.docx,secret
210,129,2022-3-1 5:40:0,2022-3-1 5:52:3,read,W6main.py,code
211,129,2022-3-13 6:20:0,2022-3-13 6:51:45,read,d1config.yaml,code
212,129,2022-2-2 14:31:0,2022-2-2 14:52:38,read,x4style.css,code
213,131,2022-2-1 8:42:0,2022-2-1 8:52:55,read,r2script.js,code
214,131,2022-2-2 1:15:0,2022-2-2 1:54:34,read,s5config.yaml,code
215,133,2022-2-9 7:13:0,2022-2-9 7:53:11,read,g0hidden.xml,secret
216,133,2022-1-27 4:49:0,2022-1-27 4:52:4,read,P8salaries.csv,hr
217,133,2022-1-17 0:8:0,2022-1-17 0:59:5,read,A8salaries.csv,hr
218,133,2022-1-15 23:47:0,2022-1-15 23:52:57,read,e8script.js,code
219,133,2022-3-28 9:1:0,2022-3-28 9:56:16,read,k7hidden.xml,secret
220,133,2022-1-5 12:9:0,2022-1-5 12:58:32,read,X9hidden.xml,secret
221,133,2022-2-9 6:20:0,2022-2-9 6:56:21,read,w8confidential.docx,secret
222,133,2022-3-27 14:3:0,2022-3-27 14:56:34,read,k2style.css,code
223,133,2022-1-24 23:42:0,2022-1-24 23:56:50,read,u5secret.docx,secret
224,133,2022-2-19 15:28:0,2022-2-19 15:54:7,read,R3script.js,code
225,133,2022-2-3 11:31:0,2022-2-3 11:53:46,read,F0script.js,code
226,133,2022-3-9 12:2:0,2022-3-9 12:54:5,read,Z3main.py,code
227,133,2022-2-26 3:15:0,2022-2-26 3:57:17,read,F0script.js,code
228,134,2022-3-21 18:44:0,2022-3-21 18:57:16,read,e9projectdeadlines.xml,pm
229,134,2022-1-9 15:10:0,2022-1-9 15:56:24,read,n6password.txt,secret
230,134,2022-1-22 10:25:0,2022-1-22 10:52:1,read,I3confidential.docx,secret
231,134,2022-1-23 17:9:0,2022-1-23 17:57:8,read,Z7employees.xml,hr
232,134,2022-3-28 18:22:0,2022-3-28 18:57:34,read,z3projectdeadlines.xml,pm
233,134,2022-1-12 2:35:0,2022-1-12 2:53:44,read,d8hidden.xml,secret
234,134,2022-3-16 1:13:0,2022-3-16 1:56:36,read,a2confidential.docx,secret
235,135,2022-2-15 9:6:0,2022-2-15 9:59:23,read,Z9secret.docx,secret
236,135,2022-1-20 5:39:0,2022-1-20 5:51:3,read,p3secret.docx,secret
237,135,2022-3-23 15:9:0,2022-3-23 15:59:46,read,n6script.js,code
238,135,2022-3-8 7:1:0,2022-3-8 7:54:3,read,C8index.html,code
239,141,2022-3-2 0:8:0,2022-3-2 0:53:16,read,a2style.css,code
240,143,2022-1-14 11:37:0,2022-1-14 11:57:42,read,R8secret.docx,secret
241,146,2022-2-8 7:42:0,2022-2-8 7:55:26,read,X2password.txt,secret
242,148,2022-2-13 7:13:0,2022-2-13 7:53:19,read,h0password.txt,secret
243,149,2022-3-20 14:21:0,2022-3-20 14:54:22,read,C3confidential.docx,secret
244,149,2022-2-9 15:13:0,2022-2-9 15:51:55,read,R2secret.docx,secret
245,149,2022-3-2 12:47:0,2022-3-2 12:57:23,read,v8secret.docx,secret
246,149,2022-1-7 20:18:0,2022-1-7 20:51:47,read,m4config.yaml,code
247,149,2022-1-24 9:1:0,2022-1-24 9:53:25,read,O9secret.docx,secret
248,149,2022-2-26 3:37:0,2022-2-26 3:58:19,read,G2password.txt,secret
249,149,2022-3-24 23:30:0,2022-3-24 23:53:20,read,X3projectdeadlines.xml,pm
250,149,2022-3-25 23:12:0,2022-3-25 23:58:55,read,h1password.txt,secret
251,153,2022-1-12 0:10:0,2022-1-12 0:53:32,read,X1employees.xml,hr
252,153,2022-1-22 20:15:0,2022-1-22 20:52:42,read,Y8salaries.csv,hr
253,153,2022-2-18 9:41:0,2022-2-18 9:58:10,read,U2hidden.xml,secret
254,153,2022-1-5 17:37:0,2022-1-5 17:58:11,read,J2config.yaml,code
255,154,2022-3-16 19:22:0,2022-3-16 19:59:36,read,J7script.js,code
256,154,2022-3-27 13:7:0,2022-3-27 13:58:30,read,d2projectdeadlines.xml,pm
257,154,2022-2-24 17:25:0,2022-2-24 17:53:13,read,M0config.yaml,code
258,154,2022-3-6 13:39:0,2022-3-6 13:51:59,read,W7projectdeadlines.xml,pm
259,157,2022-2-2 2:15:0,2022-2-2 2:58:46,read,m7projectdeadlines.xml,pm
260,159,2022-3-24 14:50:0,2022-3-24 14:57:16,read,a6secret.docx,secret
261,159,2022-2-27 11:30:0,2022-2-27 11:59:43,read,O1index.html,code
262,159,2022-2-11 8:6:0,2022-2-11 8:57:45,read,T4employees.xml,hr
263,159,2022-1-23 14:26:0,2022-1-23 14:55:28,read,h4config.yaml,code
264,159,2022-3-15 21:19:0,2022-3-15 21:55:24,read,i1projectdeadlines.xml,pm
265,160,2022-2-5 7:39:0,2022-2-5 7:59:1,read,p1index.html,code
266,162,2022-1-18 17:37:0,2022-1-18 17:57:40,read,l6style.css,code
267,163,2022-3-6 15:42:0,2022-3-6 15:56:12,read,b9main.py,code
268,165,2022-2-20 11:41:0,2022-2-20 11:56:15,read,q2config.yaml,code
269,165,2022-1-10 15:36:0,2022-1-10 15:55:15,read,D4confidential.docx,secret
270,165,2022-3-27 9:25:0,2022-3-27 9:55:16,read,f8script.js,code
271,165,2022-1-16 11:41:0,2022-1-16 11:57:23,read,I2hidden.xml,secret
272,165,2022-2-25 6:42:0,2022-2-25 6:56:6,read,P7confidential.docx,secret
273,165,2022-2-17 6:33:0,2022-2-17 6:54:21,read,O3config.yaml,code
274,167,2022-2-6 10:16:0,2022-2-6 10:51:50,read,o6password.txt,secret
275,167,2022-2-1 3:21:0,2022-2-1 3:54:15,read,V3employees.xml,hr
276,167,2022-1-22 10:31:0,2022-1-22 10:55:55,read,K1confidential.docx,secret
277,167,2022-1-17 10:21:0,2022-1-17 10:55:30,read,Y5config.yaml,code
278,167,2022-1-3 1:28:0,2022-1-3 1:51:7,read,O1hidden.xml,secret
279,167,2022-2-1 6:11:0,2022-2-1 6:55:11,read,T6config.yaml,code
280,167,2022-2-10 3:46:0,2022-2-10 3:57:25,read,i6hidden.xml,secret
281,167,2022-1-7 20:33:0,2022-1-7 20:51:20,read,N9index.html,code
282,171,2022-3-1 13:5:0,2022-3-1 13:51:7,read,l6style.css,code
283,176,2022-3-22 16:7:0,2022-3-22 16:54:20,read,i0salaries.csv,hr
284,176,2022-1-19 15:33:0,2022-1-19 15:53:12,read,q0projectdeadlines.xml,pm
285,177,2022-1-18 23:11:0,2022-1-18 23:56:5,read,S5hidden.xml,secret
286,178,2022-2-25 5:32:0,2022-2-25 5:57:29,read,v0script.js,code
287,179,2022-3-27 11:40:0,2022-3-27 11:51:40,read,l9secret.docx,secret
288,179,2022-2-4 3:45:0,2022-2-4 3:59:51,read,t9index.html,code
289,180,2022-1-11 4:32:0,2022-1-11 4:56:33,read,f2main.py,code
290,180,2022-1-24 18:9:0,2022-1-24 18:51:47,read,e7config.yaml,code
291,182,2022-2-4 21:8:0,2022-2-4 21:57:2,read,M1hidden.xml,secret
292,182,2022-2-28 15:21:0,2022-2-28 15:56:17,read,S1secret.docx,secret
293,183,2022-1-19 18:14:0,2022-1-19 18:59:42,read,I6employees.xml,hr
294,183,2022-1-22 12:2:0,2022-1-22 12:54:33,read,p5salaries.csv,hr
295,183,2022-3-1 1:21:0,2022-3-1 1:52:9,read,W5employees.xml,hr
296,183,2022-1-23 2:44:0,2022-1-23 2:51:12,read,l6config.yaml,code
297,184,2022-3-14 17:14:0,2022-3-14 17:55:30,read,B9style.css,code
298,189,2022-1-24 11:15:0,2022-1-24 11:58:45,read,V2main.py,code
299,190,2022-1-10 20:8:0,2022-1-10 20:54:49,read,b2salaries.csv,hr
300,190,2022-3-17 19:8:0,2022-3-17 19:55:13,read,N6index.html,code
301,192,2022-2-5 6:6:0,2022-2-5 6:57:28,read,Z9main.py,code
302,193,2022-2-28 8:26:0,2022-2-28 8:52:0,read,G6password.txt,secret
303,193,2022-2-17 23:10:0,2022-2-17 23:54:9,read,G3employees.xml,hr
304,193,2022-1-12 3:40:0,2022-1-12 3:51:33,read,h4script.js,code
305,193,2022-1-27 23:43:0,2022-1-27 23:53:51,read,c1salaries.csv,hr
306,193,2022-3-21 18:47:0,2022-3-21 18:51:32,read,A1index.html,code
307,195,2022-2-22 21:23:0,2022-2-22 21:55:57,read,V4secret.docx,secret
308,195,2022-3-18 21:7:0,2022-3-18 21:58:26,read,e5secret.docx,secret
309,195,2022-1-22 1:2:0,2022-1-22 1:54:50,read,F1config.yaml,code
310,198,2022-1-15 4:9:0,2022-1-15 4:58:53,read,v1style.css,code
311,198,2022-2-9 7:37:0,2022-2-9 7:54:16,read,b4secret.docx,secret
312,202,2022-3-7 5:38:0,2022-3-7 5:56:10,read,s8salaries.csv,hr
313,202,2022-2-25 12:43:0,2022-2-25 12:52:19,read,w3projectdeadlines.xml,pm
314,202,2022-1-28 3:7:0,2022-1-28 3:53:26,read,p7salaries.csv,hr
315,202,2022-2-15 9:41:0,2022-2-15 9:59:51,read,J3config.yaml,code
316,202,2022-2-7 17:25:0,2022-2-7 17:57:42,read,v6index.html,code
317,202,2022-2-3 6:47:0,2022-2-3 6:54:39,read,z0secret.docx,secret
318,203,2022-2-8 9:15:0,2022-2-8 9:54:0,read,F3style.css,code
319,203,2022-1-19 23:34:0,2022-1-19 23:56:13,read,n6hidden.xml,secret
320,204,2022-1-13 9:25:0,2022-1-13 9:55:43,read,E9projectdeadlines.xml,pm
321,204,2022-3-4 9:3:0,2022-3-4 9:53:7,read,i8projectdeadlines.xml,pm
322,208,2022-2-5 4:11:0,2022-2-5 4:54:24,read,I6projectdeadlines.xml,pm
323,208,2022-2-20 22:15:0,2022-2-20 22:53:42,read,s1index.html,code
324,208,2022-2-28 21:20:0,2022-2-28 21:51:14,read,V8config.yaml,code
325,208,2022-3-8 19:2:0,2022-3-8 19:53:32,read,W8main.py,code
326,208,2022-1-10 11:7:0,2022-1-10 11:56:3,read,a0projectdeadlines.xml,pm
327,209,2022-2-6 12:8:0,2022-2-6 12:52:9,read,E5secret.docx,secret
328,209,2022-2-21 16:50:0,2022-2-21 16:58:7,read,F8config.yaml,code
329,209,2022-2-27 17:5:0,2022-2-27 17:53:33,read,x8projectdeadlines.xml,pm
330,209,2022-1-22 21:15:0,2022-1-22 21:55:16,read,C3secret.docx,secret
331,209,2022-3-10 3:44:0,2022-3-10 3:57:34,read,t8projectdeadlines.xml,pm
332,211,2022-2-17 0:46:0,2022-2-17 0:54:48,read,m7secret.docx,secret
333,212,2022-3-4 22:24:0,2022-3-4 22:56:10,read,n7main.py,code
334,212,2022-1-10 2:36:0,2022-1-10 2:55:7,read,y7employees.xml,hr
335,214,2022-1-9 5:19:0,2022-1-9 5:57:57,read,y7confidential.docx,secret
336,214,2022-3-28 22:27:0,2022-3-28 22:55:31,read,y6hidden.xml,secret
337,214,2022-1-2 3:39:0,2022-1-2 3:56:31,read,b9hidden.xml,secret
338,219,2022-2-28 5:9:0,2022-2-28 5:53:41,read,d9confidential.docx,secret
339,223,2022-2-14 19:33:0,2022-2-14 19:51:16,read,i0password.txt,secret
340,224,2022-3-19 23:33:0,2022-3-19 23:51:7,read,V8salaries.csv,hr
341,228,2022-2-5 6:34:0,2022-2-5 6:52:25,read,d3config.yaml,code
342,229,2022-3-24 16:25:0,2022-3-24 16:54:18,read,N8employees.xml,hr
343,229,2022-3-8 14:50:0,2022-3-8 14:52:3,read,K5script.js,code
344,229,2022-3-5 18:34:0,2022-3-5 18:55:57,read,n8salaries.csv,hr
345,229,2022-1-8 1:28:0,2022-1-8 1:53:58,read,J1config.yaml,code
346,230,2022-2-16 17:0:0,2022-2-16 17:51:3,read,V2script.js,code
347,231,2022-2-3 0:30:0,2022-2-3 0:58:19,read,C7confidential.docx,secret
348,231,2022-1-3 6:18:0,2022-1-3 6:51:20,read,a7style.css,code
349,231,2022-1-21 7:8:0,2022-1-21 7:59:42,read,S2script.js,code
350,235,2022-3-2 10:35:0,2022-3-2 10:56:7,read,m9config.yaml,code
351,236,2022-3-9 14:8:0,2022-3-9 14:56:48,read,v3style.css,code
352,236,2022-2-27 17:34:0,2022-2-27 17:55:9,read,f1script.js,code
353,236,2022-3-22 4:12:0,2022-3-22 4:58:32,read,S2secret.docx,secret
354,236,2022-1-12 8:0:0,2022-1-12 8:58:40,read,j6style.css,code
355,236,2022-2-9 16:15:0,2022-2-9 16:57:16,read,H8password.txt,secret
356,236,2022-1-16 20:19:0,2022-1-16 20:51:22,read,A2secret.docx,secret
357,237,2022-1-2 17:13:0,2022-1-2 17:58:23,read,z6confidential.docx,secret
358,237,2022-1-13 15:21:0,2022-1-13 15:53:19,read,s6salaries.csv,hr
359,237,2022-3-23 6:45:0,2022-3-23 6:53:23,read,j0confidential.docx,secret
360,237,2022-3-28 12:20:0,2022-3-28 12:57:25,read,P4config.yaml,code
361,238,2022-2-1 23:32:0,2022-2-1 23:57:47,read,S2confidential.docx,secret
362,238,2022-3-7 22:16:0,2022-3-7 22:56:10,read,Z1employees.xml,hr
363,238,2022-3-24 8:5:0,2022-3-24 8:54:41,read,G6secret.docx,secret
364,239,2022-1-27 5:6:0,2022-1-27 5:53:43,read,z8hidden.xml,secret
365,239,2022-3-2 5:48:0,2022-3-2 5:53:25,read,f5password.txt,secret
366,239,2022-1-20 7:29:0,2022-1-20 7:54:28,read,I9confidential.docx,secret
367,239,2022-3-17 21:7:0,2022-3-17 21:52:8,read,t5confidential.docx,secret
368,239,2022-2-21 15:10:0,2022-2-21 15:54:56,read,K0hidden.xml,secret
369,239,2022-3-8 2:27:0,2022-3-8 2:56:31,read,i0index.html,code
370,240,2022-3-24 10:5:0,2022-3-24 10:51:12,read,v3secret.docx,secret
371,240,2022-3-5 21:47:0,2022-3-5 21:53:4,read,J9projectdeadlines.xml,pm
372,240,2022-3-8 17:47:0,2022-3-8 17:57:27,read,x1style.css,code
373,240,2022-3-6 7:23:0,2022-3-6 7:56:9,read,G2salaries.csv,hr
374,241,2022-1-12 13:29:0,2022-1-12 13:51:52,read,d8script.js,code
375,242,2022-3-15 12:0:0,2022-3-15 12:52:20,read,w5salaries.csv,hr
376,244,2022-2-22 16:1:0,2022-2-22 16:59:32,read,g3salaries.csv,hr
377,244,2022-1-1 23:30:0,2022-1-1 23:53:46,read,k1main.py,code
378,244,2022-3-19 12:33:0,2022-3-19 12:56:35,read,i2confidential.docx,secret
379,244,2022-3-23 18:12:0,2022-3-23 18:57:7,read,I9hidden.xml,secret
380,244,2022-3-11 22:44:0,2022-3-11 22:53:33,read,S2employees.xml,hr
381,244,2022-1-28 18:9:0,2022-1-28 18:57:38,read,Z5password.txt,secret
382,244,2022-3-22 19:43:0,2022-3-22 19:58:56,read,i5employees.xml,hr
383,244,2022-2-18 9:19:0,2022-2-18 9:55:55,read,k7password.txt,secret
384,244,2022-2-11 10:43:0,2022-2-11 10:58:32,read,B9index.html,code
385,246,2022-3-2 20:33:0,2022-3-2 20:54:52,read,Y1hidden.xml,secret
386,246,2022-3-3 1:32:0,2022-3-3 1:51:21,read,m0employees.xml,hr
387,246,2022-2-13 22:23:0,2022-2-13 22:55:51,read,r1config.yaml,code
388,246,2022-3-19 15:37:0,2022-3-19 15:59:41,read,Y3index.html,code
389,246,2022-2-14 6:30:0,2022-2-14 6:55:40,read,y5password.txt,secret
390,248,2022-3-12 14:49:0,2022-3-12 14:54:52,read,T4confidential.docx,secret
391,248,2022-3-4 5:14:0,2022-3-4 5:53:20,read,r1style.css,code
392,248,2022-3-5 1:27:0,2022-3-5 1:52:35,read,B6main.py,code
393,248,2022-3-22 15:38:0,2022-3-22 15:53:43,read,y3salaries.csv,hr
394,249,2022-2-25 6:27:0,2022-2-25 6:52:20,read,O8secret.docx,secret
395,249,2022-3-9 21:46:0,2022-3-9 21:56:18,read,X0index.html,code
396,251,2022-2-2 9:15:0,2022-2-2 9:57:56,read,g4password.txt,secret
397,251,2022-3-10 23:14:0,2022-3-10 23:52:36,read,x5hidden.xml,secret
398,251,2022-1-6 16:27:0,2022-1-6 16:52:14,read,a7password.txt,secret
399,252,2022-3-4 9:23:0,2022-3-4 9:53:25,read,A6projectdeadlines.xml,pm
400,254,2022-1-11 7:2:0,2022-1-11 7:55:33,read,Y3index.html,code
401,254,2022-1-3 10:43:0,2022-1-3 10:59:17,read,E4script.js,code
402,254,2022-2-4 0:13:0,2022-2-4 0:54:37,read,O2confidential.docx,secret
403,257,2022-2-24 4:27:0,2022-2-24 4:55:4,read,p9password.txt,secret
404,259,2022-2-21 8:5:0,2022-2-21 8:55:55,read,V0employees.xml,hr
405,260,2022-3-9 11:31:0,2022-3-9 11:55:58,read,O9hidden.xml,secret
406,261,2022-3-14 1:44:0,2022-3-14 1:55:37,read,E3secret.docx,secret
407,263,2022-2-23 5:44:0,2022-2-23 5:57:51,read,r0secret.docx,secret
408,263,2022-1-6 4:35:0,2022-1-6 4:55:7,read,S8projectdeadlines.xml,pm
409,263,2022-3-27 0:31:0,2022-3-27 0:54:34,read,O5secret.docx,secret
410,263,2022-3-14 22:3:0,2022-3-14 22:59:55,read,j8config.yaml,code
411,263,2022-3-6 1:0:0,2022-3-6 1:59:6,read,w0main.py,code
412,264,2022-1-21 3:0:0,2022-1-21 3:56:49,read,T3secret.docx,secret
413,267,2022-1-11 18:1:0,2022-1-11 18:51:9,read,T5config.yaml,code
414,267,2022-2-22 3:5:0,2022-2-22 3:58:11,read,B6script.js,code
415,268,2022-3-27 17:20:0,2022-3-27 17:57:33,read,G4salaries.csv,hr
416,268,2022-1-25 4:5:0,2022-1-25 4:58:32,read,w8main.py,code
417,268,2022-2-12 19:0:0,2022-2-12 19:56:9,read,h9projectdeadlines.xml,pm
418,268,2022-2-14 18:17:0,2022-2-14 18:55:25,read,z4password.txt,secret
419,270,2022-2-25 3:29:0,2022-2-25 3:55:45,read,S0secret.docx,secret
420,270,2022-1-13 21:13:0,2022-1-13 21:51:29,read,l3employees.xml,hr
421,270,2022-3-5 6:19:0,2022-3-5 6:53:59,read,E2script.js,code
422,271,2022-2-27 15:39:0,2022-2-27 15:58:47,read,C3config.yaml,code
423,271,2022-3-26 12:21:0,2022-3-26 12:51:21,read,y9employees.xml,hr
424,273,2022-2-22 7:30:0,2022-2-22 7:58:40,read,W0employees.xml,hr
425,273,2022-1-1 22:25:0,2022-1-1 22:55:18,read,V4config.yaml,code
426,273,2022-1-1 18:28:0,2022-1-1 18:52:9,read,Y3employees.xml,hr
427,273,2022-1-25 23:50:0,2022-1-25 23:55:3,read,a5style.css,code
428,273,2022-2-8 8:4:0,2022-2-8 8:58:26,read,B8config.yaml,code
429,277,2022-1-23 22:43:0,2022-1-23 22:54:17,read,z1confidential.docx,secret
430,280,2022-2-22 9:48:0,2022-2-22 9:56:17,read,S3config.yaml,code
431,281,2022-2-2 19:33:0,2022-2-2 19:58:6,read,H1password.txt,secret
432,281,2022-3-26 5:35:0,2022-3-26 5:52:18,read,T7projectdeadlines.xml,pm
433,286,2022-2-14 5:33:0,2022-2-14 5:51:6,read,x5index.html,code
434,286,2022-3-2 22:36:0,2022-3-2 22:51:43,read,X8style.css,code
435,287,2022-3-21 18:7:0,2022-3-21 18:56:19,read,S3confidential.docx,secret
436,287,2022-3-7 8:3:0,2022-3-7 8:52:24,read,G2confidential.docx,secret
437,289,2022-3-24 18:2:0,2022-3-24 18:55:4,read,x6password.txt,secret
438,289,2022-2-18 8:11:0,2022-2-18 8:59:43,read,h2config.yaml,code
439,289,2022-1-24 17:15:0,2022-1-24 17:56:15,read,m0style.css,code
440,289,2022-1-10 17:16:0,2022-1-10 17:58:58,read,J9style.css,code
441,291,2022-2-7 11:49:0,2022-2-7 11:53:31,read,w1password.txt,secret
442,292,2022-2-27 19:44:0,2022-2-27 19:53:41,read,L2main.py,code
443,292,2022-3-12 14:7:0,2022-3-12 14:59:34,read,I7style.css,code
444,293,2022-1-1 10:11:0,2022-1-1 10:59:30,read,f7style.css,code
445,293,2022-2-14 1:41:0,2022-2-14 1:59:8,read,h4confidential.docx,secret
446,293,2022-1-11 19:43:0,2022-1-11 19:59:43,read,m6main.py,code
447,293,2022-3-27 10:35:0,2022-3-27 10:54:30,read,Z5config.yaml,code
448,293,2022-2-4 16:13:0,2022-2-4 16:59:33,read,w1main.py,code
449,293,2022-3-25 15:3:0,2022-3-25 15:54:19,read,K2script.js,code
450,293,2022-1-13 5:25:0,2022-1-13 5:52:51,read,A2script.js,code
451,293,2022-2-6 19:42:0,2022-2-6 19:51:32,read,i1hidden.xml,secret
452,293,2022-1-28 0:11:0,2022-1-28 0:55:50,read,g7script.js,code
453,295,2022-3-16 11:41:0,2022-3-16 11:51:27,read,W3password.txt,secret
454,295,2022-3-20 8:26:0,2022-3-20 8:59:59,read,f1config.yaml,code
455,295,2022-1-13 1:23:0,2022-1-13 1:56:28,read,x6salaries.csv,hr
456,295,2022-3-2 1:50:0,2022-3-2 1:54:13,read,o8config.yaml,code
457,295,2022-1-16 16:16:0,2022-1-16 16:58:35,read,F5confidential.docx,secret
458,295,2022-1-4 18:12:0,2022-1-4 18:53:25,read,w1salaries.csv,hr
459,297,2022-3-17 5:40:0,2022-3-17 5:53:53,read,O5config.yaml,code
460,297,2022-3-3 1:21:0,2022-3-3 1:52:41,read,u3main.py,code
461,297,2022-2-12 19:44:0,2022-2-12 19:53:39,read,N8confidential.docx,secret
462,301,2022-3-21 13:33:0,2022-3-21 13:58:44,read,k2confidential.docx,secret
463,302,2022-2-18 14:29:0,2022-2-18 14:58:14,read,I4config.yaml,code
464,302,2022-1-14 0:32:0,2022-1-14 0:51:9,read,M0employees.xml,hr
465,302,2022-2-16 17:18:0,2022-2-16 17:55:52,read,N0secret.docx,secret
466,304,2022-2-18 15:26:0,2022-2-18 15:51:12,read,r8hidden.xml,secret
467,306,2022-2-11 21:50:0,2022-2-11 21:52:56,read,C4secret.docx,secret
468,309,2022-2-7 12:33:0,2022-2-7 12:52:6,read,x2secret.docx,secret
469,310,2022-1-12 21:44:0,2022-1-12 21:59:35,read,C3config.yaml,code
470,310,2022-2-20 0:39:0,2022-2-20 0:57:20,read,G4password.txt,secret
471,310,2022-1-7 19:12:0,2022-1-7 19:57:33,read,J4script.js,code
472,311,2022-3-9 13:40:0,2022-3-9 13:55:49,read,P4hidden.xml,secret
473,312,2022-3-22 2:27:0,2022-3-22 2:58:43,read,L1main.py,code
474,312,2022-3-3 0:7:0,2022-3-3 0:54:50,read,a1secret.docx,secret
475,313,2022-1-9 22:22:0,2022-1-9 22:56:32,read,y4index.html,code
476,313,2022-3-26 20:2:0,2022-3-26 20:58:27,read,M7password.txt,secret
477,313,2022-3-5 2:18:0,2022-3-5 2:56:43,read,a9password.txt,secret
478,313,2022-1-5 23:22:0,2022-1-5 23:52:34,read,t1config.yaml,code
479,313,2022-3-3 16:40:0,2022-3-3 16:54:15,read,V2password.txt,secret
480,313,2022-2-7 8:25:0,2022-2-7 8:59:47,read,V9hidden.xml,secret
481,313,2022-1-20 8:49:0,2022-1-20 8:59:49,read,Z5employees.xml,hr
482,313,2022-1-19 18:42:0,2022-1-19 18:57:15,read,n1config.yaml,code
483,313,2022-2-26 8:25:0,2022-2-26 8:56:53,read,n9secret.docx,secret
484,313,2022-1-16 12:44:0,2022-1-16 12:51:54,read,j2salaries.csv,hr
485,313,2022-3-6 23:26:0,2022-3-6 23:57:42,read,G1password.txt,secret
486,314,2022-2-5 9:12:0,2022-2-5 9:55:5,read,e1secret.docx,secret
487,314,2022-1-2 19:17:0,2022-1-2 19:58:29,read,V2style.css,code
488,314,2022-2-3 17:47:0,2022-2-3 17:52:30,read,a2style.css,code
489,316,2022-3-18 16:48:0,2022-3-18 16:59:22,read,Q6style.css,code
490,316,2022-1-28 14:35:0,2022-1-28 14:54:41,read,a0config.yaml,code
491,316,2022-3-20 9:43:0,2022-3-20 9:52:6,read,z5config.yaml,code
492,316,2022-3-5 10:13:0,2022-3-5 10:54:39,read,n6salaries.csv,hr
493,316,2022-2-5 8:32:0,2022-2-5 8:54:49,read,H1employees.xml,hr
494,316,2022-2-9 23:44:0,2022-2-9 23:58:20,read,t5hidden.xml,secret
495,316,2022-1-1 2:41:0,2022-1-1 2:56:17,read,e5config.yaml,code
496,319,2022-1-21 5:47:0,2022-1-21 5:59:48,read,S3index.html,code
497,321,2022-3-9 20:38:0,2022-3-9 20:54:47,read,Q0main.py,code
498,321,2022-3-19 14:29:0,2022-3-19 14:59:27,read,h9config.yaml,code
499,323,2022-2-13 12:22:0,2022-2-13 12:59:9,read,X4salaries.csv,hr
500,323,2022-3-9 16:23:0,2022-3-9 16:59:47,read,z7script.js,code
501,323,2022-2-15 11:39:0,2022-2-15 11:55:23,read,A1script.js,code
502,323,2022-2-24 6:25:0,2022-2-24 6:55:46,read,q1projectdeadlines.xml,pm
503,324,2022-1-9 3:6:0,2022-1-9 3:55:35,read,J7employees.xml,hr
504,324,2022-2-15 3:25:0,2022-2-15 3:51:12,read,l1config.yaml,code
505,324,2022-2-20 18:50:0,2022-2-20 18:52:31,read,H7script.js,code
506,324,2022-1-3 16:24:0,2022-1-3 16:53:30,read,j4projectdeadlines.xml,pm
507,326,2022-1-5 4:6:0,2022-1-5 4:58:35,read,Z9projectdeadlines.xml,pm
508,326,2022-3-25 14:5:0,2022-3-25 14:56:39,read,H9config.yaml,code
509,326,2022-2-1 1:34:0,2022-2-1 1:52:12,read,C2salaries.csv,hr
510,326,2022-1-12 9:34:0,2022-1-12 9:56:30,read,J0employees.xml,hr
511,326,2022-3-5 15:50:0,2022-3-5 15:52:33,read,r1style.css,code
512,331,2022-2-11 1:25:0,2022-2-11 1:54:29,read,w2main.py,code
513,331,2022-2-16 23:34:0,2022-2-16 23:52:23,read,Z1config.yaml,code
514,332,2022-1-15 18:26:0,2022-1-15 18:52:15,read,m8secret.docx,secret
515,335,2022-2-10 0:28:0,2022-2-10 0:54:21,read,p9style.css,code
516,335,2022-2-14 12:47:0,2022-2-14 12:52:5,read,U0salaries.csv,hr
517,336,2022-3-12 20:8:0,2022-3-12 20:57:7,read,u0style.css,code
518,336,2022-3-20 16:46:0,2022-3-20 16:59:26,read,N5style.css,code
519,337,2022-3-12 6:46:0,2022-3-12 6:58:35,read,h1script.js,code
520,337,2022-2-13 1:30:0,2022-2-13 1:56:28,read,f7script.js,code
521,338,2022-3-7 0:26:0,2022-3-7 0:53:44,read,e7main.py,code
522,339,2022-3-11 19:0:0,2022-3-11 19:54:57,read,K7main.py,code
523,340,2022-3-7 15:7:0,2022-3-7 15:52:32,read,d3hidden.xml,secret
524,343,2022-2-14 19:32:0,2022-2-14 19:58:6,read,K5script.js,code
525,343,2022-3-28 2:1:0,2022-3-28 2:54:50,read,d4config.yaml,code
526,343,2022-3-7 12:39:0,2022-3-7 12:53:56,read,d8salaries.csv,hr
527,343,2022-2-16 13:10:0,2022-2-16 13:54:32,read,o8style.css,code
528,343,2022-1-7 12:46:0,2022-1-7 12:58:50,read,F9projectdeadlines.xml,pm
529,343,2022-2-8 4:13:0,2022-2-8 4:56:25,read,C7script.js,code
530,343,2022-3-11 9:15:0,2022-3-11 9:51:37,read,i4secret.docx,secret
531,343,2022-2-13 10:2:0,2022-2-13 10:54:42,read,W2hidden.xml,secret
532,345,2022-3-14 16:5:0,2022-3-14 16:54:44,read,q8main.py,code
533,345,2022-3-10 17:24:0,2022-3-10 17:59:31,read,c3password.txt,secret
534,345,2022-2-26 12:21:0,2022-2-26 12:57:23,read,c5style.css,code
535,345,2022-1-24 18:17:0,2022-1-24 18:52:46,read,s6config.yaml,code
536,348,2022-3-7 7:24:0,2022-3-7 7:52:54,read,L5script.js,code
537,348,2022-1-17 12:17:0,2022-1-17 12:57:23,read,C8employees.xml,hr
538,350,2022-1-20 23:2:0,2022-1-20 23:53:22,read,H0salaries.csv,hr
539,351,2022-2-19 9:18:0,2022-2-19 9:55:23,read,n8script.js,code
540,356,2022-1-4 11:20:0,2022-1-4 11:56:57,read,O3index.html,code
541,356,2022-3-18 3:49:0,2022-3-18 3:56:53,read,D7employees.xml,hr
542,356,2022-1-8 9:7:0,2022-1-8 9:59:37,read,x1confidential.docx,secret
543,357,2022-3-7 0:39:0,2022-3-7 0:53:40,read,w5config.yaml,code
544,357,2022-3-21 16:17:0,2022-3-21 16:52:42,read,a9index.html,code
545,357,2022-1-25 14:43:0,2022-1-25 14:55:56,read,G8style.css,code
546,357,2022-3-5 15:28:0,2022-3-5 15:59:55,read,o7password.txt,secret
547,357,2022-3-25 9:50:0,2022-3-25 9:52:14,read,k9secret.docx,secret
548,357,2022-1-7 16:35:0,2022-1-7 16:58:36,read,Q2index.html,code
549,358,2022-1-10 19:48:0,2022-1-10 19:52:51,read,M0script.js,code
550,358,2022-1-19 21:47:0,2022-1-19 21:51:18,read,N6config.yaml,code
551,358,2022-2-14 11:17:0,2022-2-14 11:51:26,read,n5confidential.docx,secret
552,358,2022-1-13 14:47:0,2022-1-13 14:59:54,read,K2main.py,code
553,358,2022-2-7 20:38:0,2022-2-7 20:52:44,read,l5script.js,code
554,358,2022-3-27 14:20:0,2022-3-27 14:54:6,read,d7style.css,code
555,359,2022-2-7 9:8:0,2022-2-7 9:58:13,read,j4config.yaml,code
556,364,2022-2-7 10:31:0,2022-2-7 10:52:53,read,F7script.js,code
557,365,2022-3-17 3:0:0,2022-3-17 3:55:21,read,k0style.css,code
558,366,2022-3-22 0:1:0,2022-3-22 0:59:22,read,A6script.js,code
559,366,2022-1-17 12:39:0,2022-1-17 12:58:30,read,E7projectdeadlines.xml,pm
560,366,2022-3-28 6:10:0,2022-3-28 6:59:5,read,B8password.txt,secret
561,366,2022-3-6 19:14:0,2022-3-6 19:55:42,read,m5style.css,code
562,371,2022-2-22 21:3:0,2022-2-22 21:53:16,read,B3projectdeadlines.xml,pm
563,371,2022-1-22 19:19:0,2022-1-22 19:57:37,read,h7config.yaml,code
564,372,2022-3-21 11:20:0,2022-3-21 11:52:37,read,X6hidden.xml,secret
565,372,2022-3-2 20:8:0,2022-3-2 20:54:15,read,q9main.py,code
566,372,2022-1-28 7:15:0,2022-1-28 7:55:5,read,V5secret.docx,secret
567,374,2022-1-18 8:37:0,2022-1-18 8:51:18,read,P7password.txt,secret
568,375,2022-2-7 5:24:0,2022-2-7 5:57:13,read,y1script.js,code
569,375,2022-3-15 20:31:0,2022-3-15 20:51:49,read,F7projectdeadlines.xml,pm
570,375,2022-1-9 21:4:0,2022-1-9 21:58:40,read,Y6style.css,code
571,375,2022-1-11 18:45:0,2022-1-11 18:56:19,read,C1employees.xml,hr
572,375,2022-1-13 21:32:0,2022-1-13 21:57:13,read,F0password.txt,secret
573,377,2022-1-28 15:25:0,2022-1-28 15:53:28,read,f0secret.docx,secret
574,379,2022-2-1 18:2:0,2022-2-1 18:56:39,read,z2index.html,code
575,379,2022-2-22 12:19:0,2022-2-22 12:54:18,read,H7projectdeadlines.xml,pm
576,379,2022-2-7 11:24:0,2022-2-7 11:53:28,read,c0salaries.csv,hr
577,379,2022-1-8 15:38:0,2022-1-8 15:54:38,read,d2salaries.csv,hr
578,379,2022-3-12 23:9:0,2022-3-12 23:52:48,read,B2confidential.docx,secret
579,380,2022-2-2 16:18:0,2022-2-2 16:53:45,read,B0hidden.xml,secret
580,381,2022-2-4 16:27:0,2022-2-4 16:56:1,read,j8main.py,code
581,381,2022-3-13 9:5:0,2022-3-13 9:58:45,read,d8style.css,code
582,382,2022-1-25 2:43:0,2022-1-25 2:51:56,read,K3confidential.docx,secret
583,383,2022-2-26 23:40:0,2022-2-26 23:51:3,read,F2employees.xml,hr
584,384,2022-3-9 12:8:0,2022-3-9 12:54:57,read,I9password.txt,secret
585,384,2022-1-26 17:26:0,2022-1-26 17:57:50,read,e9confidential.docx,secret
586,385,2022-2-1 15:11:0,2022-2-1 15:58:42,read,n4salaries.csv,hr
587,386,2022-1-16 12:33:0,2022-1-16 12:58:44,read,M4salaries.csv,hr
588,388,2022-1-10 10:47:0,2022-1-10 10:56:22,read,h6index.html,code
589,388,2022-3-27 8:10:0,2022-3-27 8:52:43,read,N6index.html,code
590,388,2022-2-14 9:23:0,2022-2-14 9:59:53,read,m6password.txt,secret
591,388,2022-1-13 7:8:0,2022-1-13 7:59:43,read,m0employees.xml,hr
592,388,2022-2-15 9:16:0,2022-2-15 9:56:33,read,r7projectdeadlines.xml,pm
593,388,2022-3-28 14:43:0,2022-3-28 14:55:23,read,g4projectdeadlines.xml,pm
594,391,2022-2-23 2:24:0,2022-2-23 2:52:48,read,x8hidden.xml,secret
595,392,2022-2-28 21:12:0,2022-2-28 21:51:50,read,g1confidential.docx,secret
596,393,2022-2-2 11:47:0,2022-2-2 11:55:59,read,z4confidential.docx,secret
597,393,2022-3-8 12:34:0,2022-3-8 12:56:25,read,t6config.yaml,code
598,395,2022-2-19 14:26:0,2022-2-19 14:59:57,read,z9script.js,code
599,395,2022-1-19 4:35:0,2022-1-19 4:54:43,read,H1main.py,code
600,398,2022-2-23 13:37:0,2022-2-23 13:52:14,read,z2secret.docx,secret
601,398,2022-1-21 0:15:0,2022-1-21 0:51:35,read,c5config.yaml,code
602,400,2022-3-24 13:8:0,2022-3-24 13:53:34,read,f9employees.xml,hr
603,400,2022-3-23 1:26:0,2022-3-23 1:55:42,read,K6salaries.csv,hr
604,400,2022-2-2 22:17:0,2022-2-2 22:54:20,read,b4employees.xml,hr
605,400,2022-2-9 23:39:0,2022-2-9 23:55:6,read,K1employees.xml,hr
606,402,2022-2-28 11:29:0,2022-2-28 11:55:35,read,Z3script.js,code
607,413,2022-3-19 9:25:0,2022-3-19 9:59:44,read,w9salaries.csv,hr
608,413,2022-1-4 19:1:0,2022-1-4 19:54:35,read,s2index.html,code
609,413,2022-2-18 19:25:0,2022-2-18 19:57:34,read,z0projectdeadlines.xml,pm
610,414,2022-3-17 13:7:0,2022-3-17 13:51:19,read,k0script.js,code
611,418,2022-2-21 17:4:0,2022-2-21 17:56:30,read,z6confidential.docx,secret
612,420,2022-1-24 12:48:0,2022-1-24 12:57:27,read,X5confidential.docx,secret
613,420,2022-3-2 19:10:0,2022-3-2 19:57:29,read,V8main.py,code
614,420,2022-1-25 14:33:0,2022-1-25 14:56:10,read,m6script.js,code
615,420,2022-3-21 23:46:0,2022-3-21 23:56:3,read,X9projectdeadlines.xml,pm
616,420,2022-3-26 3:28:0,2022-3-26 3:53:59,read,R9hidden.xml,secret
617,420,2022-2-26 10:5:0,2022-2-26 10:53:25,read,S1password.txt,secret
618,420,2022-3-24 20:33:0,2022-3-24 20:55:25,read,a7hidden.xml,secret
619,420,2022-1-26 3:4:0,2022-1-26 3:51:23,read,w0config.yaml,code
620,420,2022-1-12 17:18:0,2022-1-12 17:51:27,read,C3main.py,code
621,420,2022-1-7 4:36:0,2022-1-7 4:59:57,read,J2password.txt,secret
622,422,2022-2-9 20:38:0,2022-2-9 20:51:27,read,t2hidden.xml,secret
623,422,2022-2-1 22:46:0,2022-2-1 22:53:34,read,U4main.py,code
624,422,2022-2-24 0:15:0,2022-2-24 0:54:57,read,R3projectdeadlines.xml,pm
625,422,2022-3-25 13:23:0,2022-3-25 13:58:26,read,A9config.yaml,code
626,422,2022-3-7 13:12:0,2022-3-7 13:51:52,read,Z2script.js,code
627,422,2022-2-12 20:24:0,2022-2-12 20:56:57,read,G8style.css,code
628,423,2022-2-17 23:21:0,2022-2-17 23:54:35,read,D9employees.xml,hr
629,423,2022-2-10 13:46:0,2022-2-10 13:58:23,read,b7confidential.docx,secret
630,425,2022-1-5 8:24:0,2022-1-5 8:54:39,read,X3main.py,code
631,427,2022-1-24 10:44:0,2022-1-24 10:52:56,read,b6script.js,code
632,427,2022-2-2 9:42:0,2022-2-2 9:59:19,read,V4script.js,code
633,428,2022-2-11 13:3:0,2022-2-11 13:59:51,read,C9password.txt,secret
634,428,2022-3-16 13:30:0,2022-3-16 13:59:8,read,x7hidden.xml,secret
635,429,2022-1-4 21:13:0,2022-1-4 21:59:40,read,O4employees.xml,hr
636,429,2022-2-25 7:25:0,2022-2-25 7:56:17,read,p6confidential.docx,secret
637,431,2022-2-25 17:37:0,2022-2-25 17:51:41,read,t0index.html,code
638,431,2022-3-7 10:32:0,2022-3-7 10:59:40,read,x5salaries.csv,hr
639,431,2022-3-1 14:27:0,2022-3-1 14:57:13,read,h6hidden.xml,secret
640,431,2022-3-22 5:24:0,2022-3-22 5:53:26,read,w6index.html,code
641,432,2022-3-8 15:48:0,2022-3-8 15:54:32,read,O6secret.docx,secret
642,433,2022-3-27 8:24:0,2022-3-27 8:55:47,read,m7password.txt,secret
643,434,2022-3-9 22:19:0,2022-3-9 22:57:55,read,N2password.txt,secret
644,434,2022-2-28 1:16:0,2022-2-28 1:54:52,read,X5projectdeadlines.xml,pm
645,434,2022-3-24 14:8:0,2022-3-24 14:53:8,read,G6config.yaml,code
646,434,2022-3-3 4:17:0,2022-3-3 4:52:29,read,S8confidential.docx,secret
647,434,2022-2-19 1:25:0,2022-2-19 1:51:38,read,O6salaries.csv,hr
648,434,2022-3-15 9:50:0,2022-3-15 9:55:25,read,G0script.js,code
649,434,2022-3-9 8:16:0,2022-3-9 8:51:13,read,z1secret.docx,secret
650,434,2022-2-6 12:34:0,2022-2-6 12:58:43,read,c5style.css,code
651,436,2022-3-23 12:8:0,2022-3-23 12:57:14,read,R9secret.docx,secret
652,436,2022-1-5 3:40:0,2022-1-5 3:57:45,read,J0projectdeadlines.xml,pm
653,437,2022-2-11 22:29:0,2022-2-11 22:54:6,read,C2secret.docx,secret
654,437,2022-3-10 17:41:0,2022-3-10 17:51:3,read,I9password.txt,secret
655,437,2022-3-20 10:24:0,2022-3-20 10:57:9,read,u4hidden.xml,secret
656,438,2022-2-9 17:17:0,2022-2-9 17:52:41,read,P6index.html,code
657,438,2022-3-13 17:18:0,2022-3-13 17:53:18,read,U7script.js,code
658,438,2022-2-18 17:43:0,2022-2-18 17:56:0,read,Y5main.py,code
659,439,2022-1-22 4:3:0,2022-1-22 4:58:1,read,p9salaries.csv,hr
660,439,2022-1-24 18:10:0,2022-1-24 18:53:45,read,g5style.css,code
661,440,2022-3-24 12:21:0,2022-3-24 12:57:13,read,l9projectdeadlines.xml,pm
662,440,2022-3-12 17:21:0,2022-3-12 17:57:25,read,O7script.js,code
663,440,2022-3-22 8:25:0,2022-3-22 8:57:10,read,b1index.html,code
664,440,2022-1-7 18:34:0,2022-1-7 18:54:34,read,i6script.js,code
665,440,2022-3-20 9:15:0,2022-3-20 9:51:47,read,Y2salaries.csv,hr
666,441,2022-3-5 2:49:0,2022-3-5 2:53:49,read,N3secret.docx,secret
667,443,2022-1-14 22:49:0,2022-1-14 22:54:59,read,t6style.css,code
668,443,2022-2-1 8:49:0,2022-2-1 8:55:51,read,O0password.txt,secret
669,443,2022-2-19 4:2:0,2022-2-19 4:59:39,read,c6main.py,code
670,443,2022-2-5 7:47:0,2022-2-5 7:54:56,read,O4password.txt,secret
671,443,2022-3-25 16:26:0,2022-3-25 16:51:47,read,I0config.yaml,code
672,446,2022-3-14 6:47:0,2022-3-14 6:56:25,read,K6projectdeadlines.xml,pm
673,446,2022-1-2 13:25:0,2022-1-2 13:59:26,read,C2projectdeadlines.xml,pm
674,447,2022-3-20 11:21:0,2022-3-20 11:58:53,read,J2salaries.csv,hr
675,449,2022-1-6 3:46:0,2022-1-6 3:59:7,read,X3projectdeadlines.xml,pm
676,449,2022-2-20 0:8:0,2022-2-20 0:54:35,read,G2hidden.xml,secret
677,449,2022-3-16 10:15:0,2022-3-16 10:51:7,read,i3secret.docx,secret
678,449,2022-1-27 8:26:0,2022-1-27 8:57:35,read,b9main.py,code
679,449,2022-3-18 5:33:0,2022-3-18 5:54:11,read,l6hidden.xml,secret
680,449,2022-2-20 9:5:0,2022-2-20 9:54:11,read,i9password.txt,secret
681,449,2022-1-14 10:41:0,2022-1-14 10:55:11,read,k6index.html,code
682,450,2022-3-3 4:42:0,2022-3-3 4:51:39,read,L4projectdeadlines.xml,pm
683,450,2022-3-6 22:38:0,2022-3-6 22:55:20,read,v3script.js,code
684,452,2022-3-2 10:11:0,2022-3-2 10:54:30,read,H5main.py,code
685,452,2022-3-20 21:5:0,2022-3-20 21:59:8,read,F5employees.xml,hr
686,453,2022-2-22 7:15:0,2022-2-22 7:51:23,read,N1projectdeadlines.xml,pm
687,454,2022-2-13 14:48:0,2022-2-13 14:51:55,read,j9index.html,code
688,456,2022-3-25 22:8:0,2022-3-25 22:52:49,read,u7script.js,code
689,456,2022-1-25 20:15:0,2022-1-25 20:53:46,read,Z5script.js,code
690,456,2022-1-14 9:29:0,2022-1-14 9:58:3,read,H5password.txt,secret
691,458,2022-3-21 0:29:0,2022-3-21 0:57:52,read,S3confidential.docx,secret
692,458,2022-1-13 13:40:0,2022-1-13 13:57:43,read,y9employees.xml,hr
693,459,2022-2-15 12:33:0,2022-2-15 12:56:27,read,U7style.css,code
694,459,2022-1-5 2:18:0,2022-1-5 2:53:52,read,y2secret.docx,secret
695,459,2022-3-15 12:46:0,2022-3-15 12:58:38,read,a1password.txt,secret
696,459,2022-2-23 3:44:0,2022-2-23 3:55:52,read,X5salaries.csv,hr
697,459,2022-2-2 21:24:0,2022-2-2 21:58:51,read,c5salaries.csv,hr
698,460,2022-3-24 20:41:0,2022-3-24 20:58:14,read,g5projectdeadlines.xml,pm
699,463,2022-1-27 1:50:0,2022-1-27 1:55:50,read,F4main.py,code
700,463,2022-1-13 11:10:0,2022-1-13 11:54:11,read,R0secret.docx,secret
701,466,2022-1-19 14:8:0,2022-1-19 14:58:4,read,W1config.yaml,code
702,466,2022-1-23 1:47:0,2022-1-23 1:54:37,read,x0index.html,code
703,466,2022-3-25 23:30:0,2022-3-25 23:58:51,read,m8projectdeadlines.xml,pm
704,466,2022-2-16 0:49:0,2022-2-16 0:53:49,read,F3hidden.xml,secret
705,467,2022-2-4 22:48:0,2022-2-4 22:57:6,read,j8salaries.csv,hr
706,467,2022-2-19 14:25:0,2022-2-19 14:53:39,read,f9style.css,code
707,467,2022-2-26 23:39:0,2022-2-26 23:53:59,read,o5hidden.xml,secret
708,467,2022-3-6 5:17:0,2022-3-6 5:55:0,read,N8script.js,code
709,467,2022-3-21 23:38:0,2022-3-21 23:51:36,read,L4index.html,code
710,468,2022-2-26 0:47:0,2022-2-26 0:55:39,read,u7password.txt,secret
711,468,2022-1-16 11:46:0,2022-1-16 11:53:32,read,a9index.html,code
712,468,2022-3-11 1:7:0,2022-3-11 1:59:16,read,b6index.html,code
713,468,2022-1-5 22:27:0,2022-1-5 22:55:53,read,K9style.css,code
714,469,2022-3-21 13:1:0,2022-3-21 13:57:28,read,A7config.yaml,code
715,469,2022-1-27 22:7:0,2022-1-27 22:53:59,read,M7password.txt,secret
716,469,2022-1-20 11:46:0,2022-1-20 11:58:53,read,d9secret.docx,secret
717,470,2022-2-14 11:41:0,2022-2-14 11:53:34,read,C2style.css,code
718,470,2022-1-5 19:50:0,2022-1-5 19:55:31,read,a5projectdeadlines.xml,pm
719,470,2022-3-13 14:49:0,2022-3-13 14:52:13,read,K2config.yaml,code
720,470,2022-1-17 12:12:0,2022-1-17 12:51:52,read,U6salaries.csv,hr
721,470,2022-1-8 16:35:0,2022-1-8 16:53:24,read,X1salaries.csv,hr
722,471,2022-2-16 10:20:0,2022-2-16 10:51:20,read,D3password.txt,secret
723,471,2022-3-6 23:25:0,2022-3-6 23:53:32,read,d6secret.docx,secret
724,471,2022-2-26 4:14:0,2022-2-26 4:56:7,read,l4projectdeadlines.xml,pm
725,475,2022-1-14 9:23:0,2022-1-14 9:55:51,read,h4confidential.docx,secret
726,477,2022-1-3 3:44:0,2022-1-3 3:53:53,read,s1employees.xml,hr
727,477,2022-3-23 5:16:0,2022-3-23 5:57:59,read,r9script.js,code
728,477,2022-1-1 9:14:0,2022-1-1 9:54:10,read,U4style.css,code
729,477,2022-3-10 21:12:0,2022-3-10 21:52:15,read,T8secret.docx,secret
730,478,2022-2-26 19:43:0,2022-2-26 19:56:52,read,p8style.css,code
731,479,2022-2-13 16:22:0,2022-2-13 16:58:17,read,r9salaries.csv,hr
732,479,2022-2-13 23:11:0,2022-2-13 23:59:8,read,Z0script.js,code
733,479,2022-2-17 13:37:0,2022-2-17 13:56:44,read,P6main.py,code
734,479,2022-3-4 4:13:0,2022-3-4 4:53:32,read,b0projectdeadlines.xml,pm
735,479,2022-1-12 17:42:0,2022-1-12 17:56:7,read,Y0hidden.xml,secret
736,479,2022-3-22 11:25:0,2022-3-22 11:52:12,read,x4projectdeadlines.xml,pm
737,479,2022-1-25 21:33:0,2022-1-25 21:56:34,read,g6style.css,code
738,479,2022-3-18 10:44:0,2022-3-18 10:53:39,read,F3main.py,code
739,480,2022-2-4 9:40:0,2022-2-4 9:59:56,read,j6salaries.csv,hr
740,480,2022-3-1 22:18:0,2022-3-1 22:51:40,read,D6main.py,code
741,480,2022-1-28 14:43:0,2022-1-28 14:52:37,read,h7employees.xml,hr
742,482,2022-3-22 4:28:0,2022-3-22 4:56:23,read,x8projectdeadlines.xml,pm
743,483,2022-1-2 15:41:0,2022-1-2 15:58:23,read,I9salaries.csv,hr
744,483,2022-3-15 7:18:0,2022-3-15 7:54:10,read,F4hidden.xml,secret
745,484,2022-2-20 17:13:0,2022-2-20 17:58:15,read,O0projectdeadlines.xml,pm
746,485,2022-3-24 1:49:0,2022-3-24 1:51:25,read,a6salaries.csv,hr
747,485,2022-3-14 18:12:0,2022-3-14 18:58:8,read,u2index.html,code
748,486,2022-2-11 19:40:0,2022-2-11 19:55:10,read,R3hidden.xml,secret
749,487,2022-3-12 13:13:0,2022-3-12 13:53:10,read,O8password.txt,secret
750,487,2022-3-14 13:38:0,2022-3-14 13:52:20,read,z5employees.xml,hr
751,488,2022-3-11 8:20:0,2022-3-11 8:56:27,read,X9script.js,code
752,488,2022-1-24 10:28:0,2022-1-24 10:52:17,read,h5confidential.docx,secret
753,489,2022-3-18 10:43:0,2022-3-18 10:57:46,read,h6salaries.csv,hr
754,491,2022-1-13 8:35:0,2022-1-13 8:54:30,read,c5password.txt,secret
755,492,2022-3-9 18:5:0,2022-3-9 18:51:27,read,j1index.html,code
756,493,2022-2-28 17:42:0,2022-2-28 17:56:32,read,K9projectdeadlines.xml,pm
757,493,2022-3-1 22:16:0,2022-3-1 22:53:19,read,A4hidden.xml,secret
758,493,2022-2-11 15:9:0,2022-2-11 15:51:29,read,L9hidden.xml,secret
759,493,2022-3-22 17:1:0,2022-3-22 17:55:1,read,J4projectdeadlines.xml,pm
760,493,2022-3-12 17:44:0,2022-3-12 17:55:24,read,U8secret.docx,secret
761,493,2022-3-28 22:50:0,2022-3-28 22:57:44,read,G2hidden.xml,secret
762,493,2022-1-12 18:3:0,2022-1-12 18:56:58,read,y6projectdeadlines.xml,pm
763,494,2022-2-8 10:14:0,2022-2-8 10:57:13,read,y2index.html,code
764,495,2022-3-25 5:28:0,2022-3-25 5:55:52,read,g3projectdeadlines.xml,pm
765,495,2022-3-28 18:43:0,2022-3-28 18:56:6,read,R1index.html,code
766,498,2022-2-5 18:40:0,2022-2-5 18:53:35,read,w6projectdeadlines.xml,pm
767,498,2022-1-9 2:6:0,2022-1-9 2:53:9,read,V0main.py,code
768,498,2022-2-20 6:9:0,2022-2-20 6:59:51,read,O5hidden.xml,secret
769,498,2022-2-7 17:46:0,2022-2-7 17:56:57,read,B7salaries.csv,hr
770,501,2022-3-16 7:47:0,2022-3-16 7:52:3,read,K2projectdeadlines.xml,pm
771,501,2022-2-15 19:34:0,2022-2-15 19:52:26,read,x9salaries.csv,hr
772,501,2022-2-7 3:28:0,2022-2-7 3:55:56,read,d7main.py,code
773,501,2022-1-28 18:25:0,2022-1-28 18:55:41,read,y0script.js,code
774,504,2022-1-23 23:10:0,2022-1-23 23:59:4,read,Z8confidential.docx,secret
775,504,2022-2-6 4:47:0,2022-2-6 4:58:26,read,r3password.txt,secret
776,505,2022-3-6 12:12:0,2022-3-6 12:53:36,read,B5index.html,code
777,505,2022-1-12 5:26:0,2022-1-12 5:52:9,read,E2config.yaml,code
778,506,2022-1-7 13:1:0,2022-1-7 13:54:9,read,y2index.html,code
779,506,2022-1-25 13:30:0,2022-1-25 13:57:45,read,N6employees.xml,hr
780,506,2022-3-22 5:37:0,2022-3-22 5:57:50,read,J1employees.xml,hr
781,510,2022-1-16 14:46:0,2022-1-16 14:55:47,read,F4index.html,code
782,510,2022-3-17 18:6:0,2022-3-17 18:51:38,read,Y1script.js,code
783,510,2022-1-13 15:21:0,2022-1-13 15:54:39,read,l4script.js,code
784,510,2022-2-24 19:46:0,2022-2-24 19:57:1,read,n8script.js,code
785,511,2022-2-4 7:40:0,2022-2-4 7:53:41,read,o6main.py,code
786,511,2022-1-7 7:14:0,2022-1-7 7:57:14,read,C1config.yaml,code
787,511,2022-2-22 2:14:0,2022-2-22 2:55:56,read,w2secret.docx,secret
788,514,2022-3-8 2:24:0,2022-3-8 2:58:38,read,a2script.js,code
789,514,2022-3-12 16:0:0,2022-3-12 16:59:57,read,U6index.html,code
790,515,2022-3-28 1:40:0,2022-3-28 1:52:16,read,E8index.html,code
791,515,2022-2-24 18:6:0,2022-2-24 18:55:45,read,H0salaries.csv,hr
792,515,2022-1-6 7:33:0,2022-1-6 7:58:53,read,A6secret.docx,secret
793,515,2022-2-22 7:17:0,2022-2-22 7:53:28,read,t5hidden.xml,secret
794,515,2022-1-8 4:40:0,2022-1-8 4:59:57,read,S2password.txt,secret
795,515,2022-2-9 16:6:0,2022-2-9 16:55:25,read,s8projectdeadlines.xml,pm
796,515,2022-2-23 3:10:0,2022-2-23 3:57:42,read,h7style.css,code
797,515,2022-3-14 18:42:0,2022-3-14 18:58:31,read,f7password.txt,secret
798,515,2022-3-6 9:11:0,2022-3-6 9:54:34,read,F2secret.docx,secret
799,515,2022-3-27 18:18:0,2022-3-27 18:54:23,read,w0config.yaml,code
800,515,2022-2-13 14:50:0,2022-2-13 14:51:26,read,M5employees.xml,hr
801,516,2022-1-13 21:40:0,2022-1-13 21:58:48,read,n2projectdeadlines.xml,pm
802,516,2022-3-27 3:36:0,2022-3-27 3:54:26,read,i2config.yaml,code
803,516,2022-3-9 8:28:0,2022-3-9 8:51:5,read,j8projectdeadlines.xml,pm
804,519,2022-1-11 2:12:0,2022-1-11 2:54:4,read,U4employees.xml,hr
805,519,2022-3-11 20:0:0,2022-3-11 20:54:44,read,W9secret.docx,secret
806,523,2022-3-2 10:22:0,2022-3-2 10:57:50,read,z9employees.xml,hr
807,523,2022-3-22 7:36:0,2022-3-22 7:53:9,read,W2confidential.docx,secret
808,523,2022-1-18 22:1:0,2022-1-18 22:55:18,read,J4confidential.docx,secret
809,523,2022-3-23 16:32:0,2022-3-23 16:57:37,read,t6script.js,code
810,524,2022-2-9 23:49:0,2022-2-9 23:57:10,read,Q4hidden.xml,secret
811,524,2022-3-22 18:44:0,2022-3-22 18:59:30,read,z1employees.xml,hr
812,525,2022-2-16 4:21:0,2022-2-16 4:59:53,read,i7salaries.csv,hr
813,528,2022-1-16 18:17:0,2022-1-16 18:57:31,read,u9index.html,code
814,528,2022-3-25 22:11:0,2022-3-25 22:54:24,read,H1config.yaml,code
815,528,2022-1-14 15:47:0,2022-1-14 15:51:52,read,k0script.js,code
816,528,2022-2-15 3:42:0,2022-2-15 3:51:29,read,B4style.css,code
817,528,2022-1-9 1:15:0,2022-1-9 1:58:37,read,N1confidential.docx,secret
818,528,2022-3-8 16:4:0,2022-3-8 16:58:33,read,e2projectdeadlines.xml,pm
819,529,2022-1-17 8:32:0,2022-1-17 8:55:53,read,v6salaries.csv,hr
820,529,2022-2-5 14:23:0,2022-2-5 14:53:47,read,J9secret.docx,secret
821,529,2022-2-21 4:32:0,2022-2-21 4:53:40,read,p0projectdeadlines.xml,pm
822,529,2022-3-7 8:50:0,2022-3-7 8:54:43,read,Y4salaries.csv,hr
823,531,2022-2-3 12:4:0,2022-2-3 12:55:3,read,U3salaries.csv,hr
824,532,2022-3-24 10:0:0,2022-3-24 10:51:11,read,m9employees.xml,hr
825,532,2022-1-5 0:28:0,2022-1-5 0:53:13,read,m3script.js,code
826,532,2022-1-12 10:4:0,2022-1-12 10:51:43,read,F4salaries.csv,hr
827,533,2022-3-9 16:44:0,2022-3-9 16:52:41,read,P9projectdeadlines.xml,pm
828,533,2022-3-7 7:14:0,2022-3-7 7:53:17,read,l9hidden.xml,secret
829,533,2022-1-14 15:38:0,2022-1-14 15:56:29,read,g6style.css,code
830,535,2022-1-16 21:39:0,2022-1-16 21:57:15,read,H1script.js,code
831,537,2022-3-9 4:20:0,2022-3-9 4:53:51,read,q7hidden.xml,secret
832,537,2022-3-21 5:48:0,2022-3-21 5:52:53,read,c5confidential.docx,secret
833,537,2022-1-17 4:27:0,2022-1-17 4:59:17,read,k4projectdeadlines.xml,pm
834,537,2022-3-4 4:38:0,2022-3-4 4:53:6,read,q0hidden.xml,secret
835,537,2022-3-18 15:22:0,2022-3-18 15:52:6,read,F3password.txt,secret
836,537,2022-3-9 22:36:0,2022-3-9 22:52:28,read,T5hidden.xml,secret
837,537,2022-2-12 11:46:0,2022-2-12 11:55:49,read,X3password.txt,secret
838,537,2022-2-28 3:18:0,2022-2-28 3:51:22,read,c6main.py,code
839,537,2022-3-6 21:18:0,2022-3-6 21:58:34,read,y0confidential.docx,secret
840,537,2022-2-22 21:3:0,2022-2-22 21:57:26,read,d0main.py,code
841,538,2022-3-14 20:29:0,2022-3-14 20:52:16,read,x9projectdeadlines.xml,pm
842,539,2022-3-1 1:49:0,2022-3-1 1:53:42,read,M3employees.xml,hr
843,539,2022-1-1 16:35:0,2022-1-1 16:55:56,read,E7style.css,code
844,540,2022-1-7 16:44:0,2022-1-7 16:53:35,read,Q9main.py,code
845,541,2022-1-5 23:38:0,2022-1-5 23:56:2,read,q2employees.xml,hr
846,541,2022-2-7 1:17:0,2022-2-7 1:56:29,read,Y2config.yaml,code
847,541,2022-2-8 22:33:0,2022-2-8 22:58:18,read,C6index.html,code
848,541,2022-2-22 6:20:0,2022-2-22 6:59:51,read,b9salaries.csv,hr
849,544,2022-1-9 22:34:0,2022-1-9 22:57:24,read,A6main.py,code
850,546,2022-3-8 7:28:0,2022-3-8 7:58:47,read,M9secret.docx,secret
851,548,2022-2-1 13:30:0,2022-2-1 13:53:28,read,J1config.yaml,code
852,548,2022-3-3 9:19:0,2022-3-3 9:57:54,read,z7secret.docx,secret
853,548,2022-2-22 20:45:0,2022-2-22 20:52:48,read,G5config.yaml,code
854,549,2022-1-3 14:31:0,2022-1-3 14:55:6,read,x3salaries.csv,hr
855,549,2022-2-18 13:39:0,2022-2-18 13:57:2,read,S4main.py,code
856,549,2022-1-6 15:17:0,2022-1-6 15:53:6,read,f0config.yaml,code
857,549,2022-1-11 5:9:0,2022-1-11 5:53:51,read,H5password.txt,secret
858,563,2022-1-26 10:28:0,2022-1-26 10:54:56,read,N0config.yaml,code
859,563,2022-1-23 17:49:0,2022-1-23 17:53:21,read,h7secret.docx,secret
860,563,2022-2-12 7:37:0,2022-2-12 7:54:53,read,N9style.css,code
861,563,2022-1-2 19:6:0,2022-1-2 19:51:0,read,b8index.html,code
862,563,2022-2-2 9:49:0,2022-2-2 9:58:47,read,K9employees.xml,hr
863,563,2022-2-28 10:17:0,2022-2-28 10:58:1,read,n3employees.xml,hr
864,563,2022-3-17 4:15:0,2022-3-17 4:56:38,read,O1password.txt,secret
865,563,2022-2-2 3:45:0,2022-2-2 3:57:53,read,V8projectdeadlines.xml,pm
866,563,2022-1-13 1:44:0,2022-1-13 1:59:19,read,U0main.py,code
867,563,2022-1-1 18:6:0,2022-1-1 18:58:45,read,r5config.yaml,code
868,563,2022-1-9 2:15:0,2022-1-9 2:54:48,read,Q1index.html,code
869,563,2022-2-13 12:48:0,2022-2-13 12:57:34,read,x8style.css,code
870,563,2022-3-13 22:24:0,2022-3-13 22:54:15,read,i2employees.xml,hr
871,563,2022-3-7 23:41:0,2022-3-7 23:56:49,read,w3secret.docx,secret
872,563,2022-3-27 19:29:0,2022-3-27 19:53:10,read,w9secret.docx,secret
873,563,2022-1-2 13:12:0,2022-1-2 13:56:14,read,s2hidden.xml,secret
874,563,2022-2-10 5:18:0,2022-2-10 5:53:59,read,N8config.yaml,code
875,563,2022-1-7 7:8:0,2022-1-7 7:55:29,read,a4hidden.xml,secret
876,563,2022-1-21 8:49:0,2022-1-21 8:58:12,read,u0projectdeadlines.xml,pm
877,563,2022-1-22 20:4:0,2022-1-22 20:56:9,read,V4projectdeadlines.xml,pm
878,563,2022-3-20 3:43:0,2022-3-20 3:52:29,read,C4secret.docx,secret
879,563,2022-1-2 15:26:0,2022-1-2 15:56:52,read,S6salaries.csv,hr
880,563,2022-2-26 11:29:0,2022-2-26 11:54:24,read,J5password.txt,secret
881,564,2022-1-17 4:36:0,2022-1-17 4:58:56,read,J3salaries.csv,hr
882,564,2022-1-4 20:45:0,2022-1-4 20:55:49,read,q9employees.xml,hr
883,564,2022-2-17 10:37:0,2022-2-17 10:54:59,read,z7config.yaml,code
884,565,2022-1-27 18:49:0,2022-1-27 18:53:53,read,K6confidential.docx,secret
885,565,2022-2-19 22:44:0,2022-2-19 22:55:54,read,s3password.txt,secret
886,566,2022-2-27 11:9:0,2022-2-27 11:58:3,read,s4password.txt,secret
887,569,2022-1-2 4:15:0,2022-1-2 4:52:36,read,S1config.yaml,code
888,569,2022-2-19 5:40:0,2022-2-19 5:54:37,read,i9index.html,code
889,569,2022-1-12 6:23:0,2022-1-12 6:57:16,read,Z3password.txt,secret
890,569,2022-2-25 22:39:0,2022-2-25 22:54:38,read,w8employees.xml,hr
891,571,2022-1-17 10:1:0,2022-1-17 10:54:17,read,y1style.css,code
892,573,2022-1-2 14:25:0,2022-1-2 14:57:53,read,N2employees.xml,hr
893,573,2022-2-23 2:26:0,2022-2-23 2:59:13,read,I8salaries.csv,hr
894,575,2022-1-26 20:2:0,2022-1-26 20:59:26,read,C2hidden.xml,secret
895,575,2022-3-5 10:3:0,2022-3-5 10:56:16,read,h0script.js,code
896,575,2022-1-12 8:4:0,2022-1-12 8:59:13,read,E7index.html,code
897,575,2022-1-24 8:2:0,2022-1-24 8:58:58,read,v2hidden.xml,secret
898,580,2022-2-7 9:12:0,2022-2-7 9:57:20,read,B9secret.docx,secret
899,584,2022-1-10 3:4:0,2022-1-10 3:51:53,read,R4secret.docx,secret
900,584,2022-3-20 14:20:0,2022-3-20 14:59:26,read,c6salaries.csv,hr
901,584,2022-1-1 5:42:0,2022-1-1 5:54:54,read,h2confidential.docx,secret
902,584,2022-1-20 23:17:0,2022-1-20 23:52:38,read,r8salaries.csv,hr
903,589,2022-3-8 14:34:0,2022-3-8 14:52:33,read,w8main.py,code
904,589,2022-1-12 12:20:0,2022-1-12 12:54:8,read,M6password.txt,secret
905,589,2022-1-17 16:3:0,2022-1-17 16:55:55,read,s1style.css,code
906,589,2022-2-27 2:48:0,2022-2-27 2:51:30,read,R7config.yaml,code
907,589,2022-2-1 2:17:0,2022-2-1 2:59:45,read,V2employees.xml,hr
908,589,2022-3-11 12:7:0,2022-3-11 12:53:29,read,r6hidden.xml,secret
909,589,2022-2-22 7:30:0,2022-2-22 7:54:0,read,S1hidden.xml,secret
910,589,2022-1-5 19:18:0,2022-1-5 19:52:21,read,a7style.css,code
911,590,2022-3-21 19:6:0,2022-3-21 19:55:11,read,U1style.css,code
912,590,2022-2-6 13:29:0,2022-2-6 13:57:52,read,U6password.txt,secret
913,590,2022-2-11 13:28:0,2022-2-11 13:55:58,read,N0config.yaml,code
914,591,2022-2-25 8:25:0,2022-2-25 8:54:0,read,a2projectdeadlines.xml,pm
915,593,2022-3-24 6:24:0,2022-3-24 6:51:52,read,r5style.css,code
916,595,2022-2-15 19:12:0,2022-2-15 19:52:36,read,B2script.js,code
917,596,2022-2-22 17:47:0,2022-2-22 17:51:43,read,P2salaries.csv,hr
918,596,2022-1-20 23:45:0,2022-1-20 23:54:49,read,h6index.html,code
919,598,2022-2-24 22:23:0,2022-2-24 22:57:17,read,E5style.css,code
920,598,2022-3-17 10:24:0,2022-3-17 10:53:41,read,X3projectdeadlines.xml,pm
921,598,2022-1-19 22:39:0,2022-1-19 22:56:55,read,h7password.txt,secret
922,599,2022-1-15 3:0:0,2022-1-15 3:57:21,read,R5hidden.xml,secret
923,599,2022-1-5 19:14:0,2022-1-5 19:55:17,read,U3confidential.docx,secret
924,600,2022-2-1 19:5:0,2022-2-1 19:52:34,read,d1script.js,code
925,600,2022-2-28 18:31:0,2022-2-28 18:52:40,read,b5script.js,code
926,600,2022-1-26 12:28:0,2022-1-26 12:52:20,read,S7salaries.csv,hr
927,600,2022-2-15 3:41:0,2022-2-15 3:59:45,read,e0salaries.csv,hr
928,602,2022-3-23 2:33:0,2022-3-23 2:51:1,read,p2hidden.xml,secret
929,604,2022-2-22 18:15:0,2022-2-22 18:56:22,read,B0password.txt,secret
930,604,2022-1-22 21:36:0,2022-1-22 21:52:13,read,Q4main.py,code
931,604,2022-3-7 9:23:0,2022-3-7 9:52:10,read,G0projectdeadlines.xml,pm
932,610,2022-2-22 21:43:0,2022-2-22 21:58:56,read,y7password.txt,secret
933,610,2022-3-14 1:35:0,2022-3-14 1:57:37,read,H4index.html,code
934,611,2022-1-12 15:23:0,2022-1-12 15:56:1,read,v1employees.xml,hr
935,611,2022-3-13 6:5:0,2022-3-13 6:59:5,read,P6confidential.docx,secret
936,613,2022-1-1 19:19:0,2022-1-1 19:59:23,read,n6secret.docx,secret
937,613,2022-1-21 18:49:0,2022-1-21 18:58:36,read,b0salaries.csv,hr
938,613,2022-2-4 2:34:0,2022-2-4 2:58:52,read,z4main.py,code
939,614,2022-1-5 20:33:0,2022-1-5 20:59:42,read,D4main.py,code
940,614,2022-2-24 4:3:0,2022-2-24 4:54:56,read,O8hidden.xml,secret
941,614,2022-3-6 0:33:0,2022-3-6 0:53:58,read,A0employees.xml,hr
942,614,2022-3-21 22:7:0,2022-3-21 22:51:53,read,A3hidden.xml,secret
943,614,2022-1-5 15:12:0,2022-1-5 15:56:59,read,x3secret.docx,secret
944,614,2022-2-23 7:14:0,2022-2-23 7:58:4,read,Z9secret.docx,secret
945,615,2022-2-14 10:40:0,2022-2-14 10:51:14,read,m3secret.docx,secret
946,620,2022-1-15 19:6:0,2022-1-15 19:59:21,read,H6confidential.docx,secret
947,620,2022-1-10 7:40:0,2022-1-10 7:51:30,read,I5secret.docx,secret
948,620,2022-2-15 13:28:0,2022-2-15 13:51:34,read,D4password.txt,secret
949,620,2022-1-10 15:35:0,2022-1-10 15:57:52,read,a8projectdeadlines.xml,pm
950,620,2022-2-24 12:14:0,2022-2-24 12:52:44,read,K6projectdeadlines.xml,pm
951,620,2022-1-22 17:9:0,2022-1-22 17:57:57,read,p4salaries.csv,hr
952,620,2022-1-17 6:16:0,2022-1-17 6:52:32,read,c6employees.xml,hr
953,620,2022-2-12 13:25:0,2022-2-12 13:55:40,read,z5salaries.csv,hr
954,620,2022-1-6 11:3:0,2022-1-6 11:57:19,read,s9config.yaml,code
955,620,2022-2-1 11:18:0,2022-2-1 11:53:31,read,m8confidential.docx,secret
956,620,2022-1-20 22:49:0,2022-1-20 22:54:27,read,j5salaries.csv,hr
957,620,2022-1-12 15:9:0,2022-1-12 15:54:52,read,C5secret.docx,secret
958,620,2022-3-18 16:41:0,2022-3-18 16:55:15,read,h6salaries.csv,hr
959,622,2022-2-25 9:41:0,2022-2-25 9:51:26,read,g9index.html,code
960,622,2022-3-9 14:34:0,2022-3-9 14:56:47,read,v6hidden.xml,secret
961,625,2022-1-28 18:18:0,2022-1-28 18:57:22,read,t4confidential.docx,secret
962,625,2022-1-23 14:39:0,2022-1-23 14:59:54,read,i9style.css,code
963,625,2022-3-16 19:15:0,2022-3-16 19:54:53,read,X9script.js,code
964,625,2022-2-25 2:13:0,2022-2-25 2:53:25,read,a3config.yaml,code
965,625,2022-2-5 13:31:0,2022-2-5 13:51:56,read,t6hidden.xml,secret
966,628,2022-1-6 9:28:0,2022-1-6 9:58:57,read,a0index.html,code
967,628,2022-1-28 6:41:0,2022-1-28 6:51:48,read,K1config.yaml,code
968,629,2022-2-11 9:28:0,2022-2-11 9:54:48,read,l3hidden.xml,secret
969,629,2022-3-22 0:38:0,2022-3-22 0:56:6,read,i3index.html,code
970,630,2022-1-3 21:45:0,2022-1-3 21:57:42,read,F2style.css,code
971,630,2022-2-16 9:45:0,2022-2-16 9:59:45,read,F2hidden.xml,secret
972,630,2022-3-9 4:9:0,2022-3-9 4:51:28,read,O7style.css,code
973,630,2022-3-3 16:19:0,2022-3-3 16:55:19,read,H7projectdeadlines.xml,pm
974,630,2022-2-21 6:47:0,2022-2-21 6:55:23,read,h9salaries.csv,hr
975,630,2022-2-1 0:40:0,2022-2-1 0:52:3,read,p0confidential.docx,secret
976,630,2022-1-21 20:12:0,2022-1-21 20:51:5,read,N5main.py,code
977,630,2022-2-11 4:50:0,2022-2-11 4:54:31,read,m6script.js,code
978,630,2022-1-16 7:33:0,2022-1-16 7:55:5,read,P1script.js,code
979,631,2022-2-17 17:1:0,2022-2-17 17:56:52,read,t4config.yaml,code
980,631,2022-3-21 11:28:0,2022-3-21 11:55:54,read,z8salaries.csv,hr
981,631,2022-2-24 14:50:0,2022-2-24 14:52:16,read,Z8config.yaml,code
982,631,2022-3-9 0:18:0,2022-3-9 0:57:6,read,s1confidential.docx,secret
983,631,2022-3-10 6:35:0,2022-3-10 6:53:30,read,c2password.txt,secret
984,632,2022-2-17 20:10:0,2022-2-17 20:54:21,read,V0hidden.xml,secret
985,632,2022-1-9 17:13:0,2022-1-9 17:53:10,read,C0script.js,code
986,632,2022-1-16 21:37:0,2022-1-16 21:56:55,read,W1confidential.docx,secret
987,632,2022-1-24 17:24:0,2022-1-24 17:53:21,read,b3password.txt,secret
988,632,2022-1-11 4:39:0,2022-1-11 4:52:49,read,V0config.yaml,code
989,634,2022-2-24 15:37:0,2022-2-24 15:54:50,read,C5salaries.csv,hr
990,634,2022-1-12 5:38:0,2022-1-12 5:54:14,read,o2style.css,code
991,634,2022-1-25 7:12:0,2022-1-25 7:55:31,read,r4index.html,code
992,641,2022-3-14 15:19:0,2022-3-14 15:52:0,read,g5index.html,code
993,641,2022-3-17 21:34:0,2022-3-17 21:54:0,read,I1secret.docx,secret
994,641,2022-1-20 12:29:0,2022-1-20 12:51:11,read,U0hidden.xml,secret
995,641,2022-1-25 12:44:0,2022-1-25 12:52:37,read,e1confidential.docx,secret
996,641,2022-3-1 12:21:0,2022-3-1 12:58:57,read,x4config.yaml,code
997,644,2022-1-18 18:22:0,2022-1-18 18:52:19,read,Z3style.css,code
998,644,2022-2-6 5:23:0,2022-2-6 5:57:36,read,z9style.css,code
999,646,2022-3-28 0:12:0,2022-3-28 0:51:20,read,B2script.js,code
1000,648,2022-1-13 1:14:0,2022-1-13 1:53:3,read,s6config.yaml,code
1001,650,2022-1-13 17:35:0,2022-1-13 17:51:4,read,x4password.txt,secret
1002,650,2022-2-14 15:14:0,2022-2-14 15:51:39,read,e5index.html,code
1003,652,2022-1-19 10:46:0,2022-1-19 10:53:2,read,M2salaries.csv,hr
1004,652,2022-2-3 4:20:0,2022-2-3 4:56:36,read,u9projectdeadlines.xml,pm
1005,653,2022-3-6 12:10:0,2022-3-6 12:54:55,read,K1main.py,code
1006,655,2022-1-13 17:24:0,2022-1-13 17:59:49,read,L9style.css,code
1007,657,2022-3-10 3:9:0,2022-3-10 3:57:44,read,S6salaries.csv,hr
1008,658,2022-1-21 8:7:0,2022-1-21 8:53:1,read,q3salaries.csv,hr
1009,659,2022-3-9 17:39:0,2022-3-9 17:53:24,read,S2projectdeadlines.xml,pm
1010,659,2022-3-15 17:42:0,2022-3-15 17:52:7,read,P0secret.docx,secret
1011,659,2022-3-5 6:13:0,2022-3-5 6:59:18,read,C9projectdeadlines.xml,pm
1012,660,2022-3-22 20:16:0,2022-3-22 20:58:41,read,z1secret.docx,secret
1013,660,2022-2-6 14:13:0,2022-2-6 14:53:41,read,L0projectdeadlines.xml,pm
1014,661,2022-3-2 1:37:0,2022-3-2 1:52:25,read,Z7config.yaml,code
1015,662,2022-3-21 0:44:0,2022-3-21 0:54:0,read,h2hidden.xml,secret
1016,662,2022-1-20 12:34:0,2022-1-20 12:54:27,read,w5config.yaml,code
1017,665,2022-1-28 14:14:0,2022-1-28 14:55:9,read,w8secret.docx,secret
1018,666,2022-3-15 10:30:0,2022-3-15 10:56:48,read,j2script.js,code
1019,666,2022-1-28 19:0:0,2022-1-28 19:58:5,read,W3confidential.docx,secret
1020,669,2022-1-3 7:44:0,2022-1-3 7:52:43,read,H0script.js,code
1021,673,2022-1-15 12:27:0,2022-1-15 12:55:43,read,l6password.txt,secret
1022,673,2022-1-24 22:40:0,2022-1-24 22:58:57,read,V1salaries.csv,hr
1023,673,2022-1-16 6:12:0,2022-1-16 6:53:16,read,a4secret.docx,secret
1024,673,2022-3-28 9:24:0,2022-3-28 9:51:16,read,a8password.txt,secret
1025,675,2022-1-13 13:37:0,2022-1-13 13:53:36,read,f6secret.docx,secret
1026,675,2022-3-11 21:39:0,2022-3-11 21:54:46,read,O8script.js,code
1027,677,2022-2-9 20:7:0,2022-2-9 20:55:14,read,T6confidential.docx,secret
1028,677,2022-3-14 20:31:0,2022-3-14 20:51:14,read,u9script.js,code
1029,681,2022-1-25 10:40:0,2022-1-25 10:55:31,read,T6employees.xml,hr
1030,682,2022-3-11 1:2:0,2022-3-11 1:51:10,read,d4password.txt,secret
1031,684,2022-2-6 5:34:0,2022-2-6 5:54:36,read,I3projectdeadlines.xml,pm
1032,685,2022-3-18 3:50:0,2022-3-18 3:54:6,read,m9projectdeadlines.xml,pm
1033,685,2022-2-25 0:2:0,2022-2-25 0:55:0,read,r4secret.docx,secret
1034,686,2022-3-28 11:37:0,2022-3-28 11:57:55,read,J0hidden.xml,secret
1035,686,2022-2-1 3:15:0,2022-2-1 3:59:41,read,s4employees.xml,hr
1036,686,2022-1-27 18:15:0,2022-1-27 18:53:35,read,H4projectdeadlines.xml,pm
1037,687,2022-3-23 22:41:0,2022-3-23 22:57:46,read,d8hidden.xml,secret
1038,687,2022-3-19 19:26:0,2022-3-19 19:55:21,read,a5employees.xml,hr
1039,688,2022-2-2 15:46:0,2022-2-2 15:55:56,read,u2projectdeadlines.xml,pm
1040,688,2022-3-3 22:11:0,2022-3-3 22:52:1,read,o2config.yaml,code
1041,688,2022-1-20 12:3:0,2022-1-20 12:53:20,read,L9projectdeadlines.xml,pm
1042,688,2022-2-17 15:37:0,2022-2-17 15:58:23,read,y3confidential.docx,secret
1043,688,2022-3-2 13:17:0,2022-3-2 13:53:39,read,W2employees.xml,hr
1044,688,2022-1-5 22:12:0,2022-1-5 22:58:27,read,f8hidden.xml,secret
1045,688,2022-2-9 16:23:0,2022-2-9 16:59:52,read,h9config.yaml,code
1046,689,2022-2-4 16:36:0,2022-2-4 16:59:12,read,J3main.py,code
1047,689,2022-1-27 15:33:0,2022-1-27 15:52:7,read,O5index.html,code
1048,689,2022-3-8 14:25:0,2022-3-8 14:51:30,read,F4projectdeadlines.xml,pm
1049,689,2022-1-20 7:16:0,2022-1-20 7:59:44,read,Q0config.yaml,code
1050,689,2022-2-1 3:10:0,2022-2-1 3:56:17,read,l9main.py,code
1051,689,2022-1-1 0:17:0,2022-1-1 0:59:10,read,r1main.py,code
1052,689,2022-2-24 1:30:0,2022-2-24 1:52:57,read,g3employees.xml,hr
1053,690,2022-1-22 8:6:0,2022-1-22 8:53:28,read,u2script.js,code
1054,691,2022-3-14 17:32:0,2022-3-14 17:54:14,read,u5projectdeadlines.xml,pm
1055,692,2022-2-6 23:31:0,2022-2-6 23:51:17,read,l7main.py,code
1056,693,2022-1-1 7:24:0,2022-1-1 7:57:9,read,c2index.html,code
1057,693,2022-3-7 14:14:0,2022-3-7 14:59:9,read,F9confidential.docx,secret
1058,693,2022-3-1 14:39:0,2022-3-1 14:55:57,read,g3main.py,code
1059,693,2022-1-17 12:40:0,2022-1-17 12:57:56,read,T3confidential.docx,secret
1060,693,2022-1-12 8:10:0,2022-1-12 8:54:40,read,S8config.yaml,code
1061,698,2022-1-21 21:1:0,2022-1-21 21:58:39,read,c3hidden.xml,secret
1062,698,2022-2-6 14:23:0,2022-2-6 14:57:3,read,i8secret.docx,secret
1063,698,2022-1-17 20:14:0,2022-1-17 20:54:21,read,y0confidential.docx,secret
1064,699,2022-3-7 4:36:0,2022-3-7 4:57:59,read,p9confidential.docx,secret
1065,704,2022-1-12 21:31:0,2022-1-12 21:59:46,read,n3confidential.docx,secret
1066,704,2022-1-28 15:7:0,2022-1-28 15:54:45,read,A8main.py,code
1067,705,2022-3-6 23:4:0,2022-3-6 23:58:35,read,l1employees.xml,hr
1068,705,2022-1-6 14:31:0,2022-1-6 14:53:18,read,F6password.txt,secret
1069,707,2022-2-12 23:8:0,2022-2-12 23:55:2,read,c0style.css,code
1070,707,2022-1-13 1:50:0,2022-1-13 1:59:44,read,V3confidential.docx,secret
1071,708,2022-3-17 19:24:0,2022-3-17 19:54:6,read,S1projectdeadlines.xml,pm
1072,708,2022-1-13 2:12:0,2022-1-13 2:56:13,read,n0password.txt,secret
1073,710,2022-3-27 12:8:0,2022-3-27 12:55:58,read,a9config.yaml,code
1074,711,2022-1-13 6:12:0,2022-1-13 6:55:52,read,Z5projectdeadlines.xml,pm
1075,711,2022-3-22 22:46:0,2022-3-22 22:52:36,read,n7hidden.xml,secret
1076,711,2022-3-8 13:3:0,2022-3-8 13:51:15,read,A9index.html,code
1077,714,2022-3-12 21:24:0,2022-3-12 21:55:11,read,e1employees.xml,hr
1078,716,2022-1-18 7:38:0,2022-1-18 7:57:38,read,V6index.html,code
1079,716,2022-3-5 21:7:0,2022-3-5 21:57:6,read,m6style.css,code
1080,718,2022-2-1 20:37:0,2022-2-1 20:56:47,read,e8index.html,code
1081,718,2022-2-27 14:47:0,2022-2-27 14:59:15,read,M3secret.docx,secret
1082,720,2022-1-9 14:23:0,2022-1-9 14:57:41,read,i5salaries.csv,hr
1083,720,2022-3-18 7:31:0,2022-3-18 7:57:14,read,r6secret.docx,secret
1084,720,2022-3-7 3:38:0,2022-3-7 3:58:11,read,D5script.js,code
1085,724,2022-2-27 20:18:0,2022-2-27 20:56:31,read,C7main.py,code
1086,724,2022-1-22 0:31:0,2022-1-22 0:56:12,read,c3hidden.xml,secret
1087,729,2022-2-26 8:37:0,2022-2-26 8:57:32,read,W4password.txt,secret
1088,729,2022-1-22 7:50:0,2022-1-22 7:57:45,read,m2main.py,code
1089,729,2022-2-4 6:7:0,2022-2-4 6:56:44,read,E6salaries.csv,hr
1090,729,2022-2-5 5:5:0,2022-2-5 5:56:34,read,d9confidential.docx,secret
1091,731,2022-1-26 5:31:0,2022-1-26 5:55:10,read,h9confidential.docx,secret
1092,732,2022-2-26 11:49:0,2022-2-26 11:51:33,read,D0style.css,code
1093,733,2022-2-16 2:42:0,2022-2-16 2:55:46,read,q9script.js,code
1094,733,2022-1-20 21:24:0,2022-1-20 21:57:49,read,u0config.yaml,code
1095,733,2022-3-25 6:11:0,2022-3-25 6:56:33,read,t4hidden.xml,secret
1096,733,2022-3-26 9:17:0,2022-3-26 9:57:43,read,U3confidential.docx,secret
1097,733,2022-2-21 18:10:0,2022-2-21 18:59:51,read,E0index.html,code
1098,734,2022-3-5 23:20:0,2022-3-5 23:54:19,read,E8config.yaml,code
1099,734,2022-1-20 22:26:0,2022-1-20 22:51:44,read,P9style.css,code
1100,734,2022-1-23 3:34:0,2022-1-23 3:58:40,read,k2salaries.csv,hr
1101,734,2022-2-26 6:18:0,2022-2-26 6:55:59,read,O4projectdeadlines.xml,pm
1102,735,2022-3-10 13:37:0,2022-3-10 13:58:16,read,H7config.yaml,code
1103,735,2022-2-1 14:30:0,2022-2-1 14:53:15,read,U6secret.docx,secret
1104,736,2022-1-10 13:3:0,2022-1-10 13:58:29,read,y6hidden.xml,secret
1105,736,2022-1-7 20:25:0,2022-1-7 20:58:17,read,F1password.txt,secret
1106,736,2022-1-12 4:25:0,2022-1-12 4:56:32,read,k4employees.xml,hr
1107,737,2022-2-28 1:6:0,2022-2-28 1:56:39,read,a3projectdeadlines.xml,pm
1108,737,2022-2-22 1:31:0,2022-2-22 1:54:33,read,l1salaries.csv,hr
1109,738,2022-3-2 11:49:0,2022-3-2 11:54:54,read,K0hidden.xml,secret
1110,738,2022-3-22 22:31:0,2022-3-22 22:56:59,read,Z7hidden.xml,secret
1111,738,2022-3-26 19:11:0,2022-3-26 19:52:0,read,d0password.txt,secret
1112,738,2022-3-8 2:40:0,2022-3-8 2:57:13,read,r5hidden.xml,secret
1113,739,2022-3-26 5:27:0,2022-3-26 5:57:12,read,K5password.txt,secret
1114,742,2022-2-4 17:27:0,2022-2-4 17:56:26,read,M5secret.docx,secret
1115,742,2022-1-1 15:38:0,2022-1-1 15:52:30,read,X1salaries.csv,hr
1116,742,2022-1-14 0:38:0,2022-1-14 0:56:57,read,T4main.py,code
1117,742,2022-1-24 18:29:0,2022-1-24 18:52:0,read,C0projectdeadlines.xml,pm
1118,742,2022-1-28 18:10:0,2022-1-28 18:51:42,read,U2style.css,code
1119,742,2022-1-20 7:21:0,2022-1-20 7:58:45,read,e6projectdeadlines.xml,pm
1120,742,2022-1-16 9:21:0,2022-1-16 9:59:13,read,S3script.js,code
1121,744,2022-2-22 5:33:0,2022-2-22 5:53:4,read,y3projectdeadlines.xml,pm
1122,744,2022-1-6 8:44:0,2022-1-6 8:59:7,read,x7projectdeadlines.xml,pm
1123,749,2022-3-4 4:20:0,2022-3-4 4:54:0,read,Z4hidden.xml,secret
1124,749,2022-2-20 2:41:0,2022-2-20 2:55:39,read,A5hidden.xml,secret
1125,749,2022-1-17 23:29:0,2022-1-17 23:52:30,read,c9salaries.csv,hr
1126,749,2022-1-13 19:13:0,2022-1-13 19:55:20,read,F9hidden.xml,secret
1127,751,2022-2-2 3:28:0,2022-2-2 3:51:55,read,h6projectdeadlines.xml,pm
1128,751,2022-2-22 21:22:0,2022-2-22 21:51:56,read,l7salaries.csv,hr
1129,752,2022-3-20 22:3:0,2022-3-20 22:55:37,read,K2password.txt,secret
1130,753,2022-2-1 1:7:0,2022-2-1 1:54:19,read,y8employees.xml,hr
1131,753,2022-3-21 22:3:0,2022-3-21 22:58:27,read,x7salaries.csv,hr
1132,753,2022-1-8 2:3:0,2022-1-8 2:52:55,read,X7hidden.xml,secret
1133,757,2022-2-12 11:38:0,2022-2-12 11:56:51,read,M8index.html,code
1134,757,2022-1-4 13:37:0,2022-1-4 13:52:11,read,P9salaries.csv,hr
1135,759,2022-3-25 15:40:0,2022-3-25 15:58:16,read,F8main.py,code
1136,761,2022-1-16 4:32:0,2022-1-16 4:55:31,read,c7confidential.docx,secret
1137,762,2022-2-25 0:48:0,2022-2-25 0:51:35,read,W6main.py,code
1138,762,2022-2-22 15:37:0,2022-2-22 15:53:28,read,B8confidential.docx,secret
1139,762,2022-1-4 12:20:0,2022-1-4 12:56:1,read,v7salaries.csv,hr
1140,763,2022-3-11 11:20:0,2022-3-11 11:57:14,read,d0script.js,code
1141,764,2022-2-25 22:9:0,2022-2-25 22:58:11,read,N6style.css,code
1142,764,2022-2-24 14:4:0,2022-2-24 14:59:20,read,A4hidden.xml,secret
1143,764,2022-1-25 6:27:0,2022-1-25 6:52:45,read,T7main.py,code
1144,764,2022-2-3 17:4:0,2022-2-3 17:55:10,read,N4secret.docx,secret
1145,764,2022-2-24 0:8:0,2022-2-24 0:59:27,read,I5password.txt,secret
1146,764,2022-2-23 0:34:0,2022-2-23 0:56:6,read,n7secret.docx,secret
1147,764,2022-3-17 2:48:0,2022-3-17 2:55:54,read,L9projectdeadlines.xml,pm
1148,764,2022-2-15 15:3:0,2022-2-15 15:59:42,read,E2index.html,code
1149,764,2022-3-2 7:21:0,2022-3-2 7:54:20,read,c0index.html,code
1150,765,2022-1-12 18:50:0,2022-1-12 18:58:53,read,X8style.css,code
1151,765,2022-3-6 19:45:0,2022-3-6 19:57:54,read,u9employees.xml,hr
1152,766,2022-2-21 12:13:0,2022-2-21 12:54:43,read,f7projectdeadlines.xml,pm
1153,766,2022-2-21 20:38:0,2022-2-21 20:56:2,read,y0password.txt,secret
1154,766,2022-2-17 23:36:0,2022-2-17 23:55:47,read,B3script.js,code
1155,767,2022-2-9 13:15:0,2022-2-9 13:59:30,read,Z2main.py,code
1156,768,2022-3-24 3:3:0,2022-3-24 3:58:24,read,J5employees.xml,hr
1157,768,2022-1-4 17:50:0,2022-1-4 17:57:16,read,W7script.js,code
1158,768,2022-2-3 17:17:0,2022-2-3 17:52:26,read,T4config.yaml,code
1159,772,2022-3-27 17:19:0,2022-3-27 17:54:14,read,v6config.yaml,code
1160,772,2022-3-4 21:46:0,2022-3-4 21:56:39,read,N3config.yaml,code
1161,772,2022-3-18 9:19:0,2022-3-18 9:56:58,read,k5password.txt,secret
1162,772,2022-3-10 5:36:0,2022-3-10 5:59:55,read,J6employees.xml,hr
1163,775,2022-3-4 2:13:0,2022-3-4 2:53:33,read,N9config.yaml,code
1164,775,2022-1-20 23:38:0,2022-1-20 23:56:47,read,c7main.py,code
1165,775,2022-1-8 20:0:0,2022-1-8 20:54:56,read,t4salaries.csv,hr
1166,778,2022-2-6 10:35:0,2022-2-6 10:51:17,read,s0confidential.docx,secret
1167,781,2022-1-22 15:26:0,2022-1-22 15:52:40,read,d8employees.xml,hr
1168,781,2022-3-14 11:3:0,2022-3-14 11:59:7,read,e3employees.xml,hr
1169,781,2022-3-23 11:17:0,2022-3-23 11:59:43,read,p8employees.xml,hr
1170,781,2022-2-15 16:22:0,2022-2-15 16:55:25,read,r2password.txt,secret
1171,781,2022-3-3 8:44:0,2022-3-3 8:51:44,read,M3confidential.docx,secret
1172,781,2022-1-4 9:7:0,2022-1-4 9:55:32,read,H2index.html,code
1173,781,2022-3-17 22:17:0,2022-3-17 22:58:57,read,g7style.css,code
1174,781,2022-1-19 12:41:0,2022-1-19 12:54:46,read,T0employees.xml,hr
1175,784,2022-2-10 8:47:0,2022-2-10 8:51:33,read,q3password.txt,secret
1176,784,2022-3-24 14:2:0,2022-3-24 14:57:14,read,q5projectdeadlines.xml,pm
1177,785,2022-3-6 18:27:0,2022-3-6 18:51:31,read,o8index.html,code
1178,785,2022-1-26 21:6:0,2022-1-26 21:55:38,read,U4main.py,code
1179,785,2022-2-25 8:21:0,2022-2-25 8:51:46,read,b0confidential.docx,secret
1180,785,2022-2-11 4:19:0,2022-2-11 4:56:57,read,t9style.css,code
1181,785,2022-2-19 3:5:0,2022-2-19 3:55:54,read,H5index.html,code
1182,787,2022-3-15 16:7:0,2022-3-15 16:56:28,read,N7main.py,code
1183,787,2022-2-13 21:35:0,2022-2-13 21:53:21,read,j0main.py,code
1184,789,2022-3-27 6:16:0,2022-3-27 6:57:35,read,h6style.css,code
1185,790,2022-1-15 8:28:0,2022-1-15 8:52:33,read,B1password.txt,secret
1186,790,2022-3-19 16:37:0,2022-3-19 16:51:19,read,V3secret.docx,secret
1187,790,2022-2-21 1:45:0,2022-2-21 1:59:3,read,y5style.css,code
1188,791,2022-1-12 7:25:0,2022-1-12 7:52:58,read,K9salaries.csv,hr
1189,791,2022-1-7 5:27:0,2022-1-7 5:54:24,read,r9secret.docx,secret
1190,791,2022-3-8 14:45:0,2022-3-8 14:56:17,read,X9main.py,code
1191,791,2022-3-8 10:14:0,2022-3-8 10:57:39,read,t1style.css,code
1192,791,2022-3-1 9:1:0,2022-3-1 9:52:42,read,r0main.py,code
1193,791,2022-1-2 11:45:0,2022-1-2 11:59:2,read,F9script.js,code
1194,791,2022-1-24 15:3:0,2022-1-24 15:58:7,read,n3style.css,code
1195,791,2022-3-7 21:7:0,2022-3-7 21:52:21,read,v6hidden.xml,secret
1196,794,2022-2-16 20:15:0,2022-2-16 20:53:30,read,K2style.css,code
1197,796,2022-3-15 23:5:0,2022-3-15 23:57:52,read,a2index.html,code
1198,796,2022-3-21 22:9:0,2022-3-21 22:52:48,read,Z8index.html,code
1199,800,2022-3-14 12:16:0,2022-3-14 12:59:56,read,Z4hidden.xml,secret
1200,800,2022-2-17 20:19:0,2022-2-17 20:52:1,read,D1main.py,code
1201,801,2022-1-3 16:2:0,2022-1-3 16:53:41,read,l2employees.xml,hr
1202,801,2022-1-5 12:9:0,2022-1-5 12:54:21,read,Q9employees.xml,hr
1203,801,2022-1-8 6:26:0,2022-1-8 6:58:29,read,e0script.js,code
1204,801,2022-1-13 21:15:0,2022-1-13 21:54:20,read,T0confidential.docx,secret
1205,801,2022-2-6 13:33:0,2022-2-6 13:53:9,read,F3employees.xml,hr
1206,801,2022-2-23 5:49:0,2022-2-23 5:52:22,read,z7hidden.xml,secret
1207,801,2022-3-10 17:45:0,2022-3-10 17:53:14,read,z2confidential.docx,secret
1208,801,2022-3-13 17:39:0,2022-3-13 17:57:2,read,V9secret.docx,secret
1209,801,2022-1-7 5:16:0,2022-1-7 5:52:46,read,S8index.html,code
1210,801,2022-1-7 7:13:0,2022-1-7 7:57:55,read,c9secret.docx,secret
1211,801,2022-2-25 13:26:0,2022-2-25 13:53:2,read,z1script.js,code
1212,801,2022-2-18 13:22:0,2022-2-18 13:59:34,read,W7confidential.docx,secret
1213,801,2022-3-18 0:36:0,2022-3-18 0:59:58,read,D8secret.docx,secret
1214,801,2022-1-24 17:37:0,2022-1-24 17:57:40,read,t7confidential.docx,secret
1215,801,2022-2-6 11:18:0,2022-2-6 11:54:27,read,j0password.txt,secret
1216,803,2022-1-15 20:44:0,2022-1-15 20:55:22,read,R2script.js,code
1217,803,2022-2-22 2:39:0,2022-2-22 2:52:49,read,H1main.py,code
1218,804,2022-2-4 19:6:0,2022-2-4 19:54:20,read,I8salaries.csv,hr
1219,804,2022-2-18 17:0:0,2022-2-18 17:52:52,read,r8index.html,code
1220,805,2022-2-20 17:22:0,2022-2-20 17:54:15,read,R1confidential.docx,secret
1221,805,2022-1-3 13:30:0,2022-1-3 13:54:40,read,n7script.js,code
1222,805,2022-3-25 1:44:0,2022-3-25 1:59:57,read,C6employees.xml,hr
1223,805,2022-2-18 16:15:0,2022-2-18 16:53:15,read,A7projectdeadlines.xml,pm
1224,805,2022-1-10 15:20:0,2022-1-10 15:51:6,read,a5config.yaml,code
1225,807,2022-3-28 0:25:0,2022-3-28 0:53:5,read,G5main.py,code
1226,807,2022-1-25 20:30:0,2022-1-25 20:58:39,read,z6employees.xml,hr
1227,807,2022-1-25 23:17:0,2022-1-25 23:58:29,read,P2secret.docx,secret
1228,807,2022-1-21 20:36:0,2022-1-21 20:59:33,read,D9style.css,code
1229,807,2022-1-26 10:42:0,2022-1-26 10:56:0,read,B8employees.xml,hr
1230,807,2022-2-11 10:23:0,2022-2-11 10:59:2,read,E2main.py,code
1231,811,2022-1-27 19:21:0,2022-1-27 19:58:35,read,I1index.html,code
1232,811,2022-2-10 7:9:0,2022-2-10 7:52:19,read,c9salaries.csv,hr
1233,811,2022-2-28 3:23:0,2022-2-28 3:54:3,read,V6salaries.csv,hr
1234,811,2022-1-2 5:11:0,2022-1-2 5:57:24,read,G9confidential.docx,secret
1235,812,2022-2-15 14:11:0,2022-2-15 14:56:40,read,P4index.html,code
1236,813,2022-1-17 10:47:0,2022-1-17 10:55:58,read,Y4config.yaml,code
1237,814,2022-1-12 11:44:0,2022-1-12 11:56:0,read,T0main.py,code
1238,815,2022-3-16 10:46:0,2022-3-16 10:58:16,read,s7password.txt,secret
1239,815,2022-1-14 23:17:0,2022-1-14 23:52:9,read,s5config.yaml,code
1240,816,2022-3-5 4:7:0,2022-3-5 4:55:4,read,m3script.js,code
1241,816,2022-3-25 1:37:0,2022-3-25 1:54:0,read,K5config.yaml,code
1242,816,2022-1-20 1:34:0,2022-1-20 1:52:56,read,N0projectdeadlines.xml,pm
1243,816,2022-3-27 23:42:0,2022-3-27 23:51:19,read,W7hidden.xml,secret
1244,816,2022-2-17 9:47:0,2022-2-17 9:51:15,read,t6hidden.xml,secret
1245,816,2022-2-19 19:21:0,2022-2-19 19:51:0,read,V1salaries.csv,hr
1246,816,2022-3-16 9:9:0,2022-3-16 9:55:45,read,T6projectdeadlines.xml,pm
1247,817,2022-1-26 18:24:0,2022-1-26 18:56:55,read,g7password.txt,secret
1248,817,2022-1-22 8:20:0,2022-1-22 8:51:44,read,X1index.html,code
1249,817,2022-3-9 0:41:0,2022-3-9 0:53:31,read,O9employees.xml,hr
1250,817,2022-2-14 10:40:0,2022-2-14 10:52:33,read,B3projectdeadlines.xml,pm
1251,817,2022-1-8 14:49:0,2022-1-8 14:58:21,read,h5secret.docx,secret
1252,818,2022-3-5 19:46:0,2022-3-5 19:54:7,read,v8password.txt,secret
1253,818,2022-3-25 21:16:0,2022-3-25 21:59:40,read,U4password.txt,secret
1254,818,2022-2-9 18:44:0,2022-2-9 18:55:13,read,r7index.html,code
1255,818,2022-2-1 18:23:0,2022-2-1 18:55:54,read,W3salaries.csv,hr
1256,818,2022-3-8 14:4:0,2022-3-8 14:59:36,read,p7projectdeadlines.xml,pm
1257,819,2022-3-6 20:13:0,2022-3-6 20:54:7,read,G5config.yaml,code
1258,819,2022-1-21 22:23:0,2022-1-21 22:54:51,read,C1password.txt,secret
1259,819,2022-3-27 6:16:0,2022-3-27 6:57:58,read,P4main.py,code
1260,819,2022-2-7 21:49:0,2022-2-7 21:55:7,read,R7secret.docx,secret
1261,820,2022-2-18 18:20:0,2022-2-18 18:56:37,read,v4script.js,code
1262,820,2022-2-21 0:23:0,2022-2-21 0:53:59,read,Z1config.yaml,code
1263,820,2022-2-27 5:18:0,2022-2-27 5:54:9,read,w7employees.xml,hr
1264,823,2022-2-15 15:16:0,2022-2-15 15:59:9,read,Q5secret.docx,secret
1265,823,2022-3-26 15:28:0,2022-3-26 15:53:51,read,O4salaries.csv,hr
1266,824,2022-2-18 16:39:0,2022-2-18 16:56:17,read,p2hidden.xml,secret
1267,826,2022-2-20 19:0:0,2022-2-20 19:53:39,read,q6style.css,code
1268,826,2022-1-23 4:16:0,2022-1-23 4:52:44,read,r1hidden.xml,secret
1269,828,2022-2-10 2:5:0,2022-2-10 2:54:34,read,d6script.js,code
1270,831,2022-2-11 12:16:0,2022-2-11 12:53:32,read,y7index.html,code
1271,835,2022-1-13 0:25:0,2022-1-13 0:54:31,read,S2script.js,code
1272,836,2022-2-21 1:15:0,2022-2-21 1:54:43,read,M3index.html,code
1273,836,2022-3-15 9:49:0,2022-3-15 9:51:16,read,h5projectdeadlines.xml,pm
1274,836,2022-2-15 22:38:0,2022-2-15 22:54:18,read,P2projectdeadlines.xml,pm
1275,839,2022-3-12 16:40:0,2022-3-12 16:54:56,read,l5employees.xml,hr
1276,843,2022-3-20 8:50:0,2022-3-20 8:59:39,read,S8confidential.docx,secret
1277,844,2022-2-23 6:34:0,2022-2-23 6:55:47,read,H4main.py,code
1278,844,2022-3-1 9:32:0,2022-3-1 9:58:45,read,Y1index.html,code
1279,845,2022-2-26 10:41:0,2022-2-26 10:59:16,read,C1secret.docx,secret
1280,845,2022-3-1 18:20:0,2022-3-1 18:53:33,read,P3secret.docx,secret
1281,845,2022-3-7 2:38:0,2022-3-7 2:56:32,read,f6main.py,code
1282,845,2022-3-5 4:20:0,2022-3-5 4:53:15,read,D8style.css,code
1283,845,2022-2-22 0:28:0,2022-2-22 0:55:37,read,A1hidden.xml,secret
1284,845,2022-1-18 10:4:0,2022-1-18 10:59:59,read,O5password.txt,secret
1285,845,2022-3-18 12:18:0,2022-3-18 12:58:4,read,K1hidden.xml,secret
1286,845,2022-3-18 12:43:0,2022-3-18 12:51:4,read,Z1password.txt,secret
1287,847,2022-3-10 17:9:0,2022-3-10 17:57:8,read,l0config.yaml,code
1288,847,2022-2-8 2:9:0,2022-2-8 2:52:34,read,R2salaries.csv,hr
1289,847,2022-3-9 13:14:0,2022-3-9 13:55:23,read,z1script.js,code
1290,847,2022-1-27 9:0:0,2022-1-27 9:56:48,read,a8salaries.csv,hr
1291,848,2022-3-24 5:13:0,2022-3-24 5:55:54,read,t0projectdeadlines.xml,pm
1292,848,2022-2-27 23:43:0,2022-2-27 23:51:3,read,S8salaries.csv,hr
1293,848,2022-2-24 17:24:0,2022-2-24 17:56:49,read,v2script.js,code
1294,848,2022-3-20 3:48:0,2022-3-20 3:57:55,read,C7script.js,code
1295,848,2022-2-22 17:4:0,2022-2-22 17:53:35,read,h8employees.xml,hr
1296,849,2022-3-5 10:23:0,2022-3-5 10:59:39,read,Y9script.js,code
1297,849,2022-2-28 16:29:0,2022-2-28 16:57:26,read,F7index.html,code
1298,849,2022-3-13 17:41:0,2022-3-13 17:59:12,read,I8password.txt,secret
1299,849,2022-2-8 11:6:0,2022-2-8 11:53:20,read,a7employees.xml,hr
1300,851,2022-3-21 10:33:0,2022-3-21 10:52:46,read,T6script.js,code
1301,852,2022-2-13 8:28:0,2022-2-13 8:58:2,read,M0confidential.docx,secret
1302,852,2022-2-28 5:6:0,2022-2-28 5:59:7,read,V2confidential.docx,secret
1303,852,2022-2-12 4:3:0,2022-2-12 4:53:36,read,L3index.html,code
1304,852,2022-1-6 9:44:0,2022-1-6 9:54:56,read,I2style.css,code
1305,852,2022-3-12 17:18:0,2022-3-12 17:54:8,read,C2hidden.xml,secret
1306,852,2022-1-22 7:35:0,2022-1-22 7:51:16,read,x3main.py,code
1307,855,2022-2-27 23:2:0,2022-2-27 23:56:24,read,f2main.py,code
1308,857,2022-1-5 12:29:0,2022-1-5 12:58:25,read,o7password.txt,secret
1309,858,2022-2-21 14:22:0,2022-2-21 14:53:3,read,g8secret.docx,secret
1310,858,2022-3-11 19:48:0,2022-3-11 19:51:4,read,u0confidential.docx,secret
1311,858,2022-3-23 7:42:0,2022-3-23 7:53:14,read,o4hidden.xml,secret
1312,858,2022-1-1 6:30:0,2022-1-1 6:58:11,read,W9index.html,code
1313,858,2022-1-9 18:21:0,2022-1-9 18:54:8,read,A3projectdeadlines.xml,pm
1314,860,2022-3-10 4:18:0,2022-3-10 4:55:23,read,a2secret.docx,secret
1315,860,2022-3-3 8:17:0,2022-3-3 8:53:42,read,K8index.html,code
1316,860,2022-2-8 8:41:0,2022-2-8 8:53:31,read,d4style.css,code
1317,861,2022-1-17 21:0:0,2022-1-17 21:56:14,read,o4style.css,code
1318,861,2022-2-6 11:29:0,2022-2-6 11:56:40,read,o7secret.docx,secret
1319,861,2022-2-1 6:24:0,2022-2-1 6:54:9,read,i6index.html,code
1320,861,2022-3-11 10:0:0,2022-3-11 10:53:38,read,W7index.html,code
1321,861,2022-1-24 12:17:0,2022-1-24 12:53:18,read,B7confidential.docx,secret
1322,864,2022-3-1 11:28:0,2022-3-1 11:55:21,read,G1script.js,code
1323,865,2022-1-15 21:7:0,2022-1-15 21:59:26,read,i3salaries.csv,hr
1324,865,2022-2-10 0:10:0,2022-2-10 0:53:52,read,S4salaries.csv,hr
1325,869,2022-1-21 20:37:0,2022-1-21 20:51:42,read,J1script.js,code
1326,871,2022-3-24 7:29:0,2022-3-24 7:56:18,read,s3config.yaml,code
1327,871,2022-3-21 21:50:0,2022-3-21 21:59:49,read,r3script.js,code
1328,871,2022-3-6 11:24:0,2022-3-6 11:55:36,read,I5secret.docx,secret
1329,871,2022-3-27 10:14:0,2022-3-27 10:52:42,read,I9config.yaml,code
1330,873,2022-1-15 13:10:0,2022-1-15 13:57:14,read,P8confidential.docx,secret
1331,874,2022-2-10 14:17:0,2022-2-10 14:53:57,read,c8hidden.xml,secret
1332,874,2022-3-18 9:32:0,2022-3-18 9:51:31,read,T8style.css,code
1333,874,2022-3-21 21:36:0,2022-3-21 21:51:11,read,Q2confidential.docx,secret
1334,874,2022-3-19 16:46:0,2022-3-19 16:59:32,read,H5confidential.docx,secret
1335,874,2022-2-13 6:31:0,2022-2-13 6:55:54,read,G8main.py,code
1336,875,2022-3-22 4:10:0,2022-3-22 4:54:25,read,X6secret.docx,secret
1337,875,2022-2-12 12:47:0,2022-2-12 12:57:43,read,x2index.html,code
1338,875,2022-3-2 15:23:0,2022-3-2 15:56:50,read,E4script.js,code
1339,875,2022-2-23 9:47:0,2022-2-23 9:53:15,read,n8employees.xml,hr
1340,875,2022-3-24 20:25:0,2022-3-24 20:59:22,read,G0script.js,code
1341,875,2022-1-28 12:7:0,2022-1-28 12:51:27,read,Y1script.js,code
1342,875,2022-1-20 23:23:0,2022-1-20 23:58:17,read,r9secret.docx,secret
1343,875,2022-1-5 23:7:0,2022-1-5 23:53:42,read,y9script.js,code
1344,876,2022-1-5 6:42:0,2022-1-5 6:58:44,read,O9style.css,code
1345,877,2022-3-16 2:34:0,2022-3-16 2:57:38,read,m4script.js,code
1346,877,2022-1-13 22:46:0,2022-1-13 22:57:15,read,U0style.css,code
1347,879,2022-1-13 17:9:0,2022-1-13 17:51:40,read,i0employees.xml,hr
1348,879,2022-2-24 11:14:0,2022-2-24 11:54:9,read,Y8main.py,code
1349,879,2022-1-20 0:46:0,2022-1-20 0:54:3,read,d3employees.xml,hr
1350,881,2022-3-8 22:20:0,2022-3-8 22:52:50,read,U2salaries.csv,hr
1351,883,2022-2-5 16:15:0,2022-2-5 16:56:14,read,q0index.html,code
1352,883,2022-2-26 4:47:0,2022-2-26 4:52:54,read,j7hidden.xml,secret
1353,883,2022-1-23 1:2:0,2022-1-23 1:58:8,read,S1confidential.docx,secret
1354,884,2022-2-13 13:49:0,2022-2-13 13:53:0,read,R9config.yaml,code
1355,886,2022-3-14 12:30:0,2022-3-14 12:58:55,read,D0salaries.csv,hr
1356,887,2022-3-22 16:8:0,2022-3-22 16:58:43,read,Z0confidential.docx,secret
1357,887,2022-2-24 4:7:0,2022-2-24 4:56:17,read,s8password.txt,secret
1358,887,2022-2-8 21:15:0,2022-2-8 21:52:44,read,T5config.yaml,code
1359,888,2022-2-26 10:8:0,2022-2-26 10:55:1,read,y4confidential.docx,secret
1360,889,2022-1-22 0:11:0,2022-1-22 0:58:49,read,s7salaries.csv,hr
1361,889,2022-3-27 5:13:0,2022-3-27 5:52:5,read,f3style.css,code
1362,891,2022-2-3 9:27:0,2022-2-3 9:53:6,read,v7main.py,code
1363,891,2022-1-11 17:39:0,2022-1-11 17:52:41,read,r3style.css,code
1364,891,2022-3-11 7:41:0,2022-3-11 7:56:37,read,w8style.css,code
1365,891,2022-1-7 9:2:0,2022-1-7 9:51:6,read,S5style.css,code
1366,891,2022-1-19 3:44:0,2022-1-19 3:56:16,read,N9employees.xml,hr
1367,892,2022-1-1 6:35:0,2022-1-1 6:58:5,read,t9confidential.docx,secret
1368,892,2022-3-20 8:14:0,2022-3-20 8:59:19,read,z6script.js,code
1369,892,2022-2-13 11:1:0,2022-2-13 11:54:18,read,U0main.py,code
1370,892,2022-2-25 6:45:0,2022-2-25 6:58:58,read,k2index.html,code
1371,892,2022-3-4 12:26:0,2022-3-4 12:53:49,read,r9index.html,code
1372,892,2022-3-7 1:8:0,2022-3-7 1:57:14,read,F3index.html,code
