name,id,role,code,database,network,graphic,email,internal,pm,multimedia,classified,social,total
Aaden,1,Software Engineer,52,12,5,0,4,8,19,0,0,0,100
Oscar,2,Software Engineer,69,6,3,1,9,8,4,0,0,0,100
Aarav,3,Software Engineer,56,12,2,1,4,0,9,2,9,5,100
Amber,4,Software Engineer,56,8,13,0,1,10,7,2,1,2,100
Aaron,5,Software Engineer,72,9,8,1,3,2,3,2,0,0,100
Aayan,6,Software Engineer,57,11,10,1,8,3,1,7,2,0,100
Abbie,7,Software Engineer,52,12,10,6,4,10,6,0,0,0,100
Abdul,8,Software Engineer,43,11,7,0,2,26,3,3,5,0,100
Abner,9,Software Engineer,69,9,10,1,0,2,3,0,4,2,100
Abram,10,Software Engineer,54,12,7,6,3,9,6,1,2,0,100
Adams,11,Software Engineer,71,6,11,2,0,7,1,0,2,0,100
Addie,12,Software Engineer,54,9,2,2,15,5,4,3,6,0,100
Adlai,13,Software Engineer,60,10,8,1,9,9,3,0,0,0,100
Adolf,14,Software Engineer,69,8,2,2,2,8,6,1,2,0,100
Adron,15,Software Engineer,72,5,9,2,2,4,6,0,0,0,100
Aedan,16,Software Engineer,45,12,7,7,2,13,8,0,6,0,100
Agnes,17,Software Engineer,68,9,6,1,2,9,2,3,0,0,100
Ahmad,18,Software Engineer,52,10,17,5,5,6,0,4,1,0,100
Ahmed,19,Software Engineer,43,12,22,4,2,8,2,5,2,0,100
Ahmir,20,Software Engineer,59,10,0,4,10,14,2,0,0,1,100
Aidan,21,Software Engineer,51,11,15,5,8,6,1,3,0,0,100
Aiden,22,Software Engineer,54,9,2,2,11,20,2,0,0,0,100
Aidyn,23,Software Engineer,57,11,12,0,1,10,0,0,9,0,100
Akeem,24,Software Engineer,45,14,17,7,7,9,0,1,0,0,100
Akira,25,Software Engineer,67,6,12,0,5,4,2,1,0,3,100
Albin,26,Software Engineer,50,14,8,8,8,4,6,2,0,0,100
Alcee,27,Software Engineer,73,8,2,1,4,9,1,1,0,1,100
Alden,28,Software Engineer,68,7,7,5,5,5,3,0,0,0,100
Aleck,29,Software Engineer,65,9,7,0,8,8,2,1,0,0,100
Alfie,30,Software Engineer,62,12,2,2,9,1,0,11,0,1,100
Alger,31,Software Engineer,40,15,21,7,2,2,0,12,1,0,100
Algie,32,Software Engineer,51,12,17,3,5,8,1,3,0,0,100
Algot,33,Software Engineer,9,18,6,3,0,15,2,3,42,2,100
Alice,34,Software Engineer,66,6,4,4,9,7,1,0,1,2,100
Allan,35,Software Engineer,55,14,8,6,5,6,3,1,1,1,100
Allen,36,Software Engineer,48,14,8,7,7,12,1,2,1,0,100
Allie,37,Software Engineer,42,20,9,6,6,12,0,4,0,1,100
Allyn,38,Software Engineer,59,11,10,3,1,5,10,1,0,0,100
Almer,39,Software Engineer,59,10,6,7,7,4,5,0,2,0,100
Almon,40,Software Engineer,43,15,7,6,7,17,0,3,0,2,100
Almus,41,Software Engineer,44,22,3,1,8,11,6,2,2,1,100
Alois,42,Software Engineer,50,11,3,10,2,18,5,0,0,1,100
Aloys,43,Software Engineer,69,6,1,3,4,4,4,9,0,0,100
Alpha,44,Software Engineer,55,13,2,0,11,9,4,3,2,1,100
Alton,45,Software Engineer,71,8,7,2,1,8,0,3,0,0,100
Alvah,46,Software Engineer,71,6,4,2,5,4,8,0,0,0,100
Alvan,47,Software Engineer,53,9,12,7,4,1,13,0,1,0,100
Alver,48,Software Engineer,46,12,9,10,3,9,7,0,4,0,100
Alvia,49,Software Engineer,40,12,0,4,10,21,1,12,0,0,100
Alvie,50,Software Engineer,55,13,7,3,7,13,0,1,0,1,100
Alvin,51,Software Engineer,50,13,14,8,4,10,0,1,0,0,100
Alvis,52,Software Engineer,72,6,0,3,1,6,12,0,0,0,100
Alwin,53,Software Engineer,44,15,6,11,5,4,6,4,2,3,100
Amado,54,Software Engineer,47,12,3,7,7,18,5,0,0,1,100
Amare,55,Software Engineer,15,27,1,1,6,18,3,2,26,1,100
Amari,56,Software Engineer,65,8,8,0,5,7,7,0,0,0,100
Amasa,57,Software Engineer,64,7,13,0,7,7,0,2,0,0,100
Ameer,58,Software Engineer,42,17,3,12,10,13,1,2,0,0,100
Amias,59,Software Engineer,42,14,14,7,4,10,4,5,0,0,100
Ammon,60,Software Engineer,43,14,9,10,3,0,21,0,0,0,100
Ancel,61,Software Engineer,32,18,9,3,4,22,0,8,3,1,100
Ancil,62,Software Engineer,59,8,15,0,8,3,6,1,0,0,100
Andon,63,Software Engineer,60,11,6,5,8,2,5,2,0,1,100
Andra,64,Software Engineer,50,10,7,4,2,23,4,0,0,0,100
Andre,65,Software Engineer,48,15,9,0,4,2,11,8,2,1,100
Angel,66,Software Engineer,57,9,0,1,15,16,1,1,0,0,100
Angus,67,Software Engineer,66,7,9,0,1,14,2,1,0,0,100
Annie,68,Software Engineer,48,16,13,7,1,13,0,2,0,0,100
Ansel,69,Software Engineer,65,8,8,4,2,8,1,4,0,0,100
Anson,70,Software Engineer,40,18,16,8,2,2,11,0,1,2,100
Anton,71,Software Engineer,64,8,7,2,8,3,8,0,0,0,100
Anwar,72,Software Engineer,66,6,12,3,0,4,8,1,0,0,100
Arbie,73,Software Engineer,45,19,15,3,5,6,2,1,3,1,100
Arden,74,Software Engineer,41,18,19,1,0,1,6,10,4,0,100
Arian,75,Software Engineer,70,6,7,2,3,6,2,4,0,0,100
Ariel,76,Software Engineer,70,8,10,1,3,5,2,0,0,1,100
Aries,77,Software Engineer,63,8,4,1,6,14,3,1,0,0,100
Arjun,78,Software Engineer,66,7,10,2,3,0,4,5,3,0,100
Arlan,79,Software Engineer,25,1,4,1,6,33,2,2,26,0,100
Arlen,80,Software Engineer,74,7,4,2,3,0,2,5,3,0,100
Arley,81,Software Engineer,63,8,11,0,5,10,1,2,0,0,100
Arlie,82,Software Engineer,60,9,1,6,6,10,8,0,0,0,100
Arlin,83,Software Engineer,56,11,8,1,6,11,3,2,0,2,100
Arlis,84,Software Engineer,55,11,12,6,6,3,4,2,1,0,100
Arlyn,85,Software Engineer,46,17,16,6,5,5,1,3,1,0,100
Arman,86,Software Engineer,49,13,12,5,5,10,4,2,0,0,100
Armin,87,Software Engineer,43,11,10,0,15,13,5,0,3,0,100
Arnav,88,Software Engineer,43,15,2,12,7,9,0,12,0,0,100
Arnie,89,Software Engineer,47,17,10,1,3,7,15,0,0,0,100
Arron,90,Software Engineer,63,8,3,5,2,11,6,0,1,1,100
Artie,91,Software Engineer,64,8,12,4,0,0,9,3,0,0,100
Artis,92,Software Engineer,52,15,8,1,5,14,4,1,0,0,100
Arvel,93,Software Engineer,51,10,0,8,8,14,4,5,0,0,100
Arvid,94,Software Engineer,41,12,20,7,4,9,4,3,0,0,100
Arvil,95,Software Engineer,73,8,6,1,2,6,0,2,0,2,100
Arvin,96,Software Engineer,57,14,4,1,6,10,8,0,0,0,100
Aryan,97,Software Engineer,62,10,12,2,5,6,0,2,1,0,100
Ashby,98,Software Engineer,73,7,7,1,1,2,9,0,0,0,100
Asher,99,Software Engineer,70,6,10,0,3,3,0,8,0,0,100
Atlas,100,Software Engineer,61,10,3,1,6,7,9,0,3,0,100
Aubra,101,Software Engineer,69,7,2,4,7,8,3,0,0,0,100
Audie,102,Software Engineer,66,10,4,1,8,10,0,1,0,0,100
Autry,103,Software Engineer,63,9,0,7,5,12,3,1,0,0,100
Avery,104,Software Engineer,54,10,13,1,2,12,7,1,0,0,100
Axton,105,Software Engineer,60,12,9,1,1,8,2,1,4,2,100
Ayaan,106,Software Engineer,49,12,5,6,8,16,4,0,0,0,100
Aydan,107,Software Engineer,66,10,6,5,2,2,2,7,0,0,100
Ayden,108,Software Engineer,45,12,6,8,7,9,1,11,1,0,100
Aydin,109,Software Engineer,52,12,9,3,1,20,3,0,0,0,100
Aziel,110,Software Engineer,57,12,5,2,5,10,6,3,0,0,100
Baker,111,Software Engineer,42,12,10,6,10,4,16,0,0,0,100
Banks,112,Software Engineer,50,9,15,4,10,7,5,0,0,0,100
Baron,113,Software Engineer,64,7,0,1,6,17,2,1,2,0,100
Barry,114,Software Engineer,48,15,3,9,0,18,6,0,1,0,100
Basil,115,Software Engineer,43,12,5,12,5,10,4,9,0,0,100
Benji,116,Software Engineer,72,7,5,4,2,0,4,4,2,0,100
Benny,117,Software Engineer,50,16,5,2,12,4,9,2,0,0,100
Berry,118,Software Engineer,72,7,1,0,3,2,0,4,0,11,100
Beryl,119,Software Engineer,65,9,11,2,1,1,6,3,0,2,100
Betty,120,Software Engineer,61,8,3,1,1,1,10,10,3,2,100
Bilal,121,Software Engineer,41,16,19,7,0,13,1,1,2,0,100
Billy,122,Software Engineer,48,17,15,6,3,3,4,2,0,2,100
Bjorn,123,Software Engineer,63,9,0,6,0,1,20,1,0,0,100
Blain,124,Software Engineer,57,12,15,2,4,6,3,1,0,0,100
Blair,125,Software Engineer,73,6,7,1,5,1,4,1,1,1,100
Blake,126,Software Engineer,51,18,15,5,3,0,1,3,4,0,100
Blane,127,Software Engineer,61,9,5,0,3,2,4,1,15,0,100
Blaze,128,Software Engineer,67,10,4,6,2,0,1,2,2,6,100
Bliss,129,Software Engineer,44,16,5,8,3,16,4,1,2,1,100
Bobby,130,Software Engineer,44,17,15,5,7,5,5,1,1,0,100
Boden,131,Software Engineer,49,14,14,4,8,8,2,0,1,0,100
Bodhi,132,Software Engineer,57,9,12,5,6,8,3,0,0,0,100
Bodie,133,Software Engineer,52,16,0,7,6,10,1,6,0,2,100
Boone,134,Software Engineer,46,17,6,2,9,4,14,1,0,1,100
Boris,135,Software Engineer,67,8,10,3,5,2,3,1,0,1,100
Bowen,136,Software Engineer,51,11,9,8,6,0,14,1,0,0,100
Bowie,137,Software Engineer,58,12,9,2,3,11,0,1,4,0,100
Boyce,138,Software Engineer,59,11,1,7,7,2,3,5,4,1,100
Brady,139,Software Engineer,46,11,1,4,4,7,18,0,8,1,100
Brain,140,Software Engineer,63,7,8,3,5,3,5,3,1,2,100
Brant,141,Software Engineer,59,13,2,8,8,4,5,0,0,1,100
Brent,142,Software Engineer,54,16,7,4,10,0,1,0,1,7,100
Brett,143,Software Engineer,62,8,14,3,1,2,5,5,0,0,100
Brian,144,Software Engineer,54,11,13,4,3,12,3,0,0,0,100
Briar,145,Software Engineer,50,10,7,9,9,9,1,2,0,3,100
Brice,146,Software Engineer,60,14,5,5,3,1,3,7,1,1,100
Brien,147,Software Engineer,57,14,4,2,9,11,3,0,0,0,100
Brion,148,Software Engineer,64,8,2,6,8,6,6,0,0,0,100
Britt,149,Software Engineer,61,10,5,0,11,8,4,0,1,0,100
Brock,150,Software Engineer,64,11,3,0,7,8,7,0,0,0,100
Brody,151,Software Engineer,63,9,11,3,1,1,11,1,0,0,100
Brook,152,Software Engineer,68,7,3,3,7,0,4,3,2,3,100
Brown,153,Software Engineer,64,12,3,6,1,8,5,1,0,0,100
Bruce,154,Software Engineer,46,13,5,1,6,25,1,2,0,1,100
Bruno,155,Software Engineer,40,18,19,7,0,5,3,6,2,0,100
Bryan,156,Software Engineer,49,11,16,3,5,3,8,0,5,0,100
Bryce,157,Software Engineer,9,17,10,3,12,14,3,0,28,4,100
Bryon,158,Software Engineer,50,11,18,5,4,5,4,2,1,0,100
Buddy,159,Software Engineer,46,14,8,10,3,6,12,1,0,0,100
Buell,160,Software Engineer,47,14,15,8,1,4,3,4,4,0,100
Buren,161,Software Engineer,20,3,16,1,2,9,1,10,34,4,100
Burke,162,Software Engineer,72,7,4,1,6,6,0,4,0,0,100
Burns,163,Software Engineer,67,7,9,4,3,0,0,6,4,0,100
Butch,164,Software Engineer,68,8,1,1,0,2,9,8,2,1,100
Bynum,165,Software Engineer,69,8,3,5,1,8,0,5,1,0,100
Byron,166,Software Engineer,51,11,13,5,5,13,1,0,0,1,100
Caden,167,Software Engineer,50,9,12,6,7,4,1,5,6,0,100
Cairo,168,Software Engineer,60,11,9,6,5,7,2,0,0,0,100
Caleb,169,Software Engineer,13,16,1,0,0,24,0,0,45,1,100
Calum,170,Software Engineer,40,11,2,12,14,9,2,10,0,0,100
Carey,171,Software Engineer,52,10,18,3,6,8,3,0,0,0,100
Carlo,172,Software Engineer,66,10,7,4,5,2,6,0,0,0,100
Carol,173,Software Engineer,56,8,16,1,0,11,5,3,0,0,100
Casen,174,Software Engineer,67,6,7,1,3,6,6,4,0,0,100
Casey,175,Software Engineer,54,9,17,1,6,4,1,2,3,3,100
Cason,176,Software Engineer,55,11,11,4,5,9,0,3,2,0,100
Cecil,177,Software Engineer,9,5,14,5,6,9,2,1,42,7,100
Cesar,178,Software Engineer,68,8,11,0,4,3,0,2,4,0,100
Chace,179,Software Engineer,50,12,17,1,7,11,2,0,0,0,100
Chadd,180,Software Engineer,48,11,0,1,17,19,4,0,0,0,100
Chaim,181,Software Engineer,45,14,17,4,9,3,2,1,5,0,100
Champ,182,Software Engineer,48,11,1,1,10,24,5,0,0,0,100
Chase,183,Software Engineer,55,11,5,4,8,7,7,3,0,0,100
Chevy,184,Software Engineer,61,9,7,6,6,3,5,1,2,0,100
Chris,185,Software Engineer,69,8,6,4,5,4,4,0,0,0,100
Chuck,186,Software Engineer,25,20,5,6,6,21,5,6,3,3,100
Clabe,187,Software Engineer,63,8,6,0,10,5,4,0,2,2,100
Clair,188,Software Engineer,42,18,13,6,10,0,0,7,0,4,100
Clara,189,Software Engineer,55,9,0,0,9,7,19,0,0,1,100
Clare,190,Software Engineer,50,10,10,8,6,14,0,2,0,0,100
Clark,191,Software Engineer,63,7,14,3,0,6,3,4,0,0,100
Claud,192,Software Engineer,52,15,6,6,2,6,11,1,1,0,100
Claus,193,Software Engineer,69,7,1,1,2,14,2,3,1,0,100
Clell,194,Software Engineer,56,14,10,3,5,5,1,2,3,1,100
Cleon,195,Software Engineer,51,16,2,11,3,14,2,0,1,0,100
Cleve,196,Software Engineer,68,8,2,0,10,9,2,0,0,1,100
Clide,197,Software Engineer,61,10,8,0,9,6,6,0,0,0,100
Cliff,198,Software Engineer,67,8,1,4,1,9,4,4,0,2,100
Clint,199,Software Engineer,51,9,19,2,7,10,0,0,2,0,100
Clive,200,Software Engineer,73,7,8,2,1,0,0,6,0,3,100
Cloyd,201,Software Engineer,69,6,10,3,5,1,4,2,0,0,100
Clyde,202,Software Engineer,65,9,5,2,4,12,1,0,1,1,100
Codey,203,Software Engineer,65,7,6,3,5,8,4,2,0,0,100
Codie,204,Software Engineer,40,19,13,6,7,4,4,7,0,0,100
Cohen,205,Software Engineer,58,9,4,1,8,3,0,10,3,4,100
Colby,206,Software Engineer,55,9,13,6,4,11,1,0,0,1,100
Coley,207,Software Engineer,41,12,22,0,1,4,19,0,1,0,100
Colie,208,Software Engineer,56,14,12,1,3,7,2,1,4,0,100
Colin,209,Software Engineer,55,8,14,0,7,4,10,0,2,0,100
Colon,210,Software Engineer,41,17,15,4,1,3,12,1,4,2,100
Conor,211,Software Engineer,40,11,14,10,5,2,10,6,0,2,100
Corey,212,Software Engineer,76,6,1,4,8,2,0,0,2,1,100
Corry,213,Software Engineer,51,13,10,2,3,13,8,0,0,0,100
Cosmo,214,Software Engineer,61,9,4,4,6,12,1,3,0,0,100
Craig,215,Software Engineer,71,6,0,7,5,7,1,2,1,0,100
Creed,216,Software Engineer,19,11,6,2,6,11,8,0,35,2,100
Cyril,217,Software Engineer,73,5,8,0,2,9,0,3,0,0,100
Cyrus,218,Software Engineer,45,12,3,14,7,7,1,3,5,3,100
Daisy,219,Software Engineer,35,13,4,7,4,14,6,1,10,6,100
Damon,220,Software Engineer,40,16,3,9,12,18,1,1,0,0,100
Danny,221,Software Engineer,69,10,3,5,2,9,1,1,0,0,100
Dante,222,Software Engineer,66,10,2,1,5,6,7,2,0,1,100
Darby,223,Intelligence Officer,1,10,3,3,10,7,7,1,56,2,100
Darcy,224,Intelligence Officer,1,3,6,2,9,15,0,7,57,0,100
Daren,225,Intelligence Officer,1,10,4,8,11,4,0,6,55,1,100
Darin,226,Intelligence Officer,0,5,6,3,5,26,5,3,45,2,100
Dario,227,Intelligence Officer,0,15,0,1,4,27,8,1,43,1,100
Daron,228,Intelligence Officer,0,5,2,12,0,9,20,1,37,14,100
Darry,229,Intelligence Officer,0,18,2,1,0,2,20,1,56,0,100
Daryl,230,Intelligence Officer,2,6,3,2,6,19,24,3,35,0,100
Daryn,231,Intelligence Officer,0,4,0,0,12,5,20,0,59,0,100
Davey,232,Intelligence Officer,0,14,0,2,8,3,20,0,41,12,100
David,233,Intelligence Officer,1,16,2,4,3,34,0,8,32,0,100
Davie,234,Intelligence Officer,0,5,1,0,1,21,21,1,50,0,100
Davin,235,Intelligence Officer,2,22,4,4,6,7,17,3,31,4,100
Davis,236,Intelligence Officer,0,4,0,2,0,34,12,2,43,3,100
Davon,237,Intelligence Officer,0,11,6,3,5,19,11,2,40,3,100
Dayne,238,Intelligence Officer,0,13,0,0,15,3,15,0,54,0,100
Deane,239,Intelligence Officer,1,9,2,5,6,8,30,1,31,7,100
Debra,240,Intelligence Officer,0,3,0,6,9,41,2,7,31,1,100
Deion,241,Intelligence Officer,0,6,1,0,9,23,18,2,41,0,100
Dejon,242,Intelligence Officer,0,17,6,1,0,5,8,0,58,5,100
Della,243,Intelligence Officer,0,10,1,2,2,22,12,2,49,0,100
Delos,244,Intelligence Officer,1,12,4,1,0,17,10,1,44,10,100
Denis,245,Intelligence Officer,0,11,1,0,4,10,14,0,59,1,100
Denny,246,Intelligence Officer,0,1,1,0,2,31,10,2,53,0,100
Derek,247,Intelligence Officer,0,12,0,0,16,14,18,1,39,0,100
Deric,248,Intelligence Officer,0,4,2,4,16,24,3,15,30,2,100
Derik,249,Intelligence Officer,0,9,2,1,10,10,5,5,57,1,100
Deron,250,Intelligence Officer,5,9,1,1,23,11,5,10,34,1,100
Deryl,251,Intelligence Officer,0,16,3,5,3,1,10,0,57,5,100
Devan,252,Intelligence Officer,0,15,0,1,5,28,10,1,40,0,100
Deven,253,Intelligence Officer,1,9,6,0,12,20,4,3,43,2,100
Devin,254,Intelligence Officer,1,6,9,3,11,30,5,2,30,3,100
Devon,255,Intelligence Officer,0,1,1,1,21,12,20,0,43,1,100
Devyn,256,Intelligence Officer,1,8,4,4,2,11,12,1,53,4,100
Dewey,257,Intelligence Officer,0,9,1,1,3,41,4,3,38,0,100
Dhruv,258,Intelligence Officer,0,5,0,1,2,30,16,1,45,0,100
Diane,259,Intelligence Officer,0,4,1,1,24,4,15,1,43,7,100
Diego,260,Intelligence Officer,0,11,1,1,2,2,20,5,55,3,100
Dijon,261,Intelligence Officer,0,2,4,2,4,25,5,5,53,0,100
Dilan,262,Intelligence Officer,2,22,2,6,8,7,12,4,35,2,100
Dixie,263,Intelligence Officer,7,20,4,0,6,11,5,9,38,0,100
Dixon,264,Intelligence Officer,1,0,12,1,12,9,11,3,35,16,100
Dolph,265,Intelligence Officer,0,11,1,0,4,38,4,1,37,4,100
Donal,266,Intelligence Officer,0,1,0,1,5,22,10,0,58,3,100
Donat,267,Intelligence Officer,0,9,0,0,3,33,11,0,43,1,100
Donna,268,Intelligence Officer,0,6,2,2,7,25,7,1,49,1,100
Donny,269,Intelligence Officer,0,29,4,2,11,4,3,5,36,6,100
Donta,270,Intelligence Officer,0,13,0,0,10,24,14,0,38,1,100
Donte,271,Intelligence Officer,3,4,10,1,6,5,21,13,36,1,100
Doris,272,Intelligence Officer,1,25,9,1,19,5,3,6,30,1,100
Doyle,273,Intelligence Officer,0,1,0,0,21,6,29,0,42,1,100
Drake,274,Intelligence Officer,0,12,0,3,5,18,1,2,57,2,100
Drury,275,Intelligence Officer,0,0,4,2,3,27,6,2,55,1,100
Duane,276,Intelligence Officer,0,17,0,0,11,26,11,0,34,1,100
Duard,277,Intelligence Officer,3,4,5,6,2,27,7,3,42,1,100
Dusty,278,Intelligence Officer,3,3,22,10,2,2,1,10,46,1,100
Dwain,279,Intelligence Officer,2,1,7,0,0,30,3,4,51,2,100
Dwane,280,Intelligence Officer,0,18,1,2,11,21,5,4,38,0,100
Dylan,281,Intelligence Officer,0,13,1,0,1,21,11,0,52,1,100
Dylon,282,Intelligence Officer,0,18,1,5,5,10,18,1,38,4,100
Earle,283,Intelligence Officer,0,15,2,0,3,21,7,3,49,0,100
Early,284,Intelligence Officer,1,7,0,3,17,4,9,2,51,6,100
Eason,285,Intelligence Officer,0,0,1,5,10,9,9,2,60,4,100
Ebbie,286,Intelligence Officer,0,14,1,1,5,4,7,3,56,9,100
Ebert,287,Intelligence Officer,0,23,2,1,12,9,10,4,39,0,100
Eddie,288,Intelligence Officer,0,11,0,0,2,24,22,0,40,1,100
Edgar,289,Intelligence Officer,0,4,0,2,2,22,17,1,51,1,100
Edith,290,Intelligence Officer,0,3,2,0,0,32,12,1,49,1,100
Edmon,291,Intelligence Officer,0,24,0,2,7,20,12,1,31,3,100
Edsel,292,Intelligence Officer,0,7,0,0,8,20,10,0,55,0,100
Edson,293,Intelligence Officer,0,2,2,0,9,14,34,2,37,0,100
Edwin,294,Intelligence Officer,1,5,1,1,3,4,21,2,59,3,100
Effie,295,Intelligence Officer,0,26,2,2,16,0,9,0,40,5,100
Efrem,296,Intelligence Officer,0,24,4,0,12,2,8,0,46,4,100
Efren,297,Intelligence Officer,0,18,0,0,4,10,17,1,50,0,100
Einar,298,Intelligence Officer,2,0,0,1,7,34,10,2,41,3,100
Elden,299,Intelligence Officer,0,14,7,4,3,8,6,1,54,3,100
Elder,300,Intelligence Officer,2,4,7,0,6,31,5,6,34,5,100
Eldon,301,Intelligence Officer,1,8,4,0,2,31,0,3,51,0,100
Elgie,302,Intelligence Officer,0,5,1,1,2,19,18,1,53,0,100
Elgin,303,Intelligence Officer,0,6,3,1,0,33,5,4,48,0,100
Elian,304,Intelligence Officer,0,7,0,0,6,27,7,2,48,3,100
Elias,305,Intelligence Officer,0,16,1,0,1,22,23,0,36,1,100
Elick,306,Intelligence Officer,1,11,3,0,5,24,3,3,44,6,100
Eliel,307,Intelligence Officer,2,15,2,0,11,18,3,2,40,7,100
Eliga,308,Intelligence Officer,0,3,4,2,8,5,31,5,39,3,100
Elige,309,Intelligence Officer,0,9,1,0,15,0,29,1,43,2,100
Elihu,310,Intelligence Officer,0,0,0,0,9,30,16,1,44,0,100
Eliot,311,Intelligence Officer,0,7,3,2,10,5,12,0,55,6,100
Eliza,312,Intelligence Officer,0,4,2,0,6,24,4,4,56,0,100
Ellen,313,Intelligence Officer,1,14,0,0,2,1,27,1,53,1,100
Ellie,314,Intelligence Officer,1,12,1,2,6,39,8,1,30,0,100
Ellis,315,Intelligence Officer,1,7,2,5,9,14,20,3,36,3,100
Elmer,316,Intelligence Officer,0,10,0,0,0,8,24,1,57,0,100
Elroy,317,Intelligence Officer,0,11,0,0,5,40,11,0,32,1,100
Elsie,318,Intelligence Officer,0,21,1,1,0,26,20,0,30,1,100
Elton,319,Intelligence Officer,0,26,3,0,13,13,10,3,32,0,100
Elvie,320,Intelligence Officer,0,0,1,0,23,9,21,0,40,6,100
Elvin,321,Intelligence Officer,0,21,5,1,11,12,7,4,39,0,100
Elvis,322,Intelligence Officer,0,10,0,0,6,26,10,0,48,0,100
Elwin,323,Intelligence Officer,1,14,0,0,8,22,2,5,48,0,100
Elwyn,324,Intelligence Officer,0,11,2,2,9,11,16,3,39,7,100
Elzie,325,Intelligence Officer,0,8,6,3,9,13,24,1,31,5,100
Emery,326,Intelligence Officer,0,24,1,1,17,3,15,1,38,0,100
Emett,327,Intelligence Officer,0,23,0,1,0,7,27,0,38,4,100
Emile,328,Intelligence Officer,0,7,2,1,2,28,1,4,52,3,100
Emmet,329,Intelligence Officer,1,4,2,1,2,1,37,1,43,8,100
Emmit,330,Intelligence Officer,1,3,1,1,12,29,7,5,41,0,100
Emory,331,Intelligence Officer,1,7,4,3,20,8,8,4,45,0,100
Ennis,332,Intelligence Officer,0,3,0,0,7,34,9,0,47,0,100
Enoch,333,Intelligence Officer,0,14,2,3,7,38,2,1,31,2,100
Erich,334,Intelligence Officer,0,17,2,3,2,11,15,1,46,3,100
Erick,335,Intelligence Officer,0,13,0,1,8,10,8,1,58,1,100
Ernie,336,Intelligence Officer,1,4,2,6,13,12,10,1,45,6,100
Ernst,337,Intelligence Officer,0,5,8,5,3,1,27,1,45,5,100
Errol,338,Intelligence Officer,0,0,2,0,17,13,20,1,44,3,100
Ervin,339,Intelligence Officer,0,9,2,7,9,5,2,4,58,4,100
Erwin,340,Intelligence Officer,2,18,8,3,17,1,9,3,31,8,100
Esker,341,Intelligence Officer,0,10,1,1,6,21,2,3,56,0,100
Esley,342,Intelligence Officer,0,12,0,0,4,12,12,0,59,1,100
Essex,343,Intelligence Officer,0,10,1,0,2,28,6,0,52,1,100
Essie,344,Intelligence Officer,2,5,11,1,16,1,8,3,47,6,100
Estel,345,Intelligence Officer,0,1,5,3,13,12,10,4,52,0,100
Ester,346,Intelligence Officer,2,7,8,0,6,11,12,3,40,11,100
Estes,347,Intelligence Officer,2,16,5,5,11,10,11,3,36,1,100
Eston,348,Intelligence Officer,1,14,0,0,4,7,5,10,58,1,100
Ethan,349,Intelligence Officer,0,4,0,0,1,45,19,1,30,0,100
Ethel,350,Intelligence Officer,0,18,4,1,3,32,7,0,32,3,100
Ethen,351,Intelligence Officer,0,21,2,0,6,11,13,2,38,7,100
Evans,352,Intelligence Officer,2,8,7,6,23,1,14,7,31,1,100
Evert,353,Intelligence Officer,1,1,8,2,15,3,18,1,46,5,100
Ewald,354,Intelligence Officer,2,0,6,3,18,4,4,4,56,3,100
Ewart,355,Intelligence Officer,1,11,0,1,1,12,12,2,57,3,100
Ewell,356,Intelligence Officer,0,8,2,1,5,44,6,1,33,0,100
Ewing,357,Project Manager,25,8,4,2,1,1,44,7,5,3,100
Ezell,358,Project Manager,0,0,0,0,7,29,64,0,0,0,100
Faron,359,Project Manager,1,0,0,0,0,2,81,2,1,13,100
Felix,360,Project Manager,1,0,0,0,5,26,62,0,6,0,100
Fidel,361,Project Manager,1,0,0,0,14,2,73,1,2,7,100
Finis,362,Project Manager,1,0,0,1,4,18,72,0,1,3,100
Fleet,363,Project Manager,0,0,0,0,8,4,80,2,2,4,100
Flint,364,Project Manager,1,1,0,0,8,1,82,3,2,2,100
Flora,365,Project Manager,0,0,0,0,0,20,80,0,0,0,100
Floyd,366,Project Manager,0,0,0,0,13,27,52,1,6,1,100
Flynn,367,Project Manager,0,0,2,1,6,13,69,0,2,7,100
Fount,368,Project Manager,0,1,0,0,5,7,73,0,0,14,100
Frank,369,Project Manager,1,0,0,1,6,23,67,1,1,0,100
Franz,370,Project Manager,0,0,0,0,2,10,79,2,3,4,100
Fredy,371,Project Manager,1,1,1,1,11,6,74,0,1,4,100
Fritz,372,Project Manager,0,0,0,1,1,15,78,2,1,2,100
Gaige,373,Project Manager,1,0,1,2,1,8,77,3,4,3,100
Galen,374,Project Manager,2,0,0,0,7,30,59,1,1,0,100
Garey,375,Project Manager,4,0,2,9,9,7,57,6,5,1,100
Garry,376,Project Manager,1,0,0,1,7,3,78,4,3,3,100
Garth,377,Project Manager,1,0,0,1,8,10,52,2,0,26,100
Gauge,378,Project Manager,0,1,0,0,2,8,81,3,3,2,100
Gaven,379,Project Manager,2,0,2,0,19,11,63,0,3,0,100
Gavin,380,Project Manager,2,1,0,4,13,0,71,7,1,1,100
Gavyn,381,Project Manager,0,0,0,0,21,16,54,3,3,3,100
Gayle,382,Project Manager,0,0,0,0,4,5,76,5,0,10,100
Geary,383,Project Manager,0,1,0,2,5,15,74,0,1,2,100
Genie,384,Project Manager,0,0,0,0,12,28,57,0,3,0,100
Geoff,385,Project Manager,1,1,0,2,2,5,78,0,1,10,100
Gerry,386,Project Manager,0,4,2,7,12,4,54,7,2,8,100
Giles,387,Project Manager,1,1,1,2,19,1,64,5,1,5,100
Glenn,388,Project Manager,1,0,1,1,11,7,70,2,3,4,100
Glynn,389,Project Manager,0,0,0,0,3,11,72,0,4,10,100
Gorge,390,Project Manager,0,0,0,0,1,19,78,1,0,1,100
Grace,391,Project Manager,0,1,0,1,7,9,81,1,0,0,100
Grady,392,Project Manager,5,1,2,0,9,0,76,3,3,1,100
Grant,393,Project Manager,1,4,0,1,20,2,58,10,3,1,100
Green,394,Project Manager,0,0,0,0,16,18,58,4,1,3,100
Gregg,395,Project Manager,0,0,1,1,22,18,56,1,0,1,100
Grove,396,Project Manager,4,1,1,2,21,3,56,7,3,2,100
Guido,397,Project Manager,0,0,1,2,7,18,65,0,5,2,100
Haden,398,Project Manager,0,0,0,0,3,17,75,2,0,3,100
Hakim,399,Project Manager,0,0,1,1,5,2,70,4,4,13,100
Hamza,400,Project Manager,1,0,0,0,17,7,58,7,2,8,100
Handy,401,Project Manager,1,1,0,2,14,10,65,5,2,0,100
Hardy,402,Project Manager,0,0,0,1,17,3,56,1,5,17,100
Harry,403,Project Manager,0,0,0,0,11,12,76,0,1,0,100
Harve,404,Project Manager,0,0,0,0,10,17,64,2,0,7,100
Harvy,405,Project Manager,0,0,0,0,7,9,78,1,3,2,100
Hasan,406,Project Manager,0,0,0,0,4,30,58,1,7,0,100
Haven,407,Project Manager,0,0,0,1,11,5,80,2,1,0,100
Hayes,408,Project Manager,1,1,0,2,1,12,74,4,4,1,100
Hazel,409,Project Manager,0,0,0,0,17,22,54,1,5,1,100
Hazen,410,Project Manager,0,1,0,1,9,4,65,5,0,15,100
Heath,411,Project Manager,1,0,1,0,16,0,56,3,4,19,100
Heber,412,Project Manager,3,1,1,5,8,3,62,5,3,9,100
Helen,413,Project Manager,0,0,0,1,4,13,81,1,0,0,100
Hence,414,Project Manager,0,1,2,1,3,18,67,1,5,2,100
Henri,415,Project Manager,1,0,1,1,7,4,79,4,1,2,100
Henry,416,Project Manager,1,1,0,1,1,13,55,16,0,12,100
Hideo,417,Project Manager,0,0,0,0,13,12,73,0,2,0,100
Hiram,418,Project Manager,3,0,1,0,4,12,76,1,1,2,100
Holly,419,Project Manager,0,0,0,2,15,6,65,2,1,9,100
Homer,420,Project Manager,0,0,0,0,1,21,77,1,0,0,100
Hosea,421,Project Manager,1,1,4,3,8,1,70,2,6,4,100
Hosie,422,Project Manager,0,1,0,0,12,19,64,0,4,0,100
Hyman,423,Project Manager,2,2,1,2,6,2,79,5,1,0,100
Hymen,424,Project Manager,1,0,0,3,9,12,63,9,0,3,100
Hyrum,425,Project Manager,0,1,1,2,8,17,66,3,2,0,100
Idris,426,Project Manager,1,1,1,2,2,10,67,9,2,5,100
Illya,427,Project Manager,0,0,0,0,1,17,65,3,4,10,100
Imran,428,Project Manager,2,1,0,3,2,8,76,4,3,1,100
Irene,429,Project Manager,1,0,0,2,2,23,65,1,6,0,100
Irven,430,Project Manager,0,0,0,1,1,5,77,6,3,7,100
Irvin,431,Project Manager,0,1,0,0,16,28,55,0,0,0,100
Irwin,432,Project Manager,2,0,1,3,20,15,54,0,5,0,100
Isaac,433,Project Manager,0,0,0,0,11,16,70,0,3,0,100
Isaak,434,Project Manager,1,1,1,3,21,7,60,3,1,2,100
Isham,435,Project Manager,2,1,0,0,6,1,75,9,3,3,100
Isiah,436,Project Manager,1,0,1,2,7,5,78,0,2,4,100
Issac,437,Project Manager,0,0,0,0,2,14,81,0,3,0,100
Ivory,438,Project Manager,2,0,0,0,19,1,61,8,1,8,100
Jabez,439,Project Manager,1,1,0,1,4,12,73,2,4,2,100
Jacky,440,Project Manager,5,2,0,10,0,0,54,4,8,17,100
Jacob,441,Project Manager,0,0,0,0,6,21,69,0,4,0,100
Jaden,442,Project Manager,0,0,0,0,19,1,61,6,3,10,100
Jadon,443,Project Manager,0,0,0,0,20,5,52,1,4,18,100
Jadyn,444,Project Manager,1,1,0,0,4,12,81,0,1,0,100
Jahir,445,Project Manager,0,0,0,0,5,11,73,3,4,4,100
Jaime,446,Project Manager,0,0,0,1,10,7,62,9,2,9,100
Jairo,447,Project Manager,0,0,1,1,7,14,73,3,1,0,100
Jakob,448,Project Manager,0,0,0,0,10,17,60,0,6,7,100
Jalen,449,Project Manager,0,3,0,1,9,0,73,6,3,5,100
Jalon,450,Project Manager,0,0,0,0,3,2,70,5,3,17,100
Jamal,451,Project Manager,0,0,0,0,21,12,56,4,0,7,100
Jamar,452,Project Manager,0,0,0,0,10,9,80,0,1,0,100
Jamel,453,Project Manager,3,0,1,0,3,18,67,0,7,1,100
James,454,Project Manager,1,0,0,0,8,32,51,2,6,0,100
Jamey,455,Project Manager,0,0,0,0,7,15,77,0,1,0,100
Jamie,456,Project Manager,0,0,0,0,0,5,65,1,4,25,100
Jamil,457,Project Manager,8,2,2,3,1,2,69,2,4,7,100
Jamin,458,Project Manager,1,8,4,2,3,7,56,10,2,7,100
Jamir,459,Project Manager,0,0,0,0,5,26,63,0,6,0,100
Janet,460,Project Manager,0,0,0,0,9,10,80,0,1,0,100
Jarad,461,Project Manager,2,1,1,1,8,13,69,0,2,3,100
Jared,462,Project Manager,4,0,3,11,1,12,56,1,0,12,100
Jaren,463,Project Manager,0,0,0,0,8,28,59,1,3,1,100
Jaret,464,Project Manager,31,6,2,0,1,3,51,0,3,3,100
Jarod,465,Project Manager,0,0,0,5,8,1,85,1,0,0,100
Jaron,466,Project Manager,1,0,1,1,5,4,69,8,5,6,100
Jasen,467,Project Manager,0,0,0,3,6,8,79,3,0,1,100
Jason,468,Project Manager,0,0,0,0,3,8,78,2,0,9,100
Javen,469,Project Manager,2,1,0,3,7,2,62,10,3,10,100
Javon,470,Project Manager,0,0,1,0,17,5,59,9,1,8,100
Jaxen,471,Project Manager,33,12,5,0,1,2,26,6,0,15,100
Jaxon,472,Project Manager,0,1,0,0,12,10,52,7,0,18,100
Jayce,473,Project Manager,3,1,0,0,12,0,68,10,1,5,100
Jayme,474,Project Manager,1,2,1,2,20,6,56,6,5,1,100
Jayse,475,Project Manager,0,0,0,0,18,22,58,0,1,1,100
Jemal,476,Project Manager,0,0,0,0,5,19,70,2,1,3,100
Jerad,477,Project Manager,2,0,2,0,6,1,83,3,0,3,100
Jered,478,Project Manager,0,0,0,0,1,12,77,0,0,10,100
Jerel,479,Project Manager,0,0,0,0,0,13,80,0,2,5,100
Jerod,480,Project Manager,0,0,0,2,7,4,77,6,3,1,100
Jerry,481,Project Manager,0,1,0,0,5,18,75,0,1,0,100
Jesse,482,Project Manager,0,2,0,0,4,14,64,5,2,9,100
Jessy,483,Project Manager,2,0,3,1,7,0,83,2,2,0,100
Jesus,484,Project Manager,2,1,0,0,17,7,60,1,3,9,100
Jevon,485,Project Manager,0,0,1,1,9,6,72,1,2,8,100
Jewel,486,Project Manager,0,0,0,0,15,25,55,1,3,1,100
Jiles,487,Project Manager,1,0,0,2,6,10,78,0,1,2,100
Jimmy,488,Project Manager,0,0,0,0,2,16,64,3,0,15,100
Jodie,489,Project Manager,0,0,0,1,5,24,60,0,6,4,100
Johan,490,Project Manager,1,1,1,0,7,10,75,4,1,0,100
Johny,491,Project Manager,1,0,0,1,4,9,80,0,3,2,100
Jonah,492,Designer,0,0,0,79,0,0,2,12,0,7,100
Jonas,493,Designer,0,0,0,80,0,1,0,17,0,2,100
Jones,494,Designer,0,0,0,60,1,0,2,34,0,3,100
Jordi,495,Designer,0,0,0,71,1,0,1,26,0,1,100
Jordy,496,Designer,0,0,0,70,0,0,0,29,0,1,100
Jorge,497,Designer,0,0,0,60,2,0,3,22,0,13,100
Josef,498,Designer,0,0,0,68,3,0,3,21,0,5,100
Josue,499,Designer,0,0,0,74,1,1,0,19,0,5,100
Jovan,500,Designer,0,0,0,62,0,0,1,33,0,4,100
Joyce,501,Designer,0,0,0,69,1,0,4,17,0,9,100
Judah,502,Designer,0,0,0,74,0,0,1,22,0,3,100
Judge,503,Designer,0,0,0,77,0,0,0,23,0,0,100
Juelz,504,Designer,0,0,0,80,0,1,0,15,0,4,100
Jules,505,Designer,0,0,0,73,1,2,0,16,0,8,100
Julia,506,Designer,0,0,0,73,2,0,2,16,0,7,100
Julio,507,Designer,0,0,0,73,1,1,0,21,0,4,100
Juwan,508,Designer,0,0,0,74,0,0,0,17,0,9,100
Kabir,509,Designer,0,0,0,70,1,0,1,19,0,9,100
Kaden,510,Designer,0,0,0,80,1,2,0,11,0,6,100
Kadin,511,Designer,0,0,0,69,0,0,1,21,0,9,100
Kadyn,512,Designer,16,0,0,50,4,6,10,0,0,14,100
Kairo,513,Designer,0,0,0,78,1,0,1,16,0,4,100
Kaleb,514,Designer,0,0,0,76,0,0,4,14,0,6,100
Kalel,515,Designer,0,0,0,69,0,0,0,29,0,2,100
Kalen,516,Designer,0,0,0,66,0,0,0,31,0,3,100
Kanye,517,Designer,14,2,0,36,1,11,7,10,2,17,100
Karen,518,Designer,0,0,0,61,0,0,0,33,0,6,100
Karim,519,Designer,0,0,0,76,2,0,2,15,0,5,100
Kasen,520,Designer,0,0,0,62,0,0,0,38,0,0,100
Kasey,521,Designer,0,0,0,80,1,0,2,13,0,4,100
Kason,522,Designer,0,0,0,70,1,0,0,21,0,8,100
Kavon,523,Designer,0,0,0,60,2,1,1,24,0,12,100
Kazuo,524,Designer,2,2,3,61,10,1,1,3,0,17,100
Keanu,525,Designer,0,0,0,75,0,3,0,13,0,9,100
Kegan,526,Designer,12,6,3,28,4,7,4,35,1,0,100
Keion,527,Designer,18,1,1,44,1,14,5,8,0,8,100
Keith,528,Designer,0,0,0,80,1,1,0,16,0,2,100
Kelan,529,Designer,0,0,0,74,0,0,0,22,0,4,100
Kelby,530,Designer,0,0,0,62,0,1,0,36,0,1,100
Kelly,531,Designer,0,0,0,64,0,0,2,19,0,15,100
Kenan,532,Designer,0,0,0,62,2,0,2,21,0,13,100
Kenji,533,Designer,0,0,0,65,0,0,0,34,0,1,100
Kenny,534,Designer,0,0,0,69,0,0,2,18,0,11,100
Kenya,535,Designer,0,0,0,65,0,0,1,24,0,10,100
Kenzo,536,Security Engineer,0,1,78,0,0,21,0,0,0,0,100
Kerry,537,Security Engineer,0,8,71,1,0,15,1,2,1,1,100
Kevan,538,Security Engineer,0,0,77,0,0,23,0,0,0,0,100
Keven,539,Security Engineer,0,2,68,0,0,29,0,0,0,1,100
Kevin,540,Security Engineer,0,8,61,0,0,30,1,0,0,0,100
Kevon,541,Security Engineer,0,7,80,0,0,8,1,0,1,3,100
Keyon,542,Security Engineer,0,7,78,0,0,15,0,0,0,0,100
Khari,543,Security Engineer,2,18,61,0,0,15,1,1,1,1,100
Khiry,544,Security Engineer,1,6,80,0,0,12,0,1,0,0,100
Kiaan,545,Security Engineer,1,10,60,0,0,25,1,0,1,2,100
Kiara,546,Security Engineer,0,7,61,1,0,26,2,2,1,0,100
Kieth,547,Security Engineer,1,11,74,0,0,12,0,1,0,1,100
Kiley,548,Security Engineer,0,14,70,0,0,16,0,0,0,0,100
Kinte,549,Security Engineer,0,18,62,0,0,19,0,0,0,1,100
Kirby,550,Security Engineer,9,19,49,0,0,,0,1,22,0,100
Knute,551,Security Engineer,1,21,62,0,0,14,0,1,0,1,100
Kohen,552,Security Engineer,0,5,65,0,0,30,0,0,0,0,100
Kolby,553,Security Engineer,1,10,63,1,0,22,0,1,1,1,100
Korey,554,Security Engineer,0,11,71,0,0,17,0,0,0,1,100
Kraig,555,Security Engineer,0,14,71,0,0,15,0,0,0,0,100
Krish,556,Security Engineer,0,18,60,0,0,22,0,0,0,0,100
Kunta,557,Security Engineer,1,3,71,0,0,22,0,1,0,2,100
Kwame,558,Security Engineer,0,5,78,0,0,17,0,0,0,0,100
Kylan,559,Security Engineer,0,4,76,0,0,20,0,0,0,0,100
Kylen,560,Security Engineer,0,14,73,0,0,13,0,0,0,0,100
Kyler,561,Security Engineer,0,5,80,0,0,14,0,1,0,0,100
Kyree,562,Security Engineer,1,11,63,0,0,22,0,1,0,2,100
Kyrie,563,Security Engineer,2,9,75,0,1,8,1,1,1,2,100
Kyron,564,Security Engineer,0,0,80,0,0,20,0,0,0,0,100
Kyson,565,Security Engineer,0,23,61,0,0,16,0,0,0,0,100
Lacey,566,Security Engineer,0,4,66,0,0,29,1,0,0,0,100
Lamar,567,Security Engineer,0,3,77,0,0,19,1,0,0,0,100
Lance,568,Security Engineer,1,19,63,0,0,17,0,0,0,0,100
Lanny,569,Security Engineer,0,2,76,0,0,22,0,0,0,0,100
Laron,570,Security Engineer,0,7,79,0,0,14,0,0,0,0,100
Larry,571,Security Engineer,0,0,78,0,0,22,0,0,0,0,100
Larue,572,Security Engineer,0,2,75,0,0,22,0,0,0,1,100
Laura,573,Security Engineer,0,17,68,0,0,15,0,0,0,0,100
Lavar,574,Security Engineer,0,3,63,0,0,33,0,0,0,1,100
Lavon,575,Security Engineer,1,9,65,2,0,21,1,0,0,1,100
Layne,576,Security Engineer,0,22,63,0,0,15,0,0,0,0,100
Leigh,577,Security Engineer,0,1,75,0,0,23,0,0,0,1,100
Lemon,578,Security Engineer,2,8,69,1,0,18,0,0,1,1,100
Lenny,579,Security Engineer,0,8,63,0,0,29,0,0,0,0,100
Lenon,580,Security Engineer,0,21,61,0,0,18,0,0,0,0,100
Leona,581,Security Engineer,0,10,74,0,0,16,0,0,0,0,100
Leroy,582,Security Engineer,0,2,80,1,0,17,0,0,0,0,100
Levar,583,Security Engineer,0,6,63,1,0,26,3,0,1,0,100
Levie,584,Security Engineer,3,7,61,0,0,24,0,0,1,4,100
Levin,585,Security Engineer,0,7,60,0,0,33,0,0,0,0,100
Levon,586,Security Engineer,1,6,76,0,0,16,0,1,0,0,100
Lewis,587,Security Engineer,0,0,69,0,0,31,0,0,0,0,100
Lexie,588,Security Engineer,0,15,68,0,0,15,0,1,0,1,100
Linda,589,Security Engineer,1,7,62,0,0,23,0,2,0,5,100
Lindy,590,Security Engineer,1,10,60,0,0,27,0,1,0,1,100
Linus,591,Security Engineer,0,2,73,0,0,25,0,0,0,0,100
Linzy,592,Security Engineer,0,5,73,0,0,22,0,0,0,0,100
Lisle,593,Security Engineer,2,11,76,0,0,10,0,1,0,0,100
Lloyd,594,Security Engineer,0,21,68,0,0,11,0,0,0,0,100
Logan,595,Security Engineer,1,7,80,0,0,9,0,1,1,1,100
Loney,596,Security Engineer,0,20,67,0,0,13,0,0,0,0,100
Lonie,597,Security Engineer,0,4,73,0,0,21,1,0,0,1,100
Lonny,598,Security Engineer,0,1,72,0,0,26,1,0,0,0,100
Lonzo,599,Security Engineer,0,15,60,0,0,22,0,0,0,3,100
Loran,600,Security Engineer,1,8,74,0,0,16,0,0,0,1,100
Loren,601,Security Engineer,0,3,76,0,0,17,0,1,0,3,100
Lorin,602,Security Engineer,0,1,63,0,0,35,1,0,0,0,100
Lorne,603,Security Engineer,0,7,60,0,0,33,0,0,0,0,100
Louie,604,Security Engineer,0,7,76,0,0,17,0,0,0,0,100
Louis,605,Security Engineer,0,4,77,0,0,18,0,0,0,1,100
Lovie,606,Security Engineer,1,3,64,0,0,30,1,1,0,0,100
Loyal,607,Security Engineer,0,4,78,0,0,18,0,0,0,0,100
Lucas,608,Security Engineer,0,0,78,0,0,22,0,0,0,0,100
Lucca,609,Security Engineer,0,0,60,0,0,39,0,0,0,1,100
Lucio,610,Security Engineer,0,1,78,0,0,21,0,0,0,0,100
Lucky,611,Security Engineer,1,10,69,0,0,13,0,0,0,7,100
Luigi,612,Security Engineer,19,1,32,2,2,,5,11,20,8,100
Lukas,613,Security Engineer,0,5,77,0,0,13,0,2,0,3,100
Lyman,614,Security Engineer,0,9,76,0,0,14,1,0,0,0,100
Lyric,615,Security Engineer,49,7,28,1,0,,0,1,13,1,100
Mabel,616,Security Engineer,1,8,72,0,0,13,1,1,1,3,100
Maceo,617,Security Engineer,0,15,63,0,0,22,0,0,0,0,100
Major,618,Security Engineer,0,3,79,0,0,18,0,0,0,0,100
Makai,619,Security Engineer,0,1,79,0,0,19,0,0,0,1,100
Makhi,620,Security Engineer,3,11,61,0,0,22,0,1,0,2,100
Malik,621,Security Engineer,0,9,79,0,0,12,0,0,0,0,100
Mamie,622,Security Engineer,2,8,69,0,0,16,0,2,1,2,100
Manly,623,Security Engineer,17,23,22,2,0,,1,1,33,1,100
Marco,624,Security Engineer,1,9,77,0,0,11,1,1,0,0,100
Maria,625,Security Engineer,0,12,71,0,1,15,0,0,0,1,100
Marie,626,Security Engineer,2,10,67,1,0,17,1,0,1,1,100
Mario,627,Security Engineer,0,0,78,0,0,22,0,0,0,0,100
Marlo,628,Security Engineer,0,15,75,0,0,9,0,0,0,1,100
Marsh,629,Security Engineer,0,3,71,1,0,22,1,0,0,2,100
Marty,630,Security Engineer,0,1,78,0,0,21,0,0,0,0,100
Masao,631,Security Engineer,1,9,78,0,0,11,1,0,0,0,100
Masen,632,Security Engineer,1,14,75,0,1,9,0,0,0,0,100
Mason,633,Security Engineer,1,2,79,0,0,17,0,1,0,0,100
Mateo,634,Security Engineer,1,10,71,0,0,13,0,1,1,3,100
Maude,635,Security Engineer,3,9,74,1,0,10,0,0,0,3,100
Maury,636,Security Engineer,0,14,69,0,0,15,0,0,0,2,100
Maxie,637,Security Engineer,1,18,63,0,0,17,0,0,0,1,100
Maxim,638,Security Engineer,1,10,78,1,0,8,1,0,0,1,100
Mearl,639,Security Engineer,0,12,72,1,0,10,1,2,1,1,100
Mekhi,640,Security Engineer,3,17,62,0,0,14,1,0,1,2,100
Merle,641,Security Engineer,0,0,63,0,0,37,0,0,0,0,100
Metro,642,Security Engineer,1,10,74,0,1,13,0,0,0,1,100
Meyer,643,Security Engineer,1,17,63,0,0,17,0,0,0,2,100
Micah,644,Security Engineer,0,4,79,1,0,16,0,0,0,0,100
Micky,645,Security Engineer,3,14,65,0,0,14,0,1,2,1,100
Mikal,646,Security Engineer,1,4,75,0,0,19,0,0,0,1,100
Mikel,647,Security Engineer,0,6,77,0,0,17,0,0,0,0,100
Milan,648,Security Engineer,0,10,69,0,0,21,0,0,0,0,100
Milas,649,Security Engineer,0,0,78,0,0,21,0,0,0,1,100
Miles,650,Security Engineer,0,7,79,0,0,14,0,0,0,0,100
Mills,651,Security Engineer,1,8,80,0,0,8,0,2,0,1,100
Miner,652,Security Engineer,1,13,60,0,0,24,0,1,0,1,100
Minor,653,Security Engineer,0,10,72,1,0,11,1,2,1,2,100
Mitch,654,Security Engineer,0,7,73,0,0,19,1,0,0,0,100
Monte,655,Security Engineer,0,7,70,0,0,23,0,0,0,0,100
Monty,656,Security Engineer,0,15,65,0,0,17,0,0,0,3,100
Moody,657,Security Engineer,0,24,62,0,0,13,0,0,0,1,100
Moses,658,Security Engineer,0,16,72,0,0,11,0,0,0,1,100
Moshe,659,Security Engineer,1,8,79,0,0,9,0,0,0,3,100
Murry,660,Security Engineer,0,19,71,0,0,10,0,0,0,0,100
Mykel,661,Security Engineer,3,11,62,2,1,19,1,0,1,0,100
Myles,662,Security Engineer,0,4,79,0,0,16,0,0,0,1,100
Myron,663,Security Engineer,0,7,78,0,0,15,0,0,0,0,100
Najee,664,Security Engineer,0,2,71,0,0,27,0,0,0,0,100
Nakia,665,Security Engineer,0,11,72,0,0,17,0,0,0,0,100
Namon,666,Security Engineer,1,9,65,1,0,22,1,1,0,0,100
Nancy,667,Security Engineer,0,8,66,0,0,26,0,0,0,0,100
Nasir,668,Security Engineer,1,7,70,1,1,15,1,2,1,1,100
Neely,669,Security Engineer,1,13,75,0,0,10,0,0,0,1,100
Nello,670,Security Engineer,0,0,76,0,0,24,0,0,0,0,100
Nevin,671,Security Engineer,0,22,64,0,0,12,0,0,0,2,100
Nicky,672,Security Engineer,0,1,74,0,0,25,0,0,0,0,100
Nigel,673,Security Engineer,0,2,73,0,0,25,0,0,0,0,100
Nikko,674,Security Engineer,0,5,78,0,0,17,0,0,0,0,100
Niles,675,Security Engineer,0,3,78,0,0,19,0,0,0,0,100
Nixon,676,Security Engineer,0,11,73,0,0,13,0,0,0,3,100
Noble,677,Security Engineer,1,7,76,0,0,14,0,0,0,2,100
Nolan,678,Security Engineer,1,4,74,0,0,21,0,0,0,0,100
Nolen,679,Security Engineer,0,3,65,0,0,30,0,1,0,1,100
North,680,Security Engineer,1,5,72,0,0,21,1,0,0,0,100
Oddie,681,Security Engineer,0,13,62,0,0,25,0,0,0,0,100
Odell,682,Security Engineer,0,4,76,0,0,20,0,0,0,0,100
Offie,683,Security Engineer,2,13,67,0,0,16,0,1,0,1,100
Ogden,684,Security Engineer,0,1,69,0,0,29,1,0,0,0,100
Oland,685,Security Engineer,0,2,76,0,0,21,0,1,0,0,100
Olive,686,Security Engineer,1,23,61,0,1,14,0,0,0,0,100
Ollie,687,Security Engineer,0,8,64,0,0,26,0,0,0,2,100
Omari,688,Security Engineer,0,9,72,0,0,18,0,0,0,1,100
Oneal,689,Security Engineer,2,7,64,1,0,25,0,0,0,1,100
Orion,690,Security Engineer,20,2,50,1,4,,0,3,15,5,100
Orley,691,Security Engineer,0,5,75,0,0,20,0,0,0,0,100
Orlin,692,Security Engineer,1,12,67,2,0,13,1,3,0,1,100
Orren,693,Security Engineer,4,12,67,0,0,13,0,0,1,3,100
Orrie,694,Security Engineer,0,6,79,0,0,15,0,0,0,0,100
Orrin,695,Security Engineer,17,33,25,1,1,,0,1,21,1,100
Orris,696,Security Engineer,0,5,79,0,0,16,0,0,0,0,100
Orson,697,Security Engineer,2,7,80,0,0,9,0,1,0,1,100
Orval,698,Security Engineer,0,2,80,0,0,16,0,0,0,2,100
Orvel,699,Security Engineer,1,10,65,0,0,24,0,0,0,0,100
Orvil,700,Security Engineer,0,3,80,0,1,15,1,0,0,0,100
Orvin,701,Security Engineer,0,1,80,0,0,19,0,0,0,0,100
Orvis,702,Security Engineer,0,0,76,0,0,24,0,0,0,0,100
Oscar,703,Security Engineer,1,2,63,0,0,33,0,0,0,1,100
Ossie,704,Security Engineer,0,9,72,0,0,19,0,0,0,0,100
Othel,705,Security Engineer,0,12,62,1,0,18,0,3,0,4,100
Ottie,706,Security Engineer,0,9,65,0,0,26,0,0,0,0,100
Ottis,707,Security Engineer,0,0,77,0,0,23,0,0,0,0,100
Ovila,708,Security Engineer,5,11,65,1,1,13,0,2,2,0,100
Owens,709,Security Engineer,0,21,69,0,0,10,0,0,0,0,100
Ozell,710,Security Engineer,0,5,76,0,0,17,0,1,0,1,100
Ozzie,711,Security Engineer,1,7,61,0,0,29,0,1,0,1,100
Pablo,712,Security Engineer,1,10,79,1,0,9,0,0,0,0,100
Paris,713,Security Engineer,0,11,64,0,1,23,0,1,0,0,100
Patsy,714,Security Engineer,0,2,77,0,0,21,0,0,0,0,100
Paulo,715,Security Engineer,1,3,76,0,0,17,1,0,0,2,100
Pearl,716,Security Engineer,0,18,67,0,0,12,0,1,0,2,100
Pedro,717,Security Engineer,1,10,78,0,0,10,1,0,0,0,100
Percy,718,Security Engineer,1,8,73,0,0,17,0,0,0,1,100
Perry,719,Security Engineer,0,4,70,0,0,26,0,0,0,0,100
Peter,720,Security Engineer,1,5,69,0,0,23,0,1,0,1,100
Philo,721,Security Engineer,0,0,64,0,0,35,0,0,0,1,100
Pleas,722,Security Engineer,1,6,69,1,0,23,0,0,0,0,100
Posey,723,Security Engineer,0,12,73,0,0,14,1,0,0,0,100
Pratt,724,Security Engineer,0,8,63,0,0,29,0,0,0,0,100
Press,725,Security Engineer,0,10,75,0,1,10,1,2,1,0,100
Price,726,Security Engineer,4,12,65,0,1,12,2,0,1,3,100
Pryor,727,Security Engineer,1,5,77,0,0,15,1,1,0,0,100
Quinn,728,Security Engineer,0,0,79,0,0,20,1,0,0,0,100
Quint,729,Security Engineer,1,4,69,0,0,25,0,0,0,1,100
Rahul,730,Security Engineer,0,5,65,0,1,24,2,3,0,0,100
Ralph,731,Security Engineer,0,9,66,0,0,19,0,2,1,3,100
Ramon,732,Security Engineer,1,1,73,0,0,25,0,0,0,0,100
Rance,733,Security Engineer,0,15,67,0,0,18,0,0,0,0,100
Randy,734,Security Engineer,0,0,73,0,0,26,0,0,0,1,100
Raoul,735,Security Engineer,1,20,62,0,0,13,0,1,1,2,100
Raven,736,Security Engineer,0,1,78,0,0,21,0,0,0,0,100
Rayan,737,Security Engineer,0,1,76,0,0,22,1,0,0,0,100
Reece,738,Security Engineer,0,9,68,0,0,21,0,0,0,2,100
Reese,739,Security Engineer,0,1,77,0,0,20,0,1,0,1,100
Regan,740,Security Engineer,0,2,65,0,0,33,0,0,0,0,100
Regis,741,Security Engineer,0,1,61,0,0,38,0,0,0,0,100
Reign,742,Security Engineer,0,1,79,0,0,20,0,0,0,0,100
Reino,743,Security Engineer,0,12,67,0,0,20,0,0,0,1,100
Reyes,744,Security Engineer,0,1,69,0,0,29,1,0,0,0,100
Rhett,745,Security Engineer,1,10,67,0,0,21,0,1,0,0,100
Rhoda,746,Security Engineer,0,1,62,0,0,37,0,0,0,0,100
Riaan,747,Security Engineer,0,4,66,0,0,30,0,0,0,0,100
Ricci,748,Security Engineer,0,5,64,0,0,31,0,0,0,0,100
Ricki,749,Security Engineer,0,7,63,0,0,30,0,0,0,0,100
Ricky,750,Security Engineer,1,6,80,0,0,12,0,0,0,1,100
Ridge,751,Security Engineer,4,12,65,0,0,15,0,2,1,1,100
Riley,752,Security Engineer,1,14,71,0,0,9,1,1,1,2,100
Rishi,753,Security Engineer,0,16,61,0,0,23,0,0,0,0,100
River,754,Security Engineer,0,7,71,0,0,22,0,0,0,0,100
Robby,755,Security Engineer,0,19,64,0,0,15,1,1,0,0,100
Robin,756,Security Engineer,0,5,62,0,0,27,0,2,0,4,100
Rocco,757,Security Engineer,2,14,71,0,1,10,0,0,1,1,100
Rocky,758,Security Engineer,0,3,76,0,0,18,3,0,0,0,100
Roddy,759,Security Engineer,0,7,68,0,0,22,0,0,0,3,100
Roger,760,Frequency Transmission Systems,1,1,96,1,0,0,0,0,0,1,100
Rohan,761,Frequency Transmission Systems,2,0,85,4,0,2,4,0,3,0,100
Rolla,762,Frequency Transmission Systems,9,2,85,1,0,0,0,3,0,0,100
Rollo,763,Frequency Transmission Systems,0,0,98,0,0,0,1,1,0,0,100
Roman,764,Frequency Transmission Systems,4,0,87,1,0,0,7,0,1,0,100
Romeo,765,Frequency Transmission Systems,1,4,84,5,3,0,0,3,0,0,100
Romie,766,Frequency Transmission Systems,2,3,84,0,0,1,7,2,1,0,100
Ronal,767,Frequency Transmission Systems,0,1,92,2,1,1,1,2,0,0,100
Ronan,768,Frequency Transmission Systems,3,2,85,3,0,1,5,1,0,0,100
Ronin,769,Frequency Transmission Systems,3,0,93,0,0,0,0,2,1,1,100
Ronny,770,Frequency Transmission Systems,4,2,93,0,0,0,0,1,0,0,100
Rosco,771,Frequency Transmission Systems,0,2,89,2,0,0,6,1,0,0,100
Rowan,772,Frequency Transmission Systems,3,2,88,1,0,0,5,0,0,1,100
Rowen,773,Frequency Transmission Systems,1,0,89,0,0,1,3,2,3,1,100
Royal,774,Frequency Transmission Systems,1,0,98,0,0,0,1,0,0,0,100
Royce,775,Frequency Transmission Systems,4,5,86,1,0,1,2,1,0,0,100
Ruben,776,Frequency Transmission Systems,0,1,95,1,0,0,3,0,0,0,100
Rubin,777,Frequency Transmission Systems,0,1,98,0,0,0,1,0,0,0,100
Rufus,778,Frequency Transmission Systems,2,0,90,2,0,0,5,0,0,1,100
Rusty,779,Frequency Transmission Systems,3,2,93,0,0,0,0,1,1,0,100
Ryder,780,Frequency Transmission Systems,4,4,87,1,1,0,1,1,0,1,100
Ryker,781,Frequency Transmission Systems,5,2,83,0,0,0,4,4,0,2,100
Rylan,782,Frequency Transmission Systems,3,0,93,1,0,0,2,1,0,0,100
Rylee,783,Frequency Transmission Systems,4,0,92,2,0,0,1,0,0,1,100
Rylen,784,Frequency Transmission Systems,2,0,93,0,0,1,1,2,1,0,100
Ryley,785,Frequency Transmission Systems,0,5,88,4,0,0,2,0,1,0,100
Saint,786,Frequency Transmission Systems,2,3,89,1,0,1,3,0,0,1,100
Salem,787,Frequency Transmission Systems,4,2,90,0,1,0,1,1,1,0,100
Samie,788,Frequency Transmission Systems,0,0,87,2,2,1,7,0,0,1,100
Samir,789,Frequency Transmission Systems,4,1,91,0,0,0,0,2,2,0,100
Sammy,790,Frequency Transmission Systems,1,3,90,2,1,1,2,0,0,0,100
Sandy,791,Frequency Transmission Systems,4,0,90,2,1,0,0,1,2,0,100
Santo,792,Frequency Transmission Systems,1,1,91,1,0,1,5,0,0,0,100
Sarah,793,Frequency Transmission Systems,1,0,91,0,0,1,4,0,2,1,100
Savon,794,Frequency Transmission Systems,0,4,86,0,2,3,3,0,1,1,100
Scott,795,Frequency Transmission Systems,0,0,100,0,0,0,0,0,0,0,100
Semaj,796,Frequency Transmission Systems,0,1,95,1,0,0,1,1,0,1,100
Seven,797,Frequency Transmission Systems,1,4,88,0,0,1,4,2,0,0,100
Shade,798,Frequency Transmission Systems,3,1,88,1,0,0,5,0,1,1,100
Shane,799,Frequency Transmission Systems,1,1,94,2,0,0,1,1,0,0,100
Shaun,800,Frequency Transmission Systems,0,0,100,0,0,0,0,0,0,0,100
Shawn,801,Frequency Transmission Systems,1,5,88,1,1,0,3,0,1,0,100
Shoji,802,Frequency Transmission Systems,1,0,97,0,0,0,2,0,0,0,100
Silas,803,Frequency Transmission Systems,1,2,93,1,0,0,2,1,0,0,100
Simon,804,Frequency Transmission Systems,3,0,83,3,0,1,9,0,0,1,100
Slade,805,Frequency Transmission Systems,1,1,98,0,0,0,0,0,0,0,100
Smith,806,Frequency Transmission Systems,2,1,96,0,0,0,0,1,0,0,100
Solon,807,Frequency Transmission Systems,0,0,100,0,0,0,0,0,0,0,100
Sonny,808,Frequency Transmission Systems,1,7,83,0,0,1,3,1,3,1,100
Soren,809,Frequency Transmission Systems,0,4,85,3,0,1,4,0,2,1,100
Stacy,810,Frequency Transmission Systems,4,2,85,0,0,0,8,0,0,1,100
Steve,811,Frequency Transmission Systems,1,2,92,0,1,0,3,1,0,0,100
Stone,812,Frequency Transmission Systems,3,1,95,0,1,0,0,0,0,0,100
Storm,813,Frequency Transmission Systems,1,1,92,0,0,1,4,0,1,0,100
Susan,814,Frequency Transmission Systems,0,0,81,2,1,1,10,0,2,3,100
Susie,815,Frequency Transmission Systems,0,1,99,0,0,0,0,0,0,0,100
Sylas,816,Frequency Transmission Systems,2,2,85,2,0,1,6,0,2,0,100
Tadeo,817,Frequency Transmission Systems,0,0,100,0,0,0,0,0,0,0,100
Talan,818,Frequency Transmission Systems,0,0,100,0,0,0,0,0,0,0,100
Talen,819,Frequency Transmission Systems,4,1,81,2,1,0,10,0,1,0,100
Talon,820,Frequency Transmission Systems,2,5,84,2,1,0,5,0,1,0,100
Tammy,821,Frequency Transmission Systems,2,0,93,1,0,0,3,1,0,0,100
Tandy,822,Frequency Transmission Systems,0,0,83,2,1,0,7,3,1,3,100
Tarik,823,Frequency Transmission Systems,2,1,90,0,0,0,4,2,0,1,100
Tariq,824,Frequency Transmission Systems,1,2,90,1,1,1,0,1,1,2,100
Tatum,825,Frequency Transmission Systems,1,1,94,0,0,1,3,0,0,0,100
Tavon,826,Frequency Transmission Systems,5,1,86,0,0,1,5,2,0,0,100
Teddy,827,Frequency Transmission Systems,3,1,92,2,1,0,0,1,0,0,100
Tegan,828,Frequency Transmission Systems,7,4,86,0,1,0,0,2,0,0,100
Telly,829,Frequency Transmission Systems,0,0,100,0,0,0,0,0,0,0,100
Terry,830,Frequency Transmission Systems,3,0,83,1,1,2,1,2,1,6,100
Tevin,831,Frequency Transmission Systems,0,0,99,1,0,0,0,0,0,0,100
Timmy,832,Frequency Transmission Systems,7,3,82,1,0,0,5,1,1,0,100
Titan,833,Frequency Transmission Systems,0,1,97,1,0,0,1,0,0,0,100
Titus,834,Frequency Transmission Systems,0,0,99,0,0,0,0,1,0,0,100
Tobie,835,Frequency Transmission Systems,0,6,88,0,1,1,0,1,0,3,100
Tobin,836,Frequency Transmission Systems,0,0,99,0,0,0,1,0,0,0,100
Toivo,837,Frequency Transmission Systems,0,0,100,0,0,0,0,0,0,0,100
Tomas,838,Frequency Transmission Systems,6,1,86,2,0,1,1,2,0,1,100
Tomie,839,Frequency Transmission Systems,0,0,100,0,0,0,0,0,0,0,100
Tommy,840,Frequency Transmission Systems,0,0,100,0,0,0,0,0,0,0,100
Toney,841,Frequency Transmission Systems,4,1,85,1,0,0,8,0,0,1,100
Torey,842,Frequency Transmission Systems,2,1,93,0,0,0,4,0,0,0,100
Torin,843,Frequency Transmission Systems,0,0,100,0,0,0,0,0,0,0,100
Torry,844,Frequency Transmission Systems,2,3,87,0,0,0,6,1,0,1,100
Trace,845,Frequency Transmission Systems,1,0,90,2,0,0,5,1,1,0,100
Tracy,846,Frequency Transmission Systems,0,0,98,0,0,0,1,1,0,0,100
Trent,847,Frequency Transmission Systems,2,0,95,0,0,1,2,0,0,0,100
Tripp,848,Frequency Transmission Systems,4,3,85,0,1,0,6,0,0,1,100
Tyler,849,Frequency Transmission Systems,7,1,88,1,0,0,0,0,3,0,100
Tylor,850,Frequency Transmission Systems,1,1,96,0,0,0,2,0,0,0,100
Tyree,851,Frequency Transmission Systems,4,0,90,4,0,1,1,0,0,0,100
Tyrek,852,Frequency Transmission Systems,5,1,83,4,1,0,1,3,1,1,100
Tyrel,853,Frequency Transmission Systems,5,0,83,1,0,0,9,0,2,0,100
Tyrik,854,Frequency Transmission Systems,1,3,94,0,1,0,0,1,0,0,100
Tyrin,855,Frequency Transmission Systems,1,0,95,2,0,0,1,1,0,0,100
Tyriq,856,Frequency Transmission Systems,1,2,82,4,0,0,8,0,2,1,100
Tyron,857,Frequency Transmission Systems,2,7,81,3,1,0,4,0,0,2,100
Tyrus,858,Frequency Transmission Systems,3,3,88,1,0,0,5,0,0,0,100
Tyson,859,Frequency Transmission Systems,4,3,90,0,0,0,0,2,0,1,100
Urban,860,Frequency Transmission Systems,2,0,95,1,0,0,2,0,0,0,100
Uriah,861,Frequency Transmission Systems,0,0,100,0,0,0,0,0,0,0,100
Uriel,862,Frequency Transmission Systems,5,0,91,2,0,0,0,1,1,0,100
Vance,863,Frequency Transmission Systems,4,1,93,0,0,0,0,1,0,1,100
Verle,864,Frequency Transmission Systems,3,3,85,2,0,1,3,1,2,0,100
Verna,865,Frequency Transmission Systems,0,2,85,2,1,0,6,2,0,2,100
Verne,866,Frequency Transmission Systems,1,1,94,0,0,0,2,0,1,1,100
Vidal,867,Frequency Transmission Systems,3,0,95,0,0,0,0,1,1,0,100
Vince,868,Frequency Transmission Systems,4,0,85,4,0,0,4,0,2,1,100
Viola,869,Frequency Transmission Systems,2,0,84,0,1,0,8,3,2,0,100
Virge,870,Frequency Transmission Systems,0,0,100,0,0,0,0,0,0,0,100
Waino,871,Frequency Transmission Systems,1,1,92,0,1,0,3,2,0,0,100
Waldo,872,Frequency Transmission Systems,1,2,93,0,0,0,3,0,0,1,100
Wally,873,Frequency Transmission Systems,0,1,98,1,0,0,0,0,0,0,100
Wayde,874,Frequency Transmission Systems,4,0,85,0,1,0,8,0,0,2,100
Wayne,875,Frequency Transmission Systems,2,1,95,0,0,0,2,0,0,0,100
Wells,876,Frequency Transmission Systems,2,1,94,0,0,0,3,0,0,0,100
Wiley,877,Frequency Transmission Systems,2,1,93,0,0,0,3,1,0,0,100
Willy,878,Frequency Transmission Systems,2,1,96,0,0,0,1,0,0,0,100
Woody,879,Frequency Transmission Systems,0,0,100,0,0,0,0,0,0,0,100
Worth,880,Frequency Transmission Systems,0,1,94,0,0,0,3,1,1,0,100
Wyatt,881,Frequency Transmission Systems,5,4,84,1,1,0,0,3,1,1,100
Wylie,882,Frequency Transmission Systems,0,2,87,1,0,0,5,2,2,1,100
Wyman,883,Frequency Transmission Systems,0,0,100,0,0,0,0,0,0,0,100
Yahir,884,Frequency Transmission Systems,1,0,99,0,0,0,0,0,0,0,100
Yahya,885,Frequency Transmission Systems,0,0,100,0,0,0,0,0,0,0,100
Yancy,886,Frequency Transmission Systems,0,0,100,0,0,0,0,0,0,0,100
Yosef,887,Frequency Transmission Systems,6,3,88,0,0,0,1,1,1,0,100
Young,888,Frequency Transmission Systems,1,2,85,5,0,1,3,1,2,0,100
Yurem,889,Frequency Transmission Systems,4,2,91,1,0,0,2,0,0,0,100
Yusuf,890,Frequency Transmission Systems,1,2,90,1,0,0,5,0,0,1,100
Zahir,891,Frequency Transmission Systems,1,0,96,2,0,0,0,0,0,1,100
Zaire,892,Frequency Transmission Systems,0,0,100,0,0,0,0,0,0,0,100
Zakai,893,Frequency Transmission Systems,1,3,90,0,0,0,3,2,0,1,100
Zayne,894,Frequency Transmission Systems,0,0,99,1,0,0,0,0,0,0,100
Zenas,895,Frequency Transmission Systems,7,2,81,3,1,0,5,0,1,0,100
