url,title,category,date,id,uid
github.com,GitHub,code,2022-2-7 8:57:0,1,2
stackoverflow.com,StackOverflow,code,2022-3-8 12:13:59,2,3
facebook.com,Facebook,social,2022-2-5 23:32:26,3,3
stackoverflow.com,StackOverflow,code,2022-3-27 18:14:1,4,5
stackoverflow.com,StackOverflow,code,2022-2-1 7:52:10,5,6
monday.com,Monday,pm,2022-1-24 2:50:1,6,7
stackoverflow.com,StackOverflow,code,2022-3-17 17:7:35,7,7
monday.com,Monday,pm,2022-3-11 10:34:19,8,8
cyberforumleaks.com,CyberforumLeaks,breach,2022-2-20 23:59:20,9,9
facebook.com,Facebook,social,2022-1-8 0:52:34,10,9
coinbase.com,crypto,crypto,2022-3-13 5:40:4,11,9
coinbase.com,crypto,crypto,2022-1-2 6:46:22,12,9
fiver.com,Fiver,hire,2022-2-4 9:13:53,13,9
monday.com,Monday,pm,2022-2-9 7:14:31,14,9
coinbase.com,crypto,crypto,2022-2-10 14:24:40,15,12
github.com,GitHub,code,2022-1-23 15:55:41,16,12
slack.com,Slack,pm,2022-1-22 11:18:2,17,12
fiver.com,Fiver,hire,2022-2-10 5:39:31,18,14
slack.com,Slack,pm,2022-1-7 4:15:29,19,15
monday.com,Monday,pm,2022-2-23 18:59:18,20,15
fiver.com,Fiver,hire,2022-1-15 15:20:26,21,15
monday.com,Monday,pm,2022-1-3 14:51:34,22,15
coinbase.com,crypto,crypto,2022-2-26 17:9:56,23,16
cyberforumleaks.com,CyberforumLeaks,breach,2022-3-19 2:57:30,24,19
github.com,GitHub,code,2022-2-17 7:10:40,25,20
slack.com,Slack,pm,2022-2-11 11:6:47,26,21
cyberforumleaks.com,CyberforumLeaks,breach,2022-3-28 2:6:7,27,22
cyberforumleaks.com,CyberforumLeaks,breach,2022-1-1 9:1:50,28,22
github.com,GitHub,code,2022-3-22 4:28:5,29,22
coinbase.com,crypto,crypto,2022-3-23 15:2:3,30,23
cyberforumleaks.com,CyberforumLeaks,breach,2022-1-9 1:38:27,31,24
github.com,GitHub,code,2022-2-4 13:49:4,32,25
facebook.com,Facebook,social,2022-2-24 9:21:28,33,26
github.com,GitHub,code,2022-1-9 1:58:47,34,29
fiver.com,Fiver,hire,2022-1-22 18:32:28,35,30
fiver.com,Fiver,hire,2022-3-27 1:8:6,36,31
stackoverflow.com,StackOverflow,code,2022-1-1 12:27:19,37,32
slack.com,Slack,pm,2022-2-5 17:13:16,38,32
cyberforumleaks.com,CyberforumLeaks,breach,2022-3-10 12:7:59,39,32
stackoverflow.com,StackOverflow,code,2022-2-10 15:43:17,40,32
fiver.com,Fiver,hire,2022-2-3 8:50:24,41,32
stackoverflow.com,StackOverflow,code,2022-1-11 14:44:23,42,32
stackoverflow.com,StackOverflow,code,2022-1-23 0:13:48,43,32
cyberforumleaks.com,CyberforumLeaks,breach,2022-1-10 12:14:7,44,32
monday.com,Monday,pm,2022-1-8 8:47:48,45,32
stackoverflow.com,StackOverflow,code,2022-1-25 5:41:0,46,32
stackoverflow.com,StackOverflow,code,2022-1-11 12:23:21,47,32
cyberforumleaks.com,CyberforumLeaks,breach,2022-3-22 13:3:39,48,32
github.com,GitHub,code,2022-2-21 7:33:8,49,32
github.com,GitHub,code,2022-3-27 10:2:14,50,32
fiver.com,Fiver,hire,2022-2-13 13:39:37,51,33
cyberforumleaks.com,CyberforumLeaks,breach,2022-3-10 10:11:18,52,34
monday.com,Monday,pm,2022-3-27 18:23:0,53,34
facebook.com,Facebook,social,2022-3-18 0:1:20,54,34
coinbase.com,crypto,crypto,2022-3-7 21:33:44,55,34
slack.com,Slack,pm,2022-1-20 8:8:33,56,39
coinbase.com,crypto,crypto,2022-2-7 19:40:24,57,40
coinbase.com,crypto,crypto,2022-1-2 12:15:17,58,41
slack.com,Slack,pm,2022-2-6 20:44:34,59,43
slack.com,Slack,pm,2022-2-1 11:41:37,60,44
slack.com,Slack,pm,2022-3-5 16:26:1,61,44
monday.com,Monday,pm,2022-2-11 18:58:27,62,44
fiver.com,Fiver,hire,2022-2-8 9:47:25,63,44
cyberforumleaks.com,CyberforumLeaks,breach,2022-2-26 5:16:39,64,44
facebook.com,Facebook,social,2022-1-16 19:21:2,65,44
fiver.com,Fiver,hire,2022-3-20 4:37:49,66,45
slack.com,Slack,pm,2022-2-7 22:0:21,67,46
slack.com,Slack,pm,2022-1-3 17:17:47,68,47
coinbase.com,crypto,crypto,2022-3-1 1:55:7,69,47
github.com,GitHub,code,2022-2-5 14:31:13,70,48
github.com,GitHub,code,2022-3-9 15:41:54,71,48
cyberforumleaks.com,CyberforumLeaks,breach,2022-2-20 2:30:16,72,49
stackoverflow.com,StackOverflow,code,2022-3-28 8:42:34,73,51
slack.com,Slack,pm,2022-2-12 21:45:35,74,52
monday.com,Monday,pm,2022-1-2 3:0:18,75,52
stackoverflow.com,StackOverflow,code,2022-1-3 10:28:55,76,53
stackoverflow.com,StackOverflow,code,2022-3-2 11:13:57,77,55
stackoverflow.com,StackOverflow,code,2022-2-24 6:56:55,78,55
monday.com,Monday,pm,2022-2-18 4:1:58,79,56
fiver.com,Fiver,hire,2022-1-13 16:25:19,80,56
stackoverflow.com,StackOverflow,code,2022-3-11 3:1:43,81,57
github.com,GitHub,code,2022-2-20 4:8:26,82,58
facebook.com,Facebook,social,2022-2-25 2:59:34,83,59
cyberforumleaks.com,CyberforumLeaks,breach,2022-1-13 18:23:27,84,60
monday.com,Monday,pm,2022-1-7 7:20:40,85,60
coinbase.com,crypto,crypto,2022-2-23 6:32:12,86,62
cyberforumleaks.com,CyberforumLeaks,breach,2022-3-16 6:21:3,87,63
cyberforumleaks.com,CyberforumLeaks,breach,2022-2-19 18:52:5,88,64
fiver.com,Fiver,hire,2022-2-24 11:5:6,89,64
slack.com,Slack,pm,2022-2-7 12:14:7,90,64
facebook.com,Facebook,social,2022-1-4 18:3:30,91,65
fiver.com,Fiver,hire,2022-2-22 8:2:51,92,65
facebook.com,Facebook,social,2022-2-26 6:19:30,93,65
monday.com,Monday,pm,2022-1-14 8:28:39,94,65
stackoverflow.com,StackOverflow,code,2022-1-5 4:29:18,95,66
slack.com,Slack,pm,2022-3-13 21:55:23,96,66
fiver.com,Fiver,hire,2022-2-4 12:17:2,97,67
fiver.com,Fiver,hire,2022-1-26 10:34:34,98,70
fiver.com,Fiver,hire,2022-2-13 20:27:43,99,70
facebook.com,Facebook,social,2022-2-15 7:29:52,100,73
cyberforumleaks.com,CyberforumLeaks,breach,2022-2-3 5:37:52,101,74
slack.com,Slack,pm,2022-2-7 8:47:20,102,74
facebook.com,Facebook,social,2022-3-13 21:35:38,103,75
slack.com,Slack,pm,2022-1-4 10:36:7,104,75
coinbase.com,crypto,crypto,2022-3-26 0:19:32,105,76
coinbase.com,crypto,crypto,2022-1-7 13:45:29,106,76
coinbase.com,crypto,crypto,2022-2-2 23:39:29,107,76
facebook.com,Facebook,social,2022-3-21 9:26:41,108,77
coinbase.com,crypto,crypto,2022-2-27 13:46:49,109,77
github.com,GitHub,code,2022-1-25 20:49:5,110,77
facebook.com,Facebook,social,2022-2-10 6:56:21,111,77
coinbase.com,crypto,crypto,2022-3-4 14:7:27,112,77
facebook.com,Facebook,social,2022-1-28 19:9:6,113,77
fiver.com,Fiver,hire,2022-1-13 5:56:26,114,78
monday.com,Monday,pm,2022-3-19 15:10:11,115,79
monday.com,Monday,pm,2022-3-24 23:47:14,116,80
fiver.com,Fiver,hire,2022-2-24 14:15:37,117,80
facebook.com,Facebook,social,2022-3-8 21:2:34,118,82
slack.com,Slack,pm,2022-3-23 9:26:51,119,82
coinbase.com,crypto,crypto,2022-2-5 18:8:58,120,82
slack.com,Slack,pm,2022-2-6 9:54:7,121,83
cyberforumleaks.com,CyberforumLeaks,breach,2022-1-18 14:15:0,122,83
slack.com,Slack,pm,2022-3-7 22:0:1,123,84
monday.com,Monday,pm,2022-1-21 12:13:58,124,85
facebook.com,Facebook,social,2022-1-10 12:2:53,125,87
monday.com,Monday,pm,2022-1-4 9:42:44,126,88
fiver.com,Fiver,hire,2022-2-25 8:30:49,127,91
fiver.com,Fiver,hire,2022-3-8 0:27:26,128,92
fiver.com,Fiver,hire,2022-2-23 18:6:41,129,93
slack.com,Slack,pm,2022-3-5 21:57:39,130,95
monday.com,Monday,pm,2022-2-18 1:55:59,131,95
stackoverflow.com,StackOverflow,code,2022-1-17 12:23:34,132,95
monday.com,Monday,pm,2022-3-7 5:8:3,133,95
monday.com,Monday,pm,2022-2-21 5:11:16,134,96
facebook.com,Facebook,social,2022-3-7 12:56:17,135,97
cyberforumleaks.com,CyberforumLeaks,breach,2022-2-2 14:56:31,136,97
facebook.com,Facebook,social,2022-3-16 19:34:12,137,98
coinbase.com,crypto,crypto,2022-1-16 5:3:30,138,101
monday.com,Monday,pm,2022-3-18 15:25:29,139,102
coinbase.com,crypto,crypto,2022-1-7 11:48:21,140,102
github.com,GitHub,code,2022-2-25 8:55:53,141,102
coinbase.com,crypto,crypto,2022-1-15 14:9:26,142,105
facebook.com,Facebook,social,2022-2-21 14:37:47,143,106
stackoverflow.com,StackOverflow,code,2022-1-13 22:51:32,144,107
monday.com,Monday,pm,2022-2-23 6:0:17,145,107
coinbase.com,crypto,crypto,2022-2-20 5:7:42,146,107
cyberforumleaks.com,CyberforumLeaks,breach,2022-1-19 17:46:17,147,107
github.com,GitHub,code,2022-1-15 6:30:54,148,109
fiver.com,Fiver,hire,2022-2-16 12:46:55,149,110
facebook.com,Facebook,social,2022-3-27 4:3:27,150,111
stackoverflow.com,StackOverflow,code,2022-2-4 22:59:49,151,112
facebook.com,Facebook,social,2022-1-17 2:50:30,152,116
cyberforumleaks.com,CyberforumLeaks,breach,2022-2-27 22:35:24,153,116
coinbase.com,crypto,crypto,2022-1-20 22:38:6,154,116
github.com,GitHub,code,2022-2-26 8:42:42,155,118
github.com,GitHub,code,2022-2-25 10:58:19,156,118
github.com,GitHub,code,2022-1-15 12:47:6,157,119
fiver.com,Fiver,hire,2022-1-16 3:38:38,158,119
fiver.com,Fiver,hire,2022-2-16 9:51:53,159,119
slack.com,Slack,pm,2022-1-13 3:55:47,160,120
fiver.com,Fiver,hire,2022-1-23 17:15:19,161,121
stackoverflow.com,StackOverflow,code,2022-1-2 3:3:19,162,122
monday.com,Monday,pm,2022-1-26 18:35:18,163,122
github.com,GitHub,code,2022-2-11 4:25:55,164,122
stackoverflow.com,StackOverflow,code,2022-2-14 1:2:53,165,122
slack.com,Slack,pm,2022-3-15 6:13:22,166,123
slack.com,Slack,pm,2022-2-3 22:33:38,167,123
facebook.com,Facebook,social,2022-3-24 16:23:10,168,125
coinbase.com,crypto,crypto,2022-1-20 3:2:24,169,125
github.com,GitHub,code,2022-2-3 20:48:11,170,125
cyberforumleaks.com,CyberforumLeaks,breach,2022-1-9 20:58:1,171,127
monday.com,Monday,pm,2022-1-5 19:34:0,172,128
stackoverflow.com,StackOverflow,code,2022-3-2 7:18:13,173,128
monday.com,Monday,pm,2022-1-1 19:17:51,174,129
cyberforumleaks.com,CyberforumLeaks,breach,2022-3-8 7:40:5,175,130
coinbase.com,crypto,crypto,2022-1-6 19:25:49,176,131
coinbase.com,crypto,crypto,2022-2-21 9:45:47,177,134
facebook.com,Facebook,social,2022-1-17 11:18:33,178,134
cyberforumleaks.com,CyberforumLeaks,breach,2022-2-14 16:40:0,179,135
stackoverflow.com,StackOverflow,code,2022-3-21 9:55:52,180,136
coinbase.com,crypto,crypto,2022-1-1 14:35:33,181,137
slack.com,Slack,pm,2022-2-7 1:4:57,182,138
coinbase.com,crypto,crypto,2022-2-5 1:13:45,183,138
facebook.com,Facebook,social,2022-3-28 2:2:34,184,139
facebook.com,Facebook,social,2022-2-3 23:54:45,185,140
monday.com,Monday,pm,2022-2-24 7:4:56,186,140
coinbase.com,crypto,crypto,2022-1-9 23:9:46,187,141
github.com,GitHub,code,2022-2-4 9:18:21,188,143
coinbase.com,crypto,crypto,2022-2-26 5:11:56,189,143
facebook.com,Facebook,social,2022-1-22 18:20:25,190,144
slack.com,Slack,pm,2022-1-25 2:7:38,191,144
monday.com,Monday,pm,2022-2-13 0:49:26,192,144
cyberforumleaks.com,CyberforumLeaks,breach,2022-1-16 8:54:49,193,144
slack.com,Slack,pm,2022-2-13 22:53:4,194,144
cyberforumleaks.com,CyberforumLeaks,breach,2022-1-19 22:40:18,195,145
github.com,GitHub,code,2022-3-24 2:44:36,196,145
stackoverflow.com,StackOverflow,code,2022-3-23 12:56:32,197,145
cyberforumleaks.com,CyberforumLeaks,breach,2022-2-22 0:20:4,198,145
cyberforumleaks.com,CyberforumLeaks,breach,2022-1-25 19:16:21,199,145
cyberforumleaks.com,CyberforumLeaks,breach,2022-3-16 11:38:51,200,145
facebook.com,Facebook,social,2022-1-24 0:10:28,201,145
fiver.com,Fiver,hire,2022-1-13 8:34:21,202,145
cyberforumleaks.com,CyberforumLeaks,breach,2022-2-15 4:8:34,203,146
monday.com,Monday,pm,2022-1-14 21:54:21,204,146
github.com,GitHub,code,2022-3-4 20:38:42,205,146
facebook.com,Facebook,social,2022-2-16 11:3:26,206,146
coinbase.com,crypto,crypto,2022-3-2 9:46:41,207,146
fiver.com,Fiver,hire,2022-1-17 10:3:39,208,146
stackoverflow.com,StackOverflow,code,2022-2-24 6:32:7,209,146
facebook.com,Facebook,social,2022-2-12 9:59:4,210,147
coinbase.com,crypto,crypto,2022-3-18 16:0:18,211,147
fiver.com,Fiver,hire,2022-2-19 1:50:18,212,148
slack.com,Slack,pm,2022-3-1 5:14:0,213,148
stackoverflow.com,StackOverflow,code,2022-3-8 9:52:42,214,150
stackoverflow.com,StackOverflow,code,2022-1-4 16:44:7,215,151
coinbase.com,crypto,crypto,2022-3-11 16:37:19,216,151
github.com,GitHub,code,2022-2-1 20:10:6,217,151
coinbase.com,crypto,crypto,2022-1-8 14:23:11,218,152
coinbase.com,crypto,crypto,2022-2-19 1:8:23,219,153
stackoverflow.com,StackOverflow,code,2022-2-3 6:33:10,220,154
coinbase.com,crypto,crypto,2022-1-11 3:2:19,221,155
cyberforumleaks.com,CyberforumLeaks,breach,2022-3-5 7:16:48,222,156
fiver.com,Fiver,hire,2022-3-28 23:35:42,223,157
coinbase.com,crypto,crypto,2022-2-16 17:58:13,224,157
monday.com,Monday,pm,2022-3-6 20:59:36,225,157
coinbase.com,crypto,crypto,2022-1-26 19:35:53,226,158
fiver.com,Fiver,hire,2022-3-16 21:35:19,227,158
facebook.com,Facebook,social,2022-2-11 2:57:35,228,158
github.com,GitHub,code,2022-1-11 4:33:50,229,158
coinbase.com,crypto,crypto,2022-1-8 20:50:34,230,159
facebook.com,Facebook,social,2022-2-7 11:15:37,231,159
coinbase.com,crypto,crypto,2022-2-14 18:33:45,232,160
stackoverflow.com,StackOverflow,code,2022-1-14 17:41:42,233,161
github.com,GitHub,code,2022-3-27 12:55:38,234,162
fiver.com,Fiver,hire,2022-1-21 7:16:3,235,163
facebook.com,Facebook,social,2022-3-23 3:8:38,236,164
slack.com,Slack,pm,2022-2-3 7:36:36,237,164
stackoverflow.com,StackOverflow,code,2022-2-26 22:56:54,238,165
slack.com,Slack,pm,2022-2-1 11:54:54,239,165
stackoverflow.com,StackOverflow,code,2022-1-15 23:37:43,240,166
github.com,GitHub,code,2022-1-15 4:48:45,241,166
github.com,GitHub,code,2022-1-14 21:39:3,242,168
slack.com,Slack,pm,2022-2-19 2:59:19,243,168
fiver.com,Fiver,hire,2022-2-1 22:2:11,244,168
facebook.com,Facebook,social,2022-3-11 23:6:3,245,168
stackoverflow.com,StackOverflow,code,2022-2-8 8:8:17,246,168
fiver.com,Fiver,hire,2022-3-26 3:8:36,247,169
github.com,GitHub,code,2022-3-17 12:2:11,248,169
slack.com,Slack,pm,2022-1-13 12:5:18,249,170
github.com,GitHub,code,2022-3-27 13:52:58,250,171
monday.com,Monday,pm,2022-3-10 2:34:34,251,174
slack.com,Slack,pm,2022-3-5 18:6:59,252,176
cyberforumleaks.com,CyberforumLeaks,breach,2022-3-14 20:28:22,253,176
stackoverflow.com,StackOverflow,code,2022-1-16 7:29:29,254,176
cyberforumleaks.com,CyberforumLeaks,breach,2022-3-17 16:10:52,255,176
cyberforumleaks.com,CyberforumLeaks,breach,2022-2-9 22:18:38,256,177
cyberforumleaks.com,CyberforumLeaks,breach,2022-2-6 9:1:28,257,177
github.com,GitHub,code,2022-1-14 4:26:17,258,178
stackoverflow.com,StackOverflow,code,2022-1-3 19:49:32,259,178
github.com,GitHub,code,2022-1-8 4:1:50,260,179
coinbase.com,crypto,crypto,2022-3-23 14:21:33,261,179
fiver.com,Fiver,hire,2022-1-24 21:17:57,262,179
github.com,GitHub,code,2022-1-19 18:50:31,263,179
monday.com,Monday,pm,2022-1-8 11:27:12,264,179
monday.com,Monday,pm,2022-1-28 17:11:56,265,179
cyberforumleaks.com,CyberforumLeaks,breach,2022-1-25 2:12:46,266,180
stackoverflow.com,StackOverflow,code,2022-2-18 1:52:41,267,180
github.com,GitHub,code,2022-1-17 9:36:26,268,180
slack.com,Slack,pm,2022-3-22 14:35:9,269,180
cyberforumleaks.com,CyberforumLeaks,breach,2022-3-24 19:6:28,270,181
github.com,GitHub,code,2022-1-9 11:33:1,271,182
stackoverflow.com,StackOverflow,code,2022-3-11 17:41:54,272,184
slack.com,Slack,pm,2022-2-6 15:40:2,273,184
coinbase.com,crypto,crypto,2022-3-25 16:31:16,274,184
stackoverflow.com,StackOverflow,code,2022-3-1 21:8:44,275,186
monday.com,Monday,pm,2022-1-5 0:11:31,276,187
monday.com,Monday,pm,2022-1-26 9:17:21,277,189
fiver.com,Fiver,hire,2022-3-9 6:36:24,278,189
stackoverflow.com,StackOverflow,code,2022-2-24 2:39:8,279,191
cyberforumleaks.com,CyberforumLeaks,breach,2022-3-18 21:14:19,280,191
fiver.com,Fiver,hire,2022-1-3 16:43:59,281,191
monday.com,Monday,pm,2022-2-6 17:6:55,282,192
fiver.com,Fiver,hire,2022-2-16 7:21:19,283,192
github.com,GitHub,code,2022-3-8 13:45:54,284,193
facebook.com,Facebook,social,2022-1-10 14:12:4,285,193
github.com,GitHub,code,2022-3-2 15:38:6,286,195
monday.com,Monday,pm,2022-1-12 22:7:39,287,195
slack.com,Slack,pm,2022-2-15 6:24:42,288,196
stackoverflow.com,StackOverflow,code,2022-3-11 22:24:43,289,196
facebook.com,Facebook,social,2022-2-27 12:40:42,290,196
stackoverflow.com,StackOverflow,code,2022-1-16 23:33:57,291,196
slack.com,Slack,pm,2022-1-26 19:56:9,292,197
github.com,GitHub,code,2022-3-4 7:57:20,293,198
facebook.com,Facebook,social,2022-3-13 4:22:45,294,199
stackoverflow.com,StackOverflow,code,2022-3-28 8:20:4,295,199
fiver.com,Fiver,hire,2022-3-9 1:22:38,296,200
fiver.com,Fiver,hire,2022-1-20 3:5:19,297,200
github.com,GitHub,code,2022-2-3 23:1:54,298,201
stackoverflow.com,StackOverflow,code,2022-2-4 3:41:49,299,202
facebook.com,Facebook,social,2022-2-5 8:23:23,300,204
stackoverflow.com,StackOverflow,code,2022-3-2 17:15:59,301,204
monday.com,Monday,pm,2022-3-18 6:53:26,302,204
cyberforumleaks.com,CyberforumLeaks,breach,2022-3-13 19:47:30,303,205
coinbase.com,crypto,crypto,2022-1-15 19:27:56,304,206
monday.com,Monday,pm,2022-2-16 8:53:26,305,206
monday.com,Monday,pm,2022-1-6 14:43:51,306,207
slack.com,Slack,pm,2022-1-14 23:28:34,307,207
github.com,GitHub,code,2022-3-19 12:13:35,308,208
github.com,GitHub,code,2022-3-7 17:30:23,309,209
cyberforumleaks.com,CyberforumLeaks,breach,2022-3-24 2:3:33,310,209
stackoverflow.com,StackOverflow,code,2022-1-13 21:45:52,311,209
stackoverflow.com,StackOverflow,code,2022-3-1 0:53:51,312,209
slack.com,Slack,pm,2022-3-1 1:56:34,313,209
stackoverflow.com,StackOverflow,code,2022-3-25 4:6:9,314,209
facebook.com,Facebook,social,2022-2-22 0:58:23,315,209
monday.com,Monday,pm,2022-1-15 7:42:45,316,210
github.com,GitHub,code,2022-2-22 12:28:18,317,210
facebook.com,Facebook,social,2022-1-7 7:38:17,318,211
coinbase.com,crypto,crypto,2022-3-24 15:17:48,319,211
facebook.com,Facebook,social,2022-2-13 17:34:51,320,211
slack.com,Slack,pm,2022-2-28 13:35:43,321,213
github.com,GitHub,code,2022-3-17 2:11:16,322,213
coinbase.com,crypto,crypto,2022-3-1 2:53:1,323,214
fiver.com,Fiver,hire,2022-3-8 9:33:29,324,214
github.com,GitHub,code,2022-3-14 23:23:4,325,215
slack.com,Slack,pm,2022-1-13 12:10:58,326,215
monday.com,Monday,pm,2022-2-22 4:45:55,327,216
facebook.com,Facebook,social,2022-3-14 23:55:4,328,217
github.com,GitHub,code,2022-3-1 4:7:40,329,217
coinbase.com,crypto,crypto,2022-3-26 17:27:42,330,218
github.com,GitHub,code,2022-3-1 23:29:38,331,219
fiver.com,Fiver,hire,2022-2-17 17:55:1,332,220
github.com,GitHub,code,2022-3-4 20:21:10,333,220
cyberforumleaks.com,CyberforumLeaks,breach,2022-2-20 13:24:18,334,220
monday.com,Monday,pm,2022-1-27 21:9:15,335,220
stackoverflow.com,StackOverflow,code,2022-1-7 13:10:18,336,221
stackoverflow.com,StackOverflow,code,2022-1-5 0:42:30,337,223
stackoverflow.com,StackOverflow,code,2022-1-17 7:23:8,338,225
monday.com,Monday,pm,2022-3-26 19:29:29,339,225
stackoverflow.com,StackOverflow,code,2022-1-20 18:43:33,340,226
fiver.com,Fiver,hire,2022-3-27 10:47:58,341,227
facebook.com,Facebook,social,2022-1-15 4:1:30,342,228
slack.com,Slack,pm,2022-2-9 23:17:41,343,228
fiver.com,Fiver,hire,2022-3-28 17:20:47,344,229
cyberforumleaks.com,CyberforumLeaks,breach,2022-2-26 20:12:47,345,231
stackoverflow.com,StackOverflow,code,2022-1-28 7:37:55,346,231
coinbase.com,crypto,crypto,2022-1-14 4:57:35,347,231
facebook.com,Facebook,social,2022-2-9 0:44:5,348,231
cyberforumleaks.com,CyberforumLeaks,breach,2022-1-1 2:14:23,349,231
slack.com,Slack,pm,2022-1-16 7:6:39,350,231
github.com,GitHub,code,2022-3-1 0:34:22,351,234
slack.com,Slack,pm,2022-2-9 0:7:10,352,234
monday.com,Monday,pm,2022-1-21 4:58:50,353,236
slack.com,Slack,pm,2022-1-19 2:24:52,354,237
fiver.com,Fiver,hire,2022-3-7 12:29:48,355,238
github.com,GitHub,code,2022-1-15 11:3:16,356,238
github.com,GitHub,code,2022-2-8 2:35:46,357,239
github.com,GitHub,code,2022-2-25 9:28:36,358,239
cyberforumleaks.com,CyberforumLeaks,breach,2022-2-23 20:33:2,359,239
facebook.com,Facebook,social,2022-2-15 18:10:22,360,240
coinbase.com,crypto,crypto,2022-2-2 23:36:44,361,240
slack.com,Slack,pm,2022-2-15 19:8:23,362,241
coinbase.com,crypto,crypto,2022-3-14 20:59:10,363,244
monday.com,Monday,pm,2022-3-21 6:1:59,364,244
monday.com,Monday,pm,2022-2-6 13:11:6,365,244
monday.com,Monday,pm,2022-3-1 2:41:57,366,244
stackoverflow.com,StackOverflow,code,2022-1-17 2:49:48,367,245
facebook.com,Facebook,social,2022-2-18 9:2:23,368,246
cyberforumleaks.com,CyberforumLeaks,breach,2022-1-1 14:22:36,369,248
github.com,GitHub,code,2022-1-5 9:32:25,370,250
facebook.com,Facebook,social,2022-1-10 12:46:5,371,250
slack.com,Slack,pm,2022-1-25 21:56:56,372,250
monday.com,Monday,pm,2022-1-1 16:18:51,373,251
fiver.com,Fiver,hire,2022-3-17 19:28:46,374,251
facebook.com,Facebook,social,2022-1-8 18:51:10,375,251
cyberforumleaks.com,CyberforumLeaks,breach,2022-3-23 4:10:13,376,251
monday.com,Monday,pm,2022-2-18 12:15:25,377,251
facebook.com,Facebook,social,2022-2-11 2:17:39,378,252
cyberforumleaks.com,CyberforumLeaks,breach,2022-1-5 7:32:11,379,252
cyberforumleaks.com,CyberforumLeaks,breach,2022-2-20 15:35:52,380,252
stackoverflow.com,StackOverflow,code,2022-1-24 16:58:24,381,253
cyberforumleaks.com,CyberforumLeaks,breach,2022-3-3 11:21:41,382,253
monday.com,Monday,pm,2022-2-2 3:51:29,383,253
fiver.com,Fiver,hire,2022-3-1 15:4:29,384,253
monday.com,Monday,pm,2022-1-10 8:17:7,385,255
monday.com,Monday,pm,2022-3-11 5:6:34,386,256
stackoverflow.com,StackOverflow,code,2022-2-19 8:53:24,387,257
facebook.com,Facebook,social,2022-3-10 3:26:15,388,258
stackoverflow.com,StackOverflow,code,2022-2-20 21:37:43,389,260
facebook.com,Facebook,social,2022-2-16 16:31:0,390,260
github.com,GitHub,code,2022-2-16 9:6:1,391,260
cyberforumleaks.com,CyberforumLeaks,breach,2022-2-25 10:36:20,392,262
coinbase.com,crypto,crypto,2022-1-20 7:51:52,393,262
facebook.com,Facebook,social,2022-1-18 7:32:9,394,263
cyberforumleaks.com,CyberforumLeaks,breach,2022-2-5 8:41:25,395,263
github.com,GitHub,code,2022-1-14 11:12:23,396,264
monday.com,Monday,pm,2022-1-28 7:50:22,397,264
stackoverflow.com,StackOverflow,code,2022-2-26 15:31:25,398,267
facebook.com,Facebook,social,2022-1-18 9:24:5,399,269
github.com,GitHub,code,2022-2-1 15:10:13,400,270
slack.com,Slack,pm,2022-1-20 9:18:51,401,271
github.com,GitHub,code,2022-2-28 3:13:9,402,271
stackoverflow.com,StackOverflow,code,2022-3-11 20:28:32,403,272
monday.com,Monday,pm,2022-1-22 10:46:15,404,273
monday.com,Monday,pm,2022-2-1 13:6:37,405,273
fiver.com,Fiver,hire,2022-1-26 8:19:10,406,274
fiver.com,Fiver,hire,2022-3-24 9:4:9,407,275
coinbase.com,crypto,crypto,2022-2-25 12:59:18,408,275
slack.com,Slack,pm,2022-3-18 5:8:37,409,276
facebook.com,Facebook,social,2022-2-8 23:51:59,410,276
fiver.com,Fiver,hire,2022-2-1 7:55:33,411,277
coinbase.com,crypto,crypto,2022-3-2 21:53:14,412,279
stackoverflow.com,StackOverflow,code,2022-3-27 0:50:28,413,280
stackoverflow.com,StackOverflow,code,2022-3-21 22:37:37,414,280
slack.com,Slack,pm,2022-1-2 22:12:23,415,280
facebook.com,Facebook,social,2022-1-20 0:30:39,416,280
slack.com,Slack,pm,2022-1-12 0:2:29,417,282
fiver.com,Fiver,hire,2022-1-14 7:42:17,418,283
stackoverflow.com,StackOverflow,code,2022-3-15 23:53:11,419,283
slack.com,Slack,pm,2022-2-8 15:16:14,420,283
cyberforumleaks.com,CyberforumLeaks,breach,2022-2-10 8:20:26,421,283
facebook.com,Facebook,social,2022-3-19 11:30:44,422,284
slack.com,Slack,pm,2022-3-8 12:9:14,423,285
monday.com,Monday,pm,2022-1-21 1:22:14,424,286
monday.com,Monday,pm,2022-1-4 3:39:16,425,286
coinbase.com,crypto,crypto,2022-2-6 14:18:39,426,286
cyberforumleaks.com,CyberforumLeaks,breach,2022-1-27 18:23:47,427,286
facebook.com,Facebook,social,2022-1-1 5:46:15,428,286
slack.com,Slack,pm,2022-1-26 15:45:56,429,286
facebook.com,Facebook,social,2022-1-6 14:28:45,430,286
facebook.com,Facebook,social,2022-3-10 2:56:27,431,286
github.com,GitHub,code,2022-2-4 16:21:23,432,287
facebook.com,Facebook,social,2022-3-24 19:55:23,433,287
fiver.com,Fiver,hire,2022-3-2 19:47:15,434,289
slack.com,Slack,pm,2022-1-12 23:48:9,435,289
facebook.com,Facebook,social,2022-1-8 15:2:18,436,290
github.com,GitHub,code,2022-2-22 23:1:3,437,291
monday.com,Monday,pm,2022-1-26 19:59:47,438,293
facebook.com,Facebook,social,2022-1-18 0:47:8,439,294
github.com,GitHub,code,2022-1-16 15:5:53,440,295
fiver.com,Fiver,hire,2022-1-13 7:15:11,441,296
facebook.com,Facebook,social,2022-1-25 0:3:27,442,297
stackoverflow.com,StackOverflow,code,2022-2-26 9:43:0,443,298
github.com,GitHub,code,2022-3-19 10:34:25,444,301
coinbase.com,crypto,crypto,2022-3-5 18:54:47,445,301
monday.com,Monday,pm,2022-1-21 2:9:21,446,301
facebook.com,Facebook,social,2022-3-3 15:26:24,447,304
fiver.com,Fiver,hire,2022-3-26 8:43:48,448,304
fiver.com,Fiver,hire,2022-2-23 10:46:26,449,304
monday.com,Monday,pm,2022-2-24 19:49:28,450,305
monday.com,Monday,pm,2022-1-5 10:41:45,451,305
github.com,GitHub,code,2022-1-6 12:51:47,452,306
coinbase.com,crypto,crypto,2022-1-14 3:52:51,453,306
monday.com,Monday,pm,2022-2-19 2:7:38,454,306
stackoverflow.com,StackOverflow,code,2022-1-1 19:4:25,455,308
cyberforumleaks.com,CyberforumLeaks,breach,2022-3-8 2:56:46,456,312
fiver.com,Fiver,hire,2022-1-16 1:35:7,457,312
facebook.com,Facebook,social,2022-1-25 0:48:30,458,314
stackoverflow.com,StackOverflow,code,2022-1-13 6:33:11,459,314
facebook.com,Facebook,social,2022-2-25 16:38:7,460,316
facebook.com,Facebook,social,2022-1-24 3:52:1,461,317
monday.com,Monday,pm,2022-1-12 21:58:43,462,318
slack.com,Slack,pm,2022-2-7 0:6:4,463,320
cyberforumleaks.com,CyberforumLeaks,breach,2022-3-10 11:12:51,464,321
facebook.com,Facebook,social,2022-3-22 7:48:14,465,322
stackoverflow.com,StackOverflow,code,2022-1-9 13:49:32,466,323
stackoverflow.com,StackOverflow,code,2022-3-24 11:46:32,467,323
coinbase.com,crypto,crypto,2022-2-7 13:39:27,468,324
cyberforumleaks.com,CyberforumLeaks,breach,2022-3-26 13:24:46,469,326
fiver.com,Fiver,hire,2022-3-3 5:45:0,470,327
cyberforumleaks.com,CyberforumLeaks,breach,2022-2-5 19:25:8,471,328
monday.com,Monday,pm,2022-1-22 19:59:7,472,332
stackoverflow.com,StackOverflow,code,2022-3-13 2:38:8,473,332
slack.com,Slack,pm,2022-2-1 10:33:22,474,333
facebook.com,Facebook,social,2022-1-12 8:18:41,475,333
stackoverflow.com,StackOverflow,code,2022-3-7 18:50:38,476,334
stackoverflow.com,StackOverflow,code,2022-2-6 11:26:3,477,335
facebook.com,Facebook,social,2022-3-22 2:54:20,478,335
coinbase.com,crypto,crypto,2022-1-27 7:19:34,479,335
fiver.com,Fiver,hire,2022-1-15 0:52:49,480,335
github.com,GitHub,code,2022-1-26 3:52:29,481,335
fiver.com,Fiver,hire,2022-3-19 16:29:48,482,336
monday.com,Monday,pm,2022-1-16 22:34:30,483,336
slack.com,Slack,pm,2022-3-25 9:1:52,484,336
stackoverflow.com,StackOverflow,code,2022-2-12 16:41:52,485,337
cyberforumleaks.com,CyberforumLeaks,breach,2022-2-8 13:29:47,486,337
coinbase.com,crypto,crypto,2022-2-23 10:14:51,487,338
slack.com,Slack,pm,2022-3-1 3:24:3,488,338
coinbase.com,crypto,crypto,2022-2-7 20:46:10,489,339
coinbase.com,crypto,crypto,2022-1-21 15:41:2,490,339
facebook.com,Facebook,social,2022-1-7 4:10:48,491,339
stackoverflow.com,StackOverflow,code,2022-1-3 19:31:59,492,339
facebook.com,Facebook,social,2022-1-20 15:9:40,493,340
stackoverflow.com,StackOverflow,code,2022-2-14 19:14:13,494,343
coinbase.com,crypto,crypto,2022-1-12 10:38:26,495,343
github.com,GitHub,code,2022-3-1 15:16:11,496,345
facebook.com,Facebook,social,2022-1-22 7:36:25,497,345
stackoverflow.com,StackOverflow,code,2022-1-18 19:53:49,498,345
cyberforumleaks.com,CyberforumLeaks,breach,2022-3-11 5:33:3,499,346
slack.com,Slack,pm,2022-2-4 10:3:10,500,346
coinbase.com,crypto,crypto,2022-3-17 21:39:7,501,346
slack.com,Slack,pm,2022-2-19 19:6:30,502,347
fiver.com,Fiver,hire,2022-3-26 7:57:25,503,347
github.com,GitHub,code,2022-1-23 15:24:25,504,347
facebook.com,Facebook,social,2022-3-4 18:49:30,505,348
slack.com,Slack,pm,2022-2-3 12:2:31,506,349
github.com,GitHub,code,2022-1-28 20:33:9,507,349
slack.com,Slack,pm,2022-1-10 0:42:55,508,350
coinbase.com,crypto,crypto,2022-1-11 18:54:30,509,350
facebook.com,Facebook,social,2022-2-15 3:17:55,510,351
fiver.com,Fiver,hire,2022-1-2 14:24:5,511,352
facebook.com,Facebook,social,2022-2-23 7:10:56,512,353
monday.com,Monday,pm,2022-2-9 11:0:22,513,354
monday.com,Monday,pm,2022-2-2 0:3:15,514,355
monday.com,Monday,pm,2022-3-9 15:46:53,515,358
github.com,GitHub,code,2022-2-26 23:3:0,516,361
slack.com,Slack,pm,2022-3-15 13:53:55,517,363
github.com,GitHub,code,2022-1-1 14:38:18,518,363
facebook.com,Facebook,social,2022-2-27 3:35:28,519,364
github.com,GitHub,code,2022-1-18 19:57:39,520,364
coinbase.com,crypto,crypto,2022-1-25 6:37:44,521,364
monday.com,Monday,pm,2022-3-1 22:33:26,522,365
coinbase.com,crypto,crypto,2022-1-23 14:42:49,523,366
slack.com,Slack,pm,2022-2-16 4:5:16,524,367
fiver.com,Fiver,hire,2022-3-24 5:41:29,525,368
monday.com,Monday,pm,2022-3-10 3:4:39,526,370
fiver.com,Fiver,hire,2022-1-14 22:16:39,527,371
facebook.com,Facebook,social,2022-1-24 8:47:6,528,375
stackoverflow.com,StackOverflow,code,2022-1-26 15:17:29,529,376
facebook.com,Facebook,social,2022-2-5 19:9:3,530,376
slack.com,Slack,pm,2022-3-15 23:0:45,531,377
slack.com,Slack,pm,2022-1-19 15:49:29,532,377
github.com,GitHub,code,2022-1-13 17:3:29,533,379
cyberforumleaks.com,CyberforumLeaks,breach,2022-2-16 21:57:16,534,379
facebook.com,Facebook,social,2022-1-24 22:13:49,535,380
github.com,GitHub,code,2022-3-8 13:48:41,536,384
facebook.com,Facebook,social,2022-2-16 8:3:29,537,385
slack.com,Slack,pm,2022-2-25 4:58:28,538,385
coinbase.com,crypto,crypto,2022-3-26 23:11:39,539,386
fiver.com,Fiver,hire,2022-1-1 6:41:53,540,388
github.com,GitHub,code,2022-3-28 16:30:33,541,389
github.com,GitHub,code,2022-2-21 1:39:42,542,389
fiver.com,Fiver,hire,2022-1-5 14:22:39,543,390
coinbase.com,crypto,crypto,2022-2-28 7:44:11,544,391
github.com,GitHub,code,2022-2-28 10:28:57,545,391
fiver.com,Fiver,hire,2022-2-9 14:5:43,546,392
github.com,GitHub,code,2022-1-20 8:51:49,547,392
slack.com,Slack,pm,2022-1-12 5:42:9,548,393
cyberforumleaks.com,CyberforumLeaks,breach,2022-2-21 11:45:51,549,395
coinbase.com,crypto,crypto,2022-1-28 0:26:50,550,396
coinbase.com,crypto,crypto,2022-2-11 16:11:6,551,396
stackoverflow.com,StackOverflow,code,2022-2-2 15:47:21,552,396
fiver.com,Fiver,hire,2022-1-3 7:58:24,553,397
monday.com,Monday,pm,2022-3-18 17:14:4,554,397
fiver.com,Fiver,hire,2022-1-17 23:4:54,555,398
monday.com,Monday,pm,2022-2-15 18:6:4,556,399
stackoverflow.com,StackOverflow,code,2022-2-19 19:14:53,557,400
fiver.com,Fiver,hire,2022-1-28 17:19:39,558,400
stackoverflow.com,StackOverflow,code,2022-1-3 13:7:47,559,402
facebook.com,Facebook,social,2022-2-10 3:58:55,560,403
fiver.com,Fiver,hire,2022-1-26 7:9:39,561,404
fiver.com,Fiver,hire,2022-2-1 1:36:20,562,404
coinbase.com,crypto,crypto,2022-3-3 19:41:8,563,406
stackoverflow.com,StackOverflow,code,2022-3-24 16:54:6,564,406
facebook.com,Facebook,social,2022-1-3 15:18:47,565,406
stackoverflow.com,StackOverflow,code,2022-1-23 1:35:12,566,406
coinbase.com,crypto,crypto,2022-1-14 12:14:58,567,407
slack.com,Slack,pm,2022-1-5 1:17:17,568,407
stackoverflow.com,StackOverflow,code,2022-3-24 8:32:25,569,408
monday.com,Monday,pm,2022-2-8 16:48:55,570,408
github.com,GitHub,code,2022-1-23 1:48:44,571,409
fiver.com,Fiver,hire,2022-3-19 15:49:46,572,410
fiver.com,Fiver,hire,2022-3-24 5:1:22,573,411
github.com,GitHub,code,2022-1-20 0:20:1,574,411
slack.com,Slack,pm,2022-1-13 22:49:34,575,412
monday.com,Monday,pm,2022-2-17 6:12:6,576,413
fiver.com,Fiver,hire,2022-3-23 0:9:25,577,413
github.com,GitHub,code,2022-1-20 17:2:36,578,413
facebook.com,Facebook,social,2022-3-28 15:23:54,579,414
github.com,GitHub,code,2022-1-24 12:26:16,580,416
coinbase.com,crypto,crypto,2022-2-21 9:56:24,581,416
monday.com,Monday,pm,2022-1-19 3:14:15,582,417
fiver.com,Fiver,hire,2022-1-19 19:28:44,583,418
coinbase.com,crypto,crypto,2022-3-11 21:30:53,584,419
coinbase.com,crypto,crypto,2022-2-2 2:22:47,585,421
facebook.com,Facebook,social,2022-1-21 21:27:7,586,424
slack.com,Slack,pm,2022-1-23 21:47:6,587,424
coinbase.com,crypto,crypto,2022-1-10 11:19:14,588,424
github.com,GitHub,code,2022-3-4 7:12:31,589,424
fiver.com,Fiver,hire,2022-1-23 12:33:31,590,424
stackoverflow.com,StackOverflow,code,2022-1-28 8:38:27,591,425
coinbase.com,crypto,crypto,2022-3-10 3:57:30,592,425
facebook.com,Facebook,social,2022-1-4 7:38:22,593,427
github.com,GitHub,code,2022-2-22 17:7:7,594,427
facebook.com,Facebook,social,2022-1-24 23:37:27,595,427
stackoverflow.com,StackOverflow,code,2022-3-21 18:6:9,596,427
monday.com,Monday,pm,2022-3-9 15:47:48,597,427
monday.com,Monday,pm,2022-2-3 19:57:52,598,428
monday.com,Monday,pm,2022-1-6 21:46:31,599,429
slack.com,Slack,pm,2022-2-10 10:30:47,600,430
cyberforumleaks.com,CyberforumLeaks,breach,2022-3-15 2:19:6,601,433
cyberforumleaks.com,CyberforumLeaks,breach,2022-2-22 2:14:22,602,433
facebook.com,Facebook,social,2022-2-28 19:30:53,603,434
monday.com,Monday,pm,2022-2-20 17:2:34,604,435
cyberforumleaks.com,CyberforumLeaks,breach,2022-3-20 14:14:25,605,437
stackoverflow.com,StackOverflow,code,2022-1-16 0:11:56,606,437
github.com,GitHub,code,2022-3-4 16:30:58,607,438
fiver.com,Fiver,hire,2022-3-10 6:6:20,608,439
github.com,GitHub,code,2022-1-28 23:40:9,609,440
monday.com,Monday,pm,2022-1-9 18:20:52,610,440
stackoverflow.com,StackOverflow,code,2022-1-23 15:54:4,611,440
fiver.com,Fiver,hire,2022-1-1 0:8:55,612,440
monday.com,Monday,pm,2022-3-10 4:40:8,613,440
monday.com,Monday,pm,2022-3-12 21:33:19,614,440
cyberforumleaks.com,CyberforumLeaks,breach,2022-3-28 20:42:13,615,441
coinbase.com,crypto,crypto,2022-2-4 12:46:3,616,442
cyberforumleaks.com,CyberforumLeaks,breach,2022-2-12 6:40:53,617,442
cyberforumleaks.com,CyberforumLeaks,breach,2022-2-15 11:59:17,618,443
monday.com,Monday,pm,2022-1-27 12:55:56,619,444
slack.com,Slack,pm,2022-2-3 8:25:32,620,444
slack.com,Slack,pm,2022-2-14 2:7:27,621,444
fiver.com,Fiver,hire,2022-3-20 5:56:44,622,446
cyberforumleaks.com,CyberforumLeaks,breach,2022-1-19 18:47:3,623,446
cyberforumleaks.com,CyberforumLeaks,breach,2022-2-28 19:35:31,624,448
monday.com,Monday,pm,2022-1-23 22:54:50,625,450
fiver.com,Fiver,hire,2022-3-9 2:3:48,626,451
monday.com,Monday,pm,2022-1-4 10:15:39,627,451
coinbase.com,crypto,crypto,2022-2-9 20:23:8,628,451
facebook.com,Facebook,social,2022-2-19 7:5:43,629,451
slack.com,Slack,pm,2022-3-19 17:46:39,630,452
slack.com,Slack,pm,2022-3-18 20:15:6,631,453
stackoverflow.com,StackOverflow,code,2022-3-1 7:45:29,632,456
stackoverflow.com,StackOverflow,code,2022-3-28 5:41:58,633,457
cyberforumleaks.com,CyberforumLeaks,breach,2022-3-4 2:15:33,634,457
cyberforumleaks.com,CyberforumLeaks,breach,2022-3-8 19:23:58,635,458
slack.com,Slack,pm,2022-3-3 23:29:48,636,458
stackoverflow.com,StackOverflow,code,2022-2-21 13:1:21,637,458
slack.com,Slack,pm,2022-1-7 18:14:12,638,460
fiver.com,Fiver,hire,2022-3-20 2:9:45,639,460
github.com,GitHub,code,2022-3-17 9:12:2,640,463
cyberforumleaks.com,CyberforumLeaks,breach,2022-1-7 19:13:23,641,463
cyberforumleaks.com,CyberforumLeaks,breach,2022-3-12 3:45:36,642,466
stackoverflow.com,StackOverflow,code,2022-2-28 10:12:21,643,468
slack.com,Slack,pm,2022-1-11 12:14:36,644,469
monday.com,Monday,pm,2022-1-18 1:0:58,645,469
monday.com,Monday,pm,2022-2-8 17:12:8,646,469
facebook.com,Facebook,social,2022-3-4 1:3:29,647,470
cyberforumleaks.com,CyberforumLeaks,breach,2022-2-5 11:52:38,648,470
coinbase.com,crypto,crypto,2022-3-13 6:25:58,649,471
github.com,GitHub,code,2022-2-22 6:33:20,650,473
coinbase.com,crypto,crypto,2022-2-20 12:30:30,651,474
slack.com,Slack,pm,2022-2-8 13:12:39,652,475
fiver.com,Fiver,hire,2022-2-22 22:36:49,653,476
slack.com,Slack,pm,2022-2-27 10:46:7,654,478
coinbase.com,crypto,crypto,2022-1-7 8:38:31,655,478
cyberforumleaks.com,CyberforumLeaks,breach,2022-3-5 0:24:13,656,479
slack.com,Slack,pm,2022-2-5 21:31:8,657,479
github.com,GitHub,code,2022-1-6 22:57:28,658,479
fiver.com,Fiver,hire,2022-3-26 6:16:36,659,480
monday.com,Monday,pm,2022-2-12 9:43:5,660,480
slack.com,Slack,pm,2022-2-21 10:26:7,661,481
facebook.com,Facebook,social,2022-3-11 5:53:36,662,482
github.com,GitHub,code,2022-2-13 12:36:44,663,482
facebook.com,Facebook,social,2022-1-11 22:11:28,664,482
coinbase.com,crypto,crypto,2022-3-2 21:22:11,665,482
cyberforumleaks.com,CyberforumLeaks,breach,2022-1-24 10:39:23,666,482
coinbase.com,crypto,crypto,2022-1-19 5:41:55,667,482
slack.com,Slack,pm,2022-1-27 21:22:50,668,483
coinbase.com,crypto,crypto,2022-3-9 7:32:41,669,484
facebook.com,Facebook,social,2022-1-3 18:54:18,670,484
monday.com,Monday,pm,2022-1-4 12:38:24,671,484
slack.com,Slack,pm,2022-3-6 14:40:22,672,486
coinbase.com,crypto,crypto,2022-3-19 6:24:46,673,486
monday.com,Monday,pm,2022-2-4 15:45:47,674,486
monday.com,Monday,pm,2022-1-6 2:50:36,675,486
github.com,GitHub,code,2022-3-7 2:52:39,676,488
facebook.com,Facebook,social,2022-1-23 22:54:34,677,490
coinbase.com,crypto,crypto,2022-1-26 23:26:45,678,490
monday.com,Monday,pm,2022-1-6 19:23:51,679,492
slack.com,Slack,pm,2022-3-25 0:29:11,680,493
fiver.com,Fiver,hire,2022-1-8 17:3:30,681,495
monday.com,Monday,pm,2022-1-16 7:1:21,682,495
facebook.com,Facebook,social,2022-2-23 21:10:26,683,496
coinbase.com,crypto,crypto,2022-1-13 21:10:31,684,497
slack.com,Slack,pm,2022-2-11 2:43:30,685,498
slack.com,Slack,pm,2022-3-26 7:20:48,686,502
stackoverflow.com,StackOverflow,code,2022-1-24 19:57:10,687,502
cyberforumleaks.com,CyberforumLeaks,breach,2022-3-27 18:49:43,688,503
slack.com,Slack,pm,2022-3-8 2:32:49,689,503
slack.com,Slack,pm,2022-1-22 16:54:7,690,503
cyberforumleaks.com,CyberforumLeaks,breach,2022-3-20 12:55:10,691,505
slack.com,Slack,pm,2022-3-26 18:25:20,692,506
github.com,GitHub,code,2022-1-14 6:14:55,693,506
monday.com,Monday,pm,2022-3-21 15:21:44,694,507
cyberforumleaks.com,CyberforumLeaks,breach,2022-3-28 10:47:38,695,507
github.com,GitHub,code,2022-1-3 0:0:37,696,508
stackoverflow.com,StackOverflow,code,2022-1-13 11:4:56,697,510
slack.com,Slack,pm,2022-1-1 14:12:32,698,510
monday.com,Monday,pm,2022-2-24 4:30:10,699,511
github.com,GitHub,code,2022-3-3 7:17:7,700,511
fiver.com,Fiver,hire,2022-3-4 20:2:23,701,511
monday.com,Monday,pm,2022-1-23 16:30:41,702,511
github.com,GitHub,code,2022-2-24 20:31:25,703,512
cyberforumleaks.com,CyberforumLeaks,breach,2022-1-3 5:9:48,704,512
facebook.com,Facebook,social,2022-2-11 3:48:18,705,514
monday.com,Monday,pm,2022-2-17 3:49:2,706,515
facebook.com,Facebook,social,2022-1-18 19:11:13,707,516
slack.com,Slack,pm,2022-1-2 19:0:56,708,518
fiver.com,Fiver,hire,2022-2-12 3:58:38,709,518
fiver.com,Fiver,hire,2022-1-24 6:52:5,710,518
github.com,GitHub,code,2022-1-5 20:2:43,711,518
cyberforumleaks.com,CyberforumLeaks,breach,2022-1-10 10:57:21,712,520
monday.com,Monday,pm,2022-1-22 7:37:38,713,520
coinbase.com,crypto,crypto,2022-1-8 6:49:32,714,520
slack.com,Slack,pm,2022-3-3 0:22:1,715,521
cyberforumleaks.com,CyberforumLeaks,breach,2022-3-12 15:23:15,716,522
coinbase.com,crypto,crypto,2022-2-6 6:5:47,717,522
facebook.com,Facebook,social,2022-1-6 10:35:32,718,524
fiver.com,Fiver,hire,2022-3-28 21:19:13,719,524
github.com,GitHub,code,2022-1-22 14:30:51,720,525
slack.com,Slack,pm,2022-1-11 4:15:0,721,525
monday.com,Monday,pm,2022-2-11 15:14:54,722,525
github.com,GitHub,code,2022-2-20 10:42:50,723,528
fiver.com,Fiver,hire,2022-3-6 1:22:29,724,528
cyberforumleaks.com,CyberforumLeaks,breach,2022-1-28 11:18:48,725,530
stackoverflow.com,StackOverflow,code,2022-3-21 3:30:18,726,530
monday.com,Monday,pm,2022-1-11 0:55:45,727,531
monday.com,Monday,pm,2022-2-9 17:5:1,728,531
stackoverflow.com,StackOverflow,code,2022-3-23 8:17:50,729,531
slack.com,Slack,pm,2022-3-7 22:6:39,730,531
github.com,GitHub,code,2022-1-17 8:53:29,731,532
coinbase.com,crypto,crypto,2022-2-8 18:12:1,732,532
fiver.com,Fiver,hire,2022-2-23 4:54:17,733,534
monday.com,Monday,pm,2022-2-10 0:40:58,734,534
cyberforumleaks.com,CyberforumLeaks,breach,2022-2-14 12:15:59,735,534
facebook.com,Facebook,social,2022-2-3 3:22:30,736,536
facebook.com,Facebook,social,2022-1-26 15:36:43,737,537
cyberforumleaks.com,CyberforumLeaks,breach,2022-3-6 10:52:55,738,539
monday.com,Monday,pm,2022-1-14 11:5:41,739,541
monday.com,Monday,pm,2022-3-13 10:5:42,740,541
stackoverflow.com,StackOverflow,code,2022-3-3 17:47:43,741,542
monday.com,Monday,pm,2022-2-19 0:59:12,742,543
stackoverflow.com,StackOverflow,code,2022-3-19 10:5:12,743,544
cyberforumleaks.com,CyberforumLeaks,breach,2022-3-28 22:39:19,744,544
facebook.com,Facebook,social,2022-2-9 4:30:26,745,545
facebook.com,Facebook,social,2022-3-22 18:18:23,746,545
facebook.com,Facebook,social,2022-2-8 1:53:14,747,545
coinbase.com,crypto,crypto,2022-2-5 23:51:58,748,545
fiver.com,Fiver,hire,2022-3-7 21:47:18,749,546
facebook.com,Facebook,social,2022-1-3 19:25:42,750,546
coinbase.com,crypto,crypto,2022-2-27 16:5:12,751,546
facebook.com,Facebook,social,2022-2-28 9:36:2,752,546
stackoverflow.com,StackOverflow,code,2022-1-10 11:41:30,753,546
coinbase.com,crypto,crypto,2022-3-17 16:28:29,754,547
stackoverflow.com,StackOverflow,code,2022-3-23 9:48:12,755,547
stackoverflow.com,StackOverflow,code,2022-2-14 23:5:54,756,548
fiver.com,Fiver,hire,2022-2-10 20:11:22,757,549
slack.com,Slack,pm,2022-3-2 9:41:5,758,550
coinbase.com,crypto,crypto,2022-1-15 23:7:46,759,551
fiver.com,Fiver,hire,2022-2-16 4:24:35,760,551
github.com,GitHub,code,2022-3-8 13:59:44,761,551
facebook.com,Facebook,social,2022-2-21 22:47:44,762,553
github.com,GitHub,code,2022-3-17 8:2:7,763,553
coinbase.com,crypto,crypto,2022-3-18 8:24:44,764,554
fiver.com,Fiver,hire,2022-1-4 9:8:44,765,556
cyberforumleaks.com,CyberforumLeaks,breach,2022-2-25 17:59:54,766,557
coinbase.com,crypto,crypto,2022-2-4 8:51:13,767,557
cyberforumleaks.com,CyberforumLeaks,breach,2022-3-28 19:33:7,768,558
coinbase.com,crypto,crypto,2022-1-21 16:32:18,769,559
fiver.com,Fiver,hire,2022-1-2 13:34:22,770,559
monday.com,Monday,pm,2022-3-19 20:32:50,771,560
facebook.com,Facebook,social,2022-2-6 4:29:12,772,560
cyberforumleaks.com,CyberforumLeaks,breach,2022-1-6 23:55:20,773,561
coinbase.com,crypto,crypto,2022-2-11 8:38:32,774,561
slack.com,Slack,pm,2022-3-17 12:5:4,775,562
cyberforumleaks.com,CyberforumLeaks,breach,2022-1-25 6:35:53,776,562
fiver.com,Fiver,hire,2022-3-10 8:2:40,777,562
facebook.com,Facebook,social,2022-2-23 17:14:9,778,563
facebook.com,Facebook,social,2022-1-26 5:9:24,779,563
coinbase.com,crypto,crypto,2022-2-23 8:39:30,780,564
slack.com,Slack,pm,2022-1-3 19:34:37,781,564
monday.com,Monday,pm,2022-2-7 4:7:0,782,565
coinbase.com,crypto,crypto,2022-1-11 11:32:26,783,565
cyberforumleaks.com,CyberforumLeaks,breach,2022-1-25 4:48:45,784,565
slack.com,Slack,pm,2022-1-9 18:58:37,785,565
github.com,GitHub,code,2022-2-19 3:23:8,786,565
stackoverflow.com,StackOverflow,code,2022-1-12 1:20:41,787,567
monday.com,Monday,pm,2022-3-22 1:55:8,788,567
monday.com,Monday,pm,2022-2-26 3:25:10,789,568
coinbase.com,crypto,crypto,2022-1-5 17:44:21,790,568
fiver.com,Fiver,hire,2022-3-1 7:1:10,791,568
fiver.com,Fiver,hire,2022-2-14 18:6:32,792,568
cyberforumleaks.com,CyberforumLeaks,breach,2022-3-17 10:18:44,793,569
fiver.com,Fiver,hire,2022-2-27 11:36:57,794,570
cyberforumleaks.com,CyberforumLeaks,breach,2022-1-12 13:55:20,795,571
github.com,GitHub,code,2022-3-27 10:23:51,796,572
monday.com,Monday,pm,2022-1-11 1:36:8,797,572
slack.com,Slack,pm,2022-2-9 13:37:44,798,572
github.com,GitHub,code,2022-1-17 12:15:15,799,574
slack.com,Slack,pm,2022-3-28 0:2:2,800,574
cyberforumleaks.com,CyberforumLeaks,breach,2022-3-16 10:19:52,801,574
facebook.com,Facebook,social,2022-2-16 8:52:58,802,574
facebook.com,Facebook,social,2022-2-8 18:34:21,803,575
fiver.com,Fiver,hire,2022-1-23 16:53:45,804,577
facebook.com,Facebook,social,2022-3-12 18:8:36,805,577
coinbase.com,crypto,crypto,2022-2-5 16:16:1,806,578
coinbase.com,crypto,crypto,2022-1-20 14:33:30,807,578
github.com,GitHub,code,2022-2-9 4:8:43,808,578
github.com,GitHub,code,2022-2-12 13:32:19,809,578
facebook.com,Facebook,social,2022-2-11 4:21:41,810,579
stackoverflow.com,StackOverflow,code,2022-3-15 9:23:13,811,579
slack.com,Slack,pm,2022-2-4 10:38:26,812,580
stackoverflow.com,StackOverflow,code,2022-2-7 21:30:18,813,580
fiver.com,Fiver,hire,2022-3-18 3:35:39,814,581
facebook.com,Facebook,social,2022-1-1 16:29:8,815,581
monday.com,Monday,pm,2022-3-19 20:52:56,816,584
facebook.com,Facebook,social,2022-2-8 22:46:23,817,584
coinbase.com,crypto,crypto,2022-2-2 9:51:40,818,584
cyberforumleaks.com,CyberforumLeaks,breach,2022-1-27 23:41:25,819,584
slack.com,Slack,pm,2022-1-25 4:53:59,820,584
stackoverflow.com,StackOverflow,code,2022-3-10 16:8:30,821,584
fiver.com,Fiver,hire,2022-3-25 15:19:41,822,585
slack.com,Slack,pm,2022-2-9 15:17:51,823,586
stackoverflow.com,StackOverflow,code,2022-3-12 17:25:44,824,587
monday.com,Monday,pm,2022-2-22 9:52:41,825,589
slack.com,Slack,pm,2022-2-18 2:18:47,826,589
fiver.com,Fiver,hire,2022-3-3 2:48:2,827,590
slack.com,Slack,pm,2022-2-14 4:52:48,828,590
fiver.com,Fiver,hire,2022-1-2 22:37:1,829,590
cyberforumleaks.com,CyberforumLeaks,breach,2022-1-24 8:31:58,830,590
facebook.com,Facebook,social,2022-3-20 11:9:54,831,590
github.com,GitHub,code,2022-2-28 11:26:16,832,590
coinbase.com,crypto,crypto,2022-3-6 9:18:36,833,590
cyberforumleaks.com,CyberforumLeaks,breach,2022-3-16 21:3:49,834,590
monday.com,Monday,pm,2022-2-14 23:59:7,835,592
fiver.com,Fiver,hire,2022-1-24 17:49:12,836,593
stackoverflow.com,StackOverflow,code,2022-1-4 15:16:9,837,593
facebook.com,Facebook,social,2022-2-10 4:31:22,838,593
github.com,GitHub,code,2022-2-1 12:37:0,839,594
github.com,GitHub,code,2022-2-4 7:38:18,840,595
github.com,GitHub,code,2022-1-8 20:53:39,841,596
cyberforumleaks.com,CyberforumLeaks,breach,2022-2-1 9:16:19,842,596
slack.com,Slack,pm,2022-2-21 17:34:26,843,601
stackoverflow.com,StackOverflow,code,2022-1-1 18:8:42,844,601
coinbase.com,crypto,crypto,2022-1-23 17:14:16,845,602
cyberforumleaks.com,CyberforumLeaks,breach,2022-1-15 6:44:54,846,602
cyberforumleaks.com,CyberforumLeaks,breach,2022-1-20 16:1:47,847,602
facebook.com,Facebook,social,2022-1-27 5:51:6,848,603
coinbase.com,crypto,crypto,2022-2-21 13:24:15,849,604
github.com,GitHub,code,2022-3-24 18:55:17,850,604
facebook.com,Facebook,social,2022-1-1 22:59:54,851,604
github.com,GitHub,code,2022-2-23 10:44:2,852,604
facebook.com,Facebook,social,2022-2-6 14:49:10,853,605
stackoverflow.com,StackOverflow,code,2022-1-24 14:22:43,854,605
fiver.com,Fiver,hire,2022-2-22 23:42:41,855,605
monday.com,Monday,pm,2022-3-19 13:37:9,856,607
cyberforumleaks.com,CyberforumLeaks,breach,2022-3-2 16:43:54,857,608
monday.com,Monday,pm,2022-1-19 18:6:58,858,609
stackoverflow.com,StackOverflow,code,2022-3-4 17:53:40,859,610
slack.com,Slack,pm,2022-3-1 0:14:26,860,610
monday.com,Monday,pm,2022-2-20 15:36:47,861,610
slack.com,Slack,pm,2022-3-6 6:59:3,862,610
stackoverflow.com,StackOverflow,code,2022-1-17 21:16:14,863,610
stackoverflow.com,StackOverflow,code,2022-3-4 5:51:47,864,610
stackoverflow.com,StackOverflow,code,2022-3-13 5:18:17,865,610
monday.com,Monday,pm,2022-3-4 23:42:27,866,611
stackoverflow.com,StackOverflow,code,2022-2-4 20:47:49,867,612
facebook.com,Facebook,social,2022-2-5 2:56:11,868,612
slack.com,Slack,pm,2022-2-11 1:57:50,869,613
cyberforumleaks.com,CyberforumLeaks,breach,2022-2-14 4:19:9,870,614
slack.com,Slack,pm,2022-2-9 12:45:47,871,616
stackoverflow.com,StackOverflow,code,2022-1-22 14:11:26,872,617
cyberforumleaks.com,CyberforumLeaks,breach,2022-1-20 1:57:34,873,618
fiver.com,Fiver,hire,2022-1-28 18:18:4,874,619
facebook.com,Facebook,social,2022-2-27 6:39:12,875,619
coinbase.com,crypto,crypto,2022-3-14 18:36:9,876,620
fiver.com,Fiver,hire,2022-2-10 3:1:26,877,620
slack.com,Slack,pm,2022-1-25 4:10:44,878,620
stackoverflow.com,StackOverflow,code,2022-1-16 6:3:33,879,620
stackoverflow.com,StackOverflow,code,2022-2-18 9:31:11,880,620
slack.com,Slack,pm,2022-3-28 17:20:48,881,621
monday.com,Monday,pm,2022-1-26 5:27:1,882,622
coinbase.com,crypto,crypto,2022-1-14 6:54:33,883,622
coinbase.com,crypto,crypto,2022-2-9 21:51:48,884,622
cyberforumleaks.com,CyberforumLeaks,breach,2022-1-16 18:0:22,885,623
slack.com,Slack,pm,2022-2-12 4:3:34,886,624
cyberforumleaks.com,CyberforumLeaks,breach,2022-1-6 4:58:18,887,624
facebook.com,Facebook,social,2022-2-5 14:22:46,888,624
monday.com,Monday,pm,2022-2-10 9:4:45,889,625
monday.com,Monday,pm,2022-1-12 8:43:35,890,626
slack.com,Slack,pm,2022-1-26 3:4:46,891,627
facebook.com,Facebook,social,2022-3-16 12:39:38,892,627
coinbase.com,crypto,crypto,2022-1-2 15:45:15,893,628
slack.com,Slack,pm,2022-1-8 4:16:38,894,630
coinbase.com,crypto,crypto,2022-1-10 15:20:40,895,630
facebook.com,Facebook,social,2022-1-5 20:18:41,896,632
stackoverflow.com,StackOverflow,code,2022-2-2 8:24:23,897,632
stackoverflow.com,StackOverflow,code,2022-1-11 1:12:34,898,633
monday.com,Monday,pm,2022-1-24 4:46:12,899,633
fiver.com,Fiver,hire,2022-3-14 16:43:17,900,633
stackoverflow.com,StackOverflow,code,2022-1-22 11:46:53,901,635
fiver.com,Fiver,hire,2022-2-16 17:11:57,902,636
monday.com,Monday,pm,2022-3-22 7:26:25,903,636
monday.com,Monday,pm,2022-2-18 17:44:59,904,637
stackoverflow.com,StackOverflow,code,2022-1-18 20:11:7,905,637
cyberforumleaks.com,CyberforumLeaks,breach,2022-3-28 12:57:44,906,641
github.com,GitHub,code,2022-3-16 6:40:34,907,642
cyberforumleaks.com,CyberforumLeaks,breach,2022-1-16 2:38:37,908,645
stackoverflow.com,StackOverflow,code,2022-2-21 8:30:2,909,647
stackoverflow.com,StackOverflow,code,2022-2-4 12:3:18,910,648
cyberforumleaks.com,CyberforumLeaks,breach,2022-2-5 8:19:17,911,650
cyberforumleaks.com,CyberforumLeaks,breach,2022-2-25 3:17:39,912,650
github.com,GitHub,code,2022-2-17 21:39:56,913,650
cyberforumleaks.com,CyberforumLeaks,breach,2022-2-16 21:24:17,914,650
stackoverflow.com,StackOverflow,code,2022-2-27 8:52:47,915,651
cyberforumleaks.com,CyberforumLeaks,breach,2022-3-18 18:16:2,916,651
coinbase.com,crypto,crypto,2022-3-19 14:3:1,917,651
cyberforumleaks.com,CyberforumLeaks,breach,2022-3-22 14:55:2,918,652
stackoverflow.com,StackOverflow,code,2022-3-10 23:2:11,919,652
github.com,GitHub,code,2022-2-20 11:54:6,920,652
github.com,GitHub,code,2022-3-14 9:43:29,921,652
cyberforumleaks.com,CyberforumLeaks,breach,2022-1-28 1:41:22,922,652
coinbase.com,crypto,crypto,2022-2-20 5:44:10,923,652
fiver.com,Fiver,hire,2022-3-16 11:22:46,924,652
slack.com,Slack,pm,2022-2-2 5:0:22,925,652
github.com,GitHub,code,2022-1-15 12:1:50,926,652
cyberforumleaks.com,CyberforumLeaks,breach,2022-3-20 17:7:52,927,653
cyberforumleaks.com,CyberforumLeaks,breach,2022-2-26 0:59:59,928,654
facebook.com,Facebook,social,2022-1-18 14:29:22,929,654
monday.com,Monday,pm,2022-2-8 13:0:34,930,654
github.com,GitHub,code,2022-2-26 13:33:4,931,654
cyberforumleaks.com,CyberforumLeaks,breach,2022-2-20 22:56:8,932,655
monday.com,Monday,pm,2022-2-9 22:6:23,933,656
coinbase.com,crypto,crypto,2022-3-12 1:1:9,934,656
github.com,GitHub,code,2022-1-11 17:47:30,935,657
facebook.com,Facebook,social,2022-2-20 12:49:55,936,658
stackoverflow.com,StackOverflow,code,2022-1-27 21:29:59,937,658
github.com,GitHub,code,2022-1-20 16:3:40,938,660
coinbase.com,crypto,crypto,2022-3-4 15:29:59,939,660
facebook.com,Facebook,social,2022-1-4 13:33:24,940,660
facebook.com,Facebook,social,2022-1-9 6:14:13,941,662
github.com,GitHub,code,2022-2-10 0:56:51,942,662
fiver.com,Fiver,hire,2022-3-10 21:28:33,943,662
github.com,GitHub,code,2022-2-27 18:9:52,944,662
monday.com,Monday,pm,2022-2-25 2:42:49,945,662
github.com,GitHub,code,2022-2-11 2:25:9,946,662
cyberforumleaks.com,CyberforumLeaks,breach,2022-3-18 14:16:8,947,662
stackoverflow.com,StackOverflow,code,2022-1-14 7:14:32,948,662
monday.com,Monday,pm,2022-1-18 8:14:35,949,665
cyberforumleaks.com,CyberforumLeaks,breach,2022-3-20 18:21:24,950,665
fiver.com,Fiver,hire,2022-1-22 7:55:3,951,666
facebook.com,Facebook,social,2022-3-17 15:44:42,952,666
stackoverflow.com,StackOverflow,code,2022-3-1 19:24:1,953,666
slack.com,Slack,pm,2022-3-19 1:24:58,954,667
github.com,GitHub,code,2022-2-8 16:24:5,955,667
facebook.com,Facebook,social,2022-1-17 17:35:41,956,667
stackoverflow.com,StackOverflow,code,2022-3-25 23:38:28,957,668
coinbase.com,crypto,crypto,2022-2-2 15:13:32,958,670
fiver.com,Fiver,hire,2022-2-20 12:25:39,959,671
fiver.com,Fiver,hire,2022-2-18 14:45:51,960,671
slack.com,Slack,pm,2022-2-19 4:3:27,961,671
github.com,GitHub,code,2022-1-11 1:55:59,962,672
stackoverflow.com,StackOverflow,code,2022-3-8 16:33:34,963,674
coinbase.com,crypto,crypto,2022-2-21 21:55:11,964,675
slack.com,Slack,pm,2022-3-23 3:54:52,965,677
cyberforumleaks.com,CyberforumLeaks,breach,2022-1-7 22:21:2,966,677
stackoverflow.com,StackOverflow,code,2022-1-19 15:57:7,967,677
slack.com,Slack,pm,2022-1-3 2:42:59,968,678
stackoverflow.com,StackOverflow,code,2022-1-8 11:5:51,969,678
github.com,GitHub,code,2022-2-16 23:40:3,970,679
github.com,GitHub,code,2022-2-24 2:7:5,971,679
stackoverflow.com,StackOverflow,code,2022-3-2 18:11:13,972,680
stackoverflow.com,StackOverflow,code,2022-1-25 10:51:32,973,680
facebook.com,Facebook,social,2022-3-1 17:37:47,974,680
fiver.com,Fiver,hire,2022-3-24 22:29:10,975,682
slack.com,Slack,pm,2022-2-12 3:11:58,976,685
facebook.com,Facebook,social,2022-3-10 21:5:13,977,686
cyberforumleaks.com,CyberforumLeaks,breach,2022-3-7 21:35:14,978,688
cyberforumleaks.com,CyberforumLeaks,breach,2022-3-18 10:43:11,979,689
cyberforumleaks.com,CyberforumLeaks,breach,2022-1-3 0:4:25,980,689
cyberforumleaks.com,CyberforumLeaks,breach,2022-2-16 15:27:19,981,689
slack.com,Slack,pm,2022-1-21 17:29:27,982,689
monday.com,Monday,pm,2022-3-2 19:26:41,983,689
coinbase.com,crypto,crypto,2022-3-5 20:58:3,984,689
coinbase.com,crypto,crypto,2022-3-15 23:43:27,985,689
fiver.com,Fiver,hire,2022-1-14 15:3:6,986,689
stackoverflow.com,StackOverflow,code,2022-2-23 2:6:37,987,689
slack.com,Slack,pm,2022-3-14 3:5:0,988,689
monday.com,Monday,pm,2022-1-12 10:57:59,989,690
monday.com,Monday,pm,2022-3-23 8:38:41,990,690
coinbase.com,crypto,crypto,2022-1-27 18:59:57,991,690
fiver.com,Fiver,hire,2022-2-13 14:35:19,992,690
cyberforumleaks.com,CyberforumLeaks,breach,2022-2-18 11:15:56,993,692
stackoverflow.com,StackOverflow,code,2022-1-27 4:24:27,994,693
monday.com,Monday,pm,2022-2-23 1:17:24,995,693
cyberforumleaks.com,CyberforumLeaks,breach,2022-2-2 23:9:9,996,696
monday.com,Monday,pm,2022-2-4 2:51:58,997,698
github.com,GitHub,code,2022-2-9 9:3:28,998,698
github.com,GitHub,code,2022-1-27 9:52:47,999,698
monday.com,Monday,pm,2022-3-22 6:50:45,1000,701
slack.com,Slack,pm,2022-3-12 4:38:44,1001,702
fiver.com,Fiver,hire,2022-3-28 8:51:49,1002,702
cyberforumleaks.com,CyberforumLeaks,breach,2022-1-19 6:55:5,1003,703
fiver.com,Fiver,hire,2022-1-10 13:41:23,1004,703
coinbase.com,crypto,crypto,2022-2-20 23:15:44,1005,704
facebook.com,Facebook,social,2022-2-24 16:24:4,1006,705
monday.com,Monday,pm,2022-2-5 14:26:38,1007,705
slack.com,Slack,pm,2022-1-11 15:24:58,1008,707
github.com,GitHub,code,2022-2-20 16:2:49,1009,709
slack.com,Slack,pm,2022-1-10 16:30:49,1010,710
monday.com,Monday,pm,2022-1-1 7:17:21,1011,712
coinbase.com,crypto,crypto,2022-2-4 18:0:18,1012,712
monday.com,Monday,pm,2022-1-16 14:44:29,1013,712
cyberforumleaks.com,CyberforumLeaks,breach,2022-1-24 22:11:58,1014,712
cyberforumleaks.com,CyberforumLeaks,breach,2022-1-20 5:27:26,1015,712
monday.com,Monday,pm,2022-2-11 19:29:46,1016,712
monday.com,Monday,pm,2022-1-23 4:24:42,1017,713
fiver.com,Fiver,hire,2022-1-15 8:58:1,1018,714
fiver.com,Fiver,hire,2022-2-14 3:34:4,1019,715
github.com,GitHub,code,2022-2-3 5:55:44,1020,716
monday.com,Monday,pm,2022-3-8 19:14:4,1021,716
fiver.com,Fiver,hire,2022-2-5 14:29:5,1022,716
coinbase.com,crypto,crypto,2022-1-22 3:34:35,1023,717
facebook.com,Facebook,social,2022-1-21 22:17:52,1024,717
cyberforumleaks.com,CyberforumLeaks,breach,2022-2-22 9:57:20,1025,718
stackoverflow.com,StackOverflow,code,2022-2-14 0:44:41,1026,718
fiver.com,Fiver,hire,2022-3-6 23:2:21,1027,718
facebook.com,Facebook,social,2022-2-7 21:48:12,1028,718
stackoverflow.com,StackOverflow,code,2022-1-12 3:7:7,1029,719
slack.com,Slack,pm,2022-3-17 8:17:24,1030,719
github.com,GitHub,code,2022-2-28 23:55:54,1031,720
github.com,GitHub,code,2022-2-23 10:2:0,1032,720
slack.com,Slack,pm,2022-2-28 12:26:25,1033,720
github.com,GitHub,code,2022-1-8 20:41:5,1034,722
cyberforumleaks.com,CyberforumLeaks,breach,2022-3-5 20:55:4,1035,723
fiver.com,Fiver,hire,2022-1-12 8:33:7,1036,723
monday.com,Monday,pm,2022-2-19 18:55:52,1037,723
monday.com,Monday,pm,2022-2-7 3:8:29,1038,723
coinbase.com,crypto,crypto,2022-2-11 11:48:23,1039,724
facebook.com,Facebook,social,2022-3-13 23:13:52,1040,725
stackoverflow.com,StackOverflow,code,2022-1-27 4:8:39,1041,726
stackoverflow.com,StackOverflow,code,2022-3-15 0:51:6,1042,727
cyberforumleaks.com,CyberforumLeaks,breach,2022-3-4 7:29:16,1043,727
coinbase.com,crypto,crypto,2022-2-6 22:15:45,1044,728
facebook.com,Facebook,social,2022-2-23 1:40:49,1045,729
github.com,GitHub,code,2022-1-15 5:10:32,1046,731
cyberforumleaks.com,CyberforumLeaks,breach,2022-3-15 8:19:2,1047,731
coinbase.com,crypto,crypto,2022-1-25 14:35:45,1048,731
fiver.com,Fiver,hire,2022-2-25 18:46:0,1049,731
stackoverflow.com,StackOverflow,code,2022-1-11 8:23:34,1050,731
cyberforumleaks.com,CyberforumLeaks,breach,2022-1-12 6:24:38,1051,731
facebook.com,Facebook,social,2022-1-28 10:44:43,1052,732
cyberforumleaks.com,CyberforumLeaks,breach,2022-2-21 5:50:24,1053,732
coinbase.com,crypto,crypto,2022-1-12 11:12:57,1054,734
monday.com,Monday,pm,2022-1-7 22:31:2,1055,735
slack.com,Slack,pm,2022-2-9 8:43:57,1056,735
cyberforumleaks.com,CyberforumLeaks,breach,2022-1-25 2:47:21,1057,735
stackoverflow.com,StackOverflow,code,2022-3-3 1:18:31,1058,736
facebook.com,Facebook,social,2022-3-6 17:19:30,1059,736
coinbase.com,crypto,crypto,2022-2-24 7:17:8,1060,737
stackoverflow.com,StackOverflow,code,2022-1-21 15:8:14,1061,738
monday.com,Monday,pm,2022-1-13 10:23:26,1062,739
cyberforumleaks.com,CyberforumLeaks,breach,2022-1-7 8:52:45,1063,739
fiver.com,Fiver,hire,2022-3-21 23:1:24,1064,739
fiver.com,Fiver,hire,2022-2-21 9:59:31,1065,739
coinbase.com,crypto,crypto,2022-2-18 1:47:8,1066,740
github.com,GitHub,code,2022-2-7 9:47:43,1067,740
github.com,GitHub,code,2022-3-25 7:19:17,1068,741
coinbase.com,crypto,crypto,2022-1-23 13:37:51,1069,741
facebook.com,Facebook,social,2022-2-11 6:4:47,1070,743
facebook.com,Facebook,social,2022-2-2 21:21:5,1071,743
cyberforumleaks.com,CyberforumLeaks,breach,2022-2-13 9:2:11,1072,743
github.com,GitHub,code,2022-2-21 20:11:2,1073,744
facebook.com,Facebook,social,2022-1-24 1:21:42,1074,744
facebook.com,Facebook,social,2022-2-27 14:34:23,1075,744
slack.com,Slack,pm,2022-1-16 15:44:13,1076,745
facebook.com,Facebook,social,2022-1-16 22:44:37,1077,745
slack.com,Slack,pm,2022-2-17 9:58:19,1078,745
stackoverflow.com,StackOverflow,code,2022-3-9 8:25:54,1079,745
monday.com,Monday,pm,2022-2-23 17:53:51,1080,745
facebook.com,Facebook,social,2022-1-4 17:24:46,1081,745
cyberforumleaks.com,CyberforumLeaks,breach,2022-2-17 19:46:15,1082,745
cyberforumleaks.com,CyberforumLeaks,breach,2022-3-14 17:17:7,1083,745
slack.com,Slack,pm,2022-3-4 13:25:49,1084,745
slack.com,Slack,pm,2022-2-13 11:0:41,1085,745
stackoverflow.com,StackOverflow,code,2022-1-25 15:26:40,1086,747
facebook.com,Facebook,social,2022-3-26 22:14:52,1087,747
cyberforumleaks.com,CyberforumLeaks,breach,2022-3-20 18:11:20,1088,748
monday.com,Monday,pm,2022-2-17 10:3:50,1089,749
monday.com,Monday,pm,2022-2-25 1:0:10,1090,751
facebook.com,Facebook,social,2022-2-26 19:28:46,1091,752
slack.com,Slack,pm,2022-3-14 2:33:34,1092,752
github.com,GitHub,code,2022-3-17 22:53:12,1093,752
github.com,GitHub,code,2022-1-26 7:30:8,1094,752
facebook.com,Facebook,social,2022-2-6 7:9:51,1095,752
facebook.com,Facebook,social,2022-1-16 7:19:26,1096,752
monday.com,Monday,pm,2022-3-22 4:25:30,1097,753
cyberforumleaks.com,CyberforumLeaks,breach,2022-2-2 6:36:15,1098,754
github.com,GitHub,code,2022-1-16 5:5:14,1099,754
fiver.com,Fiver,hire,2022-2-26 11:14:21,1100,755
fiver.com,Fiver,hire,2022-2-3 9:36:34,1101,756
slack.com,Slack,pm,2022-2-12 20:22:49,1102,757
monday.com,Monday,pm,2022-2-23 7:24:45,1103,758
cyberforumleaks.com,CyberforumLeaks,breach,2022-2-3 20:52:15,1104,758
stackoverflow.com,StackOverflow,code,2022-1-11 19:14:32,1105,759
coinbase.com,crypto,crypto,2022-1-27 11:11:43,1106,760
github.com,GitHub,code,2022-2-2 15:42:51,1107,760
coinbase.com,crypto,crypto,2022-2-17 20:56:31,1108,761
facebook.com,Facebook,social,2022-3-18 9:3:42,1109,761
stackoverflow.com,StackOverflow,code,2022-1-17 7:32:22,1110,762
cyberforumleaks.com,CyberforumLeaks,breach,2022-2-3 12:11:29,1111,763
cyberforumleaks.com,CyberforumLeaks,breach,2022-2-3 19:11:1,1112,763
fiver.com,Fiver,hire,2022-2-19 19:40:17,1113,763
monday.com,Monday,pm,2022-2-28 0:15:25,1114,763
github.com,GitHub,code,2022-1-14 1:29:47,1115,763
fiver.com,Fiver,hire,2022-1-17 1:15:11,1116,763
coinbase.com,crypto,crypto,2022-2-8 7:0:33,1117,763
coinbase.com,crypto,crypto,2022-1-19 8:1:15,1118,765
cyberforumleaks.com,CyberforumLeaks,breach,2022-1-4 17:30:38,1119,766
stackoverflow.com,StackOverflow,code,2022-3-8 8:56:55,1120,767
stackoverflow.com,StackOverflow,code,2022-2-4 23:28:7,1121,767
stackoverflow.com,StackOverflow,code,2022-1-9 13:25:20,1122,767
facebook.com,Facebook,social,2022-3-12 23:11:55,1123,768
cyberforumleaks.com,CyberforumLeaks,breach,2022-2-11 16:36:29,1124,769
github.com,GitHub,code,2022-1-3 21:4:6,1125,769
fiver.com,Fiver,hire,2022-3-20 0:31:43,1126,769
monday.com,Monday,pm,2022-2-16 6:7:45,1127,769
slack.com,Slack,pm,2022-1-11 17:58:15,1128,770
monday.com,Monday,pm,2022-2-15 9:23:14,1129,772
slack.com,Slack,pm,2022-3-20 23:1:59,1130,772
fiver.com,Fiver,hire,2022-1-25 7:59:43,1131,773
monday.com,Monday,pm,2022-2-19 10:38:47,1132,774
monday.com,Monday,pm,2022-2-24 8:45:2,1133,774
coinbase.com,crypto,crypto,2022-1-26 11:36:51,1134,774
monday.com,Monday,pm,2022-3-15 18:37:42,1135,775
stackoverflow.com,StackOverflow,code,2022-3-23 22:22:37,1136,775
facebook.com,Facebook,social,2022-3-9 6:0:35,1137,776
cyberforumleaks.com,CyberforumLeaks,breach,2022-3-28 13:23:53,1138,777
fiver.com,Fiver,hire,2022-1-28 6:4:46,1139,777
cyberforumleaks.com,CyberforumLeaks,breach,2022-1-23 7:14:50,1140,778
cyberforumleaks.com,CyberforumLeaks,breach,2022-2-3 4:53:57,1141,779
monday.com,Monday,pm,2022-2-8 4:24:6,1142,780
slack.com,Slack,pm,2022-2-22 18:59:42,1143,781
fiver.com,Fiver,hire,2022-2-8 22:27:3,1144,781
cyberforumleaks.com,CyberforumLeaks,breach,2022-1-20 3:19:51,1145,782
coinbase.com,crypto,crypto,2022-3-8 0:47:49,1146,782
slack.com,Slack,pm,2022-3-22 10:4:55,1147,782
fiver.com,Fiver,hire,2022-2-7 15:15:17,1148,782
monday.com,Monday,pm,2022-1-23 22:4:59,1149,782
stackoverflow.com,StackOverflow,code,2022-3-24 4:4:1,1150,783
facebook.com,Facebook,social,2022-3-13 9:8:28,1151,784
github.com,GitHub,code,2022-3-27 17:23:53,1152,785
fiver.com,Fiver,hire,2022-2-16 21:2:25,1153,786
stackoverflow.com,StackOverflow,code,2022-2-18 8:59:16,1154,787
cyberforumleaks.com,CyberforumLeaks,breach,2022-2-14 2:24:48,1155,787
fiver.com,Fiver,hire,2022-2-19 13:52:3,1156,787
slack.com,Slack,pm,2022-2-22 16:44:24,1157,788
monday.com,Monday,pm,2022-3-18 17:59:32,1158,788
stackoverflow.com,StackOverflow,code,2022-2-20 2:28:50,1159,789
github.com,GitHub,code,2022-2-11 18:32:4,1160,790
github.com,GitHub,code,2022-1-25 14:32:15,1161,790
facebook.com,Facebook,social,2022-1-15 16:28:44,1162,792
slack.com,Slack,pm,2022-1-6 9:59:42,1163,793
coinbase.com,crypto,crypto,2022-3-24 16:4:44,1164,794
slack.com,Slack,pm,2022-1-21 10:0:16,1165,794
stackoverflow.com,StackOverflow,code,2022-2-21 19:53:54,1166,794
monday.com,Monday,pm,2022-3-16 5:8:50,1167,795
facebook.com,Facebook,social,2022-1-5 3:8:51,1168,795
facebook.com,Facebook,social,2022-1-15 1:43:38,1169,795
coinbase.com,crypto,crypto,2022-3-3 16:38:6,1170,795
facebook.com,Facebook,social,2022-3-15 12:41:19,1171,795
slack.com,Slack,pm,2022-3-19 20:0:54,1172,798
slack.com,Slack,pm,2022-1-4 15:38:12,1173,800
github.com,GitHub,code,2022-3-18 3:52:17,1174,800
monday.com,Monday,pm,2022-1-27 2:52:52,1175,801
facebook.com,Facebook,social,2022-2-3 13:9:27,1176,802
slack.com,Slack,pm,2022-1-18 8:10:26,1177,803
cyberforumleaks.com,CyberforumLeaks,breach,2022-1-22 12:26:8,1178,804
monday.com,Monday,pm,2022-2-20 0:7:26,1179,804
stackoverflow.com,StackOverflow,code,2022-2-17 9:15:55,1180,804
monday.com,Monday,pm,2022-1-4 20:8:37,1181,806
github.com,GitHub,code,2022-1-12 8:6:23,1182,807
cyberforumleaks.com,CyberforumLeaks,breach,2022-2-26 13:6:56,1183,808
monday.com,Monday,pm,2022-3-28 18:2:27,1184,808
github.com,GitHub,code,2022-3-18 6:40:31,1185,810
monday.com,Monday,pm,2022-2-26 4:41:47,1186,813
slack.com,Slack,pm,2022-1-10 11:25:17,1187,813
facebook.com,Facebook,social,2022-3-11 20:17:31,1188,815
coinbase.com,crypto,crypto,2022-2-24 3:40:1,1189,817
slack.com,Slack,pm,2022-1-5 12:59:9,1190,817
coinbase.com,crypto,crypto,2022-2-7 12:11:47,1191,817
slack.com,Slack,pm,2022-2-14 2:57:5,1192,819
coinbase.com,crypto,crypto,2022-2-11 22:38:2,1193,820
github.com,GitHub,code,2022-1-23 17:55:23,1194,820
slack.com,Slack,pm,2022-1-27 20:10:30,1195,820
stackoverflow.com,StackOverflow,code,2022-1-20 11:9:44,1196,821
coinbase.com,crypto,crypto,2022-3-15 19:49:44,1197,822
slack.com,Slack,pm,2022-3-28 18:54:49,1198,822
facebook.com,Facebook,social,2022-2-11 20:54:10,1199,822
facebook.com,Facebook,social,2022-2-26 0:31:57,1200,823
coinbase.com,crypto,crypto,2022-1-25 17:26:43,1201,823
monday.com,Monday,pm,2022-2-28 5:30:7,1202,823
facebook.com,Facebook,social,2022-1-27 17:32:51,1203,823
slack.com,Slack,pm,2022-3-20 1:46:36,1204,825
monday.com,Monday,pm,2022-3-17 3:26:36,1205,827
coinbase.com,crypto,crypto,2022-2-18 20:3:12,1206,828
monday.com,Monday,pm,2022-1-16 9:29:12,1207,830
stackoverflow.com,StackOverflow,code,2022-3-4 10:54:24,1208,830
cyberforumleaks.com,CyberforumLeaks,breach,2022-2-13 6:22:8,1209,830
monday.com,Monday,pm,2022-2-6 17:27:56,1210,830
slack.com,Slack,pm,2022-1-21 4:27:32,1211,831
coinbase.com,crypto,crypto,2022-3-21 22:28:18,1212,831
cyberforumleaks.com,CyberforumLeaks,breach,2022-1-12 17:39:22,1213,831
cyberforumleaks.com,CyberforumLeaks,breach,2022-1-7 11:3:31,1214,831
fiver.com,Fiver,hire,2022-1-6 21:47:18,1215,831
coinbase.com,crypto,crypto,2022-1-23 8:59:30,1216,831
slack.com,Slack,pm,2022-1-4 18:29:24,1217,831
github.com,GitHub,code,2022-1-8 7:27:48,1218,831
github.com,GitHub,code,2022-2-10 15:19:20,1219,831
fiver.com,Fiver,hire,2022-2-5 13:46:15,1220,831
fiver.com,Fiver,hire,2022-1-3 23:25:31,1221,832
fiver.com,Fiver,hire,2022-2-16 23:7:14,1222,833
fiver.com,Fiver,hire,2022-3-27 20:11:10,1223,834
monday.com,Monday,pm,2022-1-18 7:1:40,1224,835
slack.com,Slack,pm,2022-1-23 1:54:36,1225,836
cyberforumleaks.com,CyberforumLeaks,breach,2022-2-28 15:44:54,1226,837
cyberforumleaks.com,CyberforumLeaks,breach,2022-3-14 14:40:16,1227,837
fiver.com,Fiver,hire,2022-1-18 16:56:47,1228,838
stackoverflow.com,StackOverflow,code,2022-2-12 3:27:21,1229,841
monday.com,Monday,pm,2022-1-13 10:22:6,1230,841
cyberforumleaks.com,CyberforumLeaks,breach,2022-1-4 8:46:11,1231,841
coinbase.com,crypto,crypto,2022-3-8 12:24:18,1232,842
stackoverflow.com,StackOverflow,code,2022-2-13 6:48:24,1233,842
stackoverflow.com,StackOverflow,code,2022-1-25 21:45:12,1234,843
github.com,GitHub,code,2022-3-12 22:45:39,1235,843
fiver.com,Fiver,hire,2022-2-27 17:36:59,1236,844
facebook.com,Facebook,social,2022-1-15 9:49:48,1237,845
fiver.com,Fiver,hire,2022-2-9 16:26:47,1238,845
facebook.com,Facebook,social,2022-1-19 17:34:53,1239,845
stackoverflow.com,StackOverflow,code,2022-2-2 10:21:24,1240,846
fiver.com,Fiver,hire,2022-1-20 0:29:37,1241,847
coinbase.com,crypto,crypto,2022-2-1 5:43:25,1242,847
github.com,GitHub,code,2022-3-11 4:3:34,1243,848
facebook.com,Facebook,social,2022-2-10 23:6:10,1244,849
facebook.com,Facebook,social,2022-3-8 20:48:16,1245,849
facebook.com,Facebook,social,2022-1-21 10:9:7,1246,849
slack.com,Slack,pm,2022-3-17 21:17:42,1247,850
github.com,GitHub,code,2022-3-15 5:11:41,1248,850
github.com,GitHub,code,2022-1-8 10:32:38,1249,850
fiver.com,Fiver,hire,2022-3-23 13:23:55,1250,850
stackoverflow.com,StackOverflow,code,2022-1-9 14:2:24,1251,854
cyberforumleaks.com,CyberforumLeaks,breach,2022-3-25 19:40:1,1252,854
stackoverflow.com,StackOverflow,code,2022-2-15 19:34:45,1253,855
fiver.com,Fiver,hire,2022-3-4 17:43:50,1254,855
github.com,GitHub,code,2022-3-27 2:19:17,1255,856
stackoverflow.com,StackOverflow,code,2022-3-24 13:5:50,1256,857
stackoverflow.com,StackOverflow,code,2022-3-12 9:52:40,1257,858
stackoverflow.com,StackOverflow,code,2022-1-12 4:27:47,1258,858
coinbase.com,crypto,crypto,2022-2-6 7:34:31,1259,858
slack.com,Slack,pm,2022-1-15 18:27:48,1260,858
monday.com,Monday,pm,2022-3-9 0:50:2,1261,860
cyberforumleaks.com,CyberforumLeaks,breach,2022-1-9 12:4:18,1262,861
fiver.com,Fiver,hire,2022-3-1 15:57:1,1263,861
coinbase.com,crypto,crypto,2022-1-8 17:22:8,1264,861
cyberforumleaks.com,CyberforumLeaks,breach,2022-2-28 12:33:26,1265,862
monday.com,Monday,pm,2022-1-2 16:11:49,1266,862
facebook.com,Facebook,social,2022-3-3 10:32:0,1267,862
slack.com,Slack,pm,2022-1-10 5:9:32,1268,862
monday.com,Monday,pm,2022-1-2 1:28:54,1269,863
monday.com,Monday,pm,2022-2-20 20:50:3,1270,863
coinbase.com,crypto,crypto,2022-2-15 21:20:43,1271,863
slack.com,Slack,pm,2022-1-27 18:25:48,1272,865
cyberforumleaks.com,CyberforumLeaks,breach,2022-1-2 14:56:5,1273,866
stackoverflow.com,StackOverflow,code,2022-1-1 11:8:22,1274,867
github.com,GitHub,code,2022-3-12 6:32:46,1275,868
facebook.com,Facebook,social,2022-1-1 19:1:2,1276,869
github.com,GitHub,code,2022-2-19 14:9:54,1277,871
facebook.com,Facebook,social,2022-3-19 9:7:5,1278,871
stackoverflow.com,StackOverflow,code,2022-1-24 11:33:10,1279,871
slack.com,Slack,pm,2022-1-13 17:18:21,1280,872
facebook.com,Facebook,social,2022-1-26 22:10:30,1281,872
cyberforumleaks.com,CyberforumLeaks,breach,2022-2-15 6:31:35,1282,872
fiver.com,Fiver,hire,2022-2-11 22:52:34,1283,872
facebook.com,Facebook,social,2022-2-9 19:22:12,1284,872
monday.com,Monday,pm,2022-1-4 15:44:14,1285,872
fiver.com,Fiver,hire,2022-2-12 20:19:32,1286,872
fiver.com,Fiver,hire,2022-2-7 6:27:38,1287,873
monday.com,Monday,pm,2022-1-15 0:24:16,1288,873
facebook.com,Facebook,social,2022-2-23 17:10:6,1289,873
github.com,GitHub,code,2022-1-18 11:38:35,1290,874
github.com,GitHub,code,2022-1-28 10:32:24,1291,874
github.com,GitHub,code,2022-1-6 9:26:54,1292,875
coinbase.com,crypto,crypto,2022-2-13 14:11:18,1293,875
slack.com,Slack,pm,2022-2-21 0:22:25,1294,876
fiver.com,Fiver,hire,2022-2-13 7:23:30,1295,877
fiver.com,Fiver,hire,2022-2-5 17:56:1,1296,877
monday.com,Monday,pm,2022-1-11 23:46:13,1297,877
facebook.com,Facebook,social,2022-1-4 22:11:25,1298,878
slack.com,Slack,pm,2022-2-9 15:52:35,1299,878
stackoverflow.com,StackOverflow,code,2022-1-2 16:29:43,1300,878
stackoverflow.com,StackOverflow,code,2022-3-17 19:21:22,1301,878
coinbase.com,crypto,crypto,2022-2-2 0:51:36,1302,879
coinbase.com,crypto,crypto,2022-1-25 6:34:22,1303,879
fiver.com,Fiver,hire,2022-1-5 19:36:58,1304,880
github.com,GitHub,code,2022-2-25 6:56:52,1305,881
monday.com,Monday,pm,2022-3-3 9:42:25,1306,881
facebook.com,Facebook,social,2022-3-25 12:0:15,1307,882
fiver.com,Fiver,hire,2022-1-21 15:57:5,1308,883
slack.com,Slack,pm,2022-3-16 19:58:36,1309,884
facebook.com,Facebook,social,2022-3-10 4:32:53,1310,887
coinbase.com,crypto,crypto,2022-1-3 16:50:55,1311,888
cyberforumleaks.com,CyberforumLeaks,breach,2022-3-16 16:4:17,1312,888
slack.com,Slack,pm,2022-3-22 22:20:15,1313,888
coinbase.com,crypto,crypto,2022-1-7 20:33:12,1314,888
github.com,GitHub,code,2022-3-6 22:27:49,1315,888
slack.com,Slack,pm,2022-2-25 9:4:2,1316,890
coinbase.com,crypto,crypto,2022-3-10 14:35:8,1317,890
coinbase.com,crypto,crypto,2022-2-14 20:7:52,1318,890
stackoverflow.com,StackOverflow,code,2022-1-22 14:36:14,1319,890
stackoverflow.com,StackOverflow,code,2022-3-2 22:48:48,1320,890
github.com,GitHub,code,2022-1-27 3:35:37,1321,891
stackoverflow.com,StackOverflow,code,2022-1-23 11:6:31,1322,891
github.com,GitHub,code,2022-2-25 17:29:25,1323,893
